nom_table,TEC_COL,AMA_AGE_COD,AMA_NRS_TOP,AMA_AGE_LIB,CPT_COP_NUM
IR_AMA_V,0,1000,1,Nourrisson 0 mois,
IR_AMA_V,0,1001,1,Nourrisson 1 mois,
IR_AMA_V,0,1002,1,Nourrisson 2 mois,
IR_AMA_V,0,1003,1,Nourrisson 3 mois,
IR_AMA_V,0,1004,1,Nourrisson 4 mois,
IR_AMA_V,0,1005,1,Nourrisson 5 mois,
IR_AMA_V,0,1006,1,Nourrisson 6 mois,
IR_AMA_V,0,1007,1,Nourrisson 7 mois,
IR_AMA_V,0,1008,1,Nourrisson 8 mois,
IR_AMA_V,0,1009,1,Nourrisson 9 mois,
IR_AMA_V,0,1010,1,Nourrisson 10 mois,
IR_AMA_V,0,1011,1,Nourrisson 11 mois,
IR_AMA_V,0,1012,1,Nourrisson 12 mois,
IR_AMA_V,0,1013,1,Nourrisson 13 mois,
IR_AMA_V,0,1014,1,Nourrisson 14 mois,
IR_AMA_V,0,1015,1,Nourrisson 15 mois,
IR_AMA_V,0,1016,1,Nourrisson 16 mois,
IR_AMA_V,0,1017,1,Nourrisson 17 mois,
IR_AMA_V,0,1018,1,Nourrisson 18 mois,
IR_AMA_V,0,1019,1,Nourrisson 19 mois,
IR_AMA_V,0,1020,1,Nourrisson 20 mois,
IR_AMA_V,0,1021,1,Nourrisson 21 mois,
IR_AMA_V,0,1022,1,Nourrisson 22 mois,
IR_AMA_V,0,1023,1,Nourrisson 23 mois,
IR_AMA_V,0,2,0,2 ans,
IR_AMA_V,0,3,0,3 ans,
IR_AMA_V,0,4,0,4 ans,
IR_AMA_V,0,5,0,5 ans,
IR_AMA_V,0,6,0,6 ans,
IR_AMA_V,0,7,0,7 ans,
IR_AMA_V,0,8,0,8 ans,
IR_AMA_V,0,9,0,9 ans,
IR_AMA_V,0,10,0,10 ans,
IR_AMA_V,0,11,0,11 ans,
IR_AMA_V,0,12,0,12 ans,
IR_AMA_V,0,13,0,13 ans,
IR_AMA_V,0,14,0,14 ans,
IR_AMA_V,0,15,0,15 ans,
IR_AMA_V,0,16,0,16 ans,
IR_AMA_V,0,17,0,17 ans,
IR_AMA_V,0,18,0,18 ans,
IR_AMA_V,0,19,0,19 ans,
IR_AMA_V,0,20,0,20 ans,
IR_AMA_V,0,21,0,21 ans,
IR_AMA_V,0,22,0,22 ans,
IR_AMA_V,0,23,0,23 ans,
IR_AMA_V,0,24,0,24 ans,
IR_AMA_V,0,25,0,25 ans,
IR_AMA_V,0,26,0,26 ans,
IR_AMA_V,0,27,0,27 ans,
IR_AMA_V,0,28,0,28 ans,
IR_AMA_V,0,29,0,29 ans,
IR_AMA_V,0,30,0,30 ans,
IR_AMA_V,0,31,0,31 ans,
IR_AMA_V,0,32,0,32 ans,
IR_AMA_V,0,33,0,33 ans,
IR_AMA_V,0,34,0,34 ans,
IR_AMA_V,0,35,0,35 ans,
IR_AMA_V,0,36,0,36 ans,
IR_AMA_V,0,37,0,37 ans,
IR_AMA_V,0,38,0,38 ans,
IR_AMA_V,0,39,0,39 ans,
IR_AMA_V,0,40,0,40 ans,
IR_AMA_V,0,41,0,41 ans,
IR_AMA_V,0,42,0,42 ans,
IR_AMA_V,0,43,0,43 ans,
IR_AMA_V,0,44,0,44 ans,
IR_AMA_V,0,45,0,45 ans,
IR_AMA_V,0,46,0,46 ans,
IR_AMA_V,0,47,0,47 ans,
IR_AMA_V,0,48,0,48 ans,
IR_AMA_V,0,49,0,49 ans,
IR_AMA_V,0,50,0,50 ans,
IR_AMA_V,0,51,0,51 ans,
IR_AMA_V,0,52,0,52 ans,
IR_AMA_V,0,53,0,53 ans,
IR_AMA_V,0,54,0,54 ans,
IR_AMA_V,0,55,0,55 ans,
IR_AMA_V,0,56,0,56 ans,
IR_AMA_V,0,57,0,57 ans,
IR_AMA_V,0,58,0,58 ans,
IR_AMA_V,0,59,0,59 ans,
IR_AMA_V,0,60,0,60 ans,
IR_AMA_V,0,61,0,61 ans,
IR_AMA_V,0,62,0,62 ans,
IR_AMA_V,0,63,0,63 ans,
IR_AMA_V,0,64,0,64 ans,
IR_AMA_V,0,65,0,65 ans,
IR_AMA_V,0,66,0,66 ans,
IR_AMA_V,0,67,0,67 ans,
IR_AMA_V,0,68,0,68 ans,
IR_AMA_V,0,69,0,69 ans,
IR_AMA_V,0,70,0,70 ans,
IR_AMA_V,0,71,0,71 ans,
IR_AMA_V,0,72,0,72 ans,
IR_AMA_V,0,73,0,73 ans,
IR_AMA_V,0,74,0,74 ans,
IR_AMA_V,0,75,0,75 ans,
IR_AMA_V,0,76,0,76 ans,
IR_AMA_V,0,77,0,77 ans,
IR_AMA_V,0,78,0,78 ans,
IR_AMA_V,0,79,0,79 ans,
IR_AMA_V,0,80,0,80 ans,
IR_AMA_V,0,81,0,81 ans,
IR_AMA_V,0,82,0,82 ans,
IR_AMA_V,0,83,0,83 ans,
IR_AMA_V,0,84,0,84 ans,
IR_AMA_V,0,85,0,85 ans,
IR_AMA_V,0,86,0,86 ans,
IR_AMA_V,0,87,0,87 ans,
IR_AMA_V,0,88,0,88 ans,
IR_AMA_V,0,89,0,89 ans,
IR_AMA_V,0,90,0,90 ans,
IR_AMA_V,0,91,0,91 ans,
IR_AMA_V,0,92,0,92 ans,
IR_AMA_V,0,93,0,93 ans,
IR_AMA_V,0,94,0,94 ans,
IR_AMA_V,0,95,0,95 ans,
IR_AMA_V,0,96,0,96 ans,
IR_AMA_V,0,97,0,97 ans,
IR_AMA_V,0,98,0,98 ans,
IR_AMA_V,0,99,0,99 ans,
IR_AMA_V,0,100,0,100 ans,
IR_AMA_V,0,101,0,101 ans,
IR_AMA_V,0,102,0,102 ans,
IR_AMA_V,0,103,0,103 ans,
IR_AMA_V,0,104,0,104 ans,
IR_AMA_V,0,105,0,105 ans,
IR_AMA_V,0,106,0,106 ans,
IR_AMA_V,0,107,0,107 ans,
IR_AMA_V,0,108,0,108 ans,
IR_AMA_V,0,109,0,109 ans,
IR_AMA_V,0,110,0,110 ans,
IR_AMA_V,0,111,0,111 ans,
IR_AMA_V,0,112,0,112 ans,
IR_AMA_V,0,113,0,113 ans,
IR_AMA_V,0,114,0,114 ans,
IR_AMA_V,0,115,0,115 ans,
IR_AMA_V,0,116,0,116 ans,
IR_AMA_V,0,117,0,117 ans,
IR_AMA_V,0,118,0,118 ans,
IR_AMA_V,0,119,0,119 ans,
IR_AMA_V,0,120,0,120 ans,
IR_AMA_V,0,121,0,121 ans,
IR_AMA_V,0,122,0,122 ans,
IR_AMA_V,0,123,0,123 ans,
IR_AMA_V,0,124,0,124 ans,
IR_AMA_V,0,125,0,125 ans,
IR_AMA_V,0,126,0,126 ans,
IR_AMA_V,0,127,0,127 ans,
IR_AMA_V,0,128,0,128 ans,
IR_AMA_V,0,129,0,129 ans,
IR_AMA_V,0,130,0,130 ans,
IR_AMA_V,1,9999,1,Valeur inconnue,
IR_AMA_V,2,0,2,Par d�faut,
