nom_table,TEC_COL,AGE_PS5_COD,AGE_PS5_LIB,CPT_COP_NUM
IR_APS_V,0,0,MOINS D 1 AN,
IR_APS_V,0,1,1-4 ANS,
IR_APS_V,0,10,10 - 14 ANS,
IR_APS_V,0,15,15 - 19 ANS,
IR_APS_V,0,20,20 - 24 ANS,
IR_APS_V,0,25,25 - 29 ANS,
IR_APS_V,0,30,30 - 34 ANS,
IR_APS_V,0,35,35 - 39 ANS,
IR_APS_V,0,40,40 - 44 ANS,
IR_APS_V,0,45,45 - 49 ANS,
IR_APS_V,0,5,5 - 9 ANS,
IR_APS_V,0,50,50 - 54 ANS,
IR_APS_V,0,55,55 - 59 ANS,
IR_APS_V,0,60,60 - 64 ANS,
IR_APS_V,0,65,65 - 69 ANS,
IR_APS_V,0,70,70 - 74 ANS,
IR_APS_V,0,75,75 - 79 ANS,
IR_APS_V,0,80,80 - 84 ANS,
IR_APS_V,0,85,85 - 89 ANS,
IR_APS_V,0,90,90 - 94 ANS,
IR_APS_V,0,95,95-99 ANS,
IR_APS_V,1,99,INDETERMINEE,
IR_APS_V,0,CT,100 ET PLUS,
