nom_table,TEC_COL,ASU_NAT,ASU_NAT_CB2,ASU_NAT_LIB,ASU_GES_TYP,CPT_COP_NUM
IR_ASU_V,2,0,"",SANS OBJET,"",
IR_ASU_V,0,10,AS,MALADIE,M,
IR_ASU_V,0,11,C6,"""""MALADIE COURS NAVIGATION > 6 MOIS""""",M,
IR_ASU_V,0,12,CN,"""""MALADIE COURS NAVIGATION < 6 MOIS""""",M,
IR_ASU_V,0,22,SG,SOINS AUX INVALIDES DE GUERRE (CNMSS),M,
IR_ASU_V,0,30,MA,MATERNITE,M,
IR_ASU_V,0,40,AT,AT ET MP,A,
IR_ASU_V,0,50,DC,DECES,M,
IR_ASU_V,0,70,PS,PRESTATIONS SUPPLEMENTAIRES,SM,
IR_ASU_V,0,80,IN,INVALIDITE,M,
IR_ASU_V,0,90,PM,PREVENTION MALADIE,PM,
IR_ASU_V,1,99,"",VALEUR INCONNUE,"",
