nom_table,TEC_COL,DTE_ANN,CPT_COP_NUM
IR_ANN_V,0,0,
IR_ANN_V,1,1,
IR_ANN_V,0,1870,
IR_ANN_V,0,1871,
IR_ANN_V,0,1872,
IR_ANN_V,0,1873,
IR_ANN_V,0,1874,
IR_ANN_V,0,1875,
IR_ANN_V,0,1876,
IR_ANN_V,0,1877,
IR_ANN_V,0,1878,
IR_ANN_V,0,1879,
IR_ANN_V,0,1880,
IR_ANN_V,0,1881,
IR_ANN_V,0,1882,
IR_ANN_V,0,1883,
IR_ANN_V,0,1884,
IR_ANN_V,0,1885,
IR_ANN_V,0,1886,
IR_ANN_V,0,1887,
IR_ANN_V,0,1888,
IR_ANN_V,0,1889,
IR_ANN_V,0,1890,
IR_ANN_V,0,1891,
IR_ANN_V,0,1892,
IR_ANN_V,0,1893,
IR_ANN_V,0,1894,
IR_ANN_V,0,1895,
IR_ANN_V,0,1896,
IR_ANN_V,0,1897,
IR_ANN_V,0,1898,
IR_ANN_V,0,1899,
IR_ANN_V,0,1900,
IR_ANN_V,0,1901,
IR_ANN_V,0,1902,
IR_ANN_V,0,1903,
IR_ANN_V,0,1904,
IR_ANN_V,0,1905,
IR_ANN_V,0,1906,
IR_ANN_V,0,1907,
IR_ANN_V,0,1908,
IR_ANN_V,0,1909,
IR_ANN_V,0,1910,
IR_ANN_V,0,1911,
IR_ANN_V,0,1912,
IR_ANN_V,0,1913,
IR_ANN_V,0,1914,
IR_ANN_V,0,1915,
IR_ANN_V,0,1916,
IR_ANN_V,0,1917,
IR_ANN_V,0,1918,
IR_ANN_V,0,1919,
IR_ANN_V,0,1920,
IR_ANN_V,0,1921,
IR_ANN_V,0,1922,
IR_ANN_V,0,1923,
IR_ANN_V,0,1924,
IR_ANN_V,0,1925,
IR_ANN_V,0,1926,
IR_ANN_V,0,1927,
IR_ANN_V,0,1928,
IR_ANN_V,0,1929,
IR_ANN_V,0,1930,
IR_ANN_V,0,1931,
IR_ANN_V,0,1932,
IR_ANN_V,0,1933,
IR_ANN_V,0,1934,
IR_ANN_V,0,1935,
IR_ANN_V,0,1936,
IR_ANN_V,0,1937,
IR_ANN_V,0,1938,
IR_ANN_V,0,1939,
IR_ANN_V,0,1940,
IR_ANN_V,0,1941,
IR_ANN_V,0,1942,
IR_ANN_V,0,1943,
IR_ANN_V,0,1944,
IR_ANN_V,0,1945,
IR_ANN_V,0,1946,
IR_ANN_V,0,1947,
IR_ANN_V,0,1948,
IR_ANN_V,0,1949,
IR_ANN_V,0,1950,
IR_ANN_V,0,1951,
IR_ANN_V,0,1952,
IR_ANN_V,0,1953,
IR_ANN_V,0,1954,
IR_ANN_V,0,1955,
IR_ANN_V,0,1956,
IR_ANN_V,0,1957,
IR_ANN_V,0,1958,
IR_ANN_V,0,1959,
IR_ANN_V,0,1960,
IR_ANN_V,0,1961,
IR_ANN_V,0,1962,
IR_ANN_V,0,1963,
IR_ANN_V,0,1964,
IR_ANN_V,0,1965,
IR_ANN_V,0,1966,
IR_ANN_V,0,1967,
IR_ANN_V,0,1968,
IR_ANN_V,0,1969,
IR_ANN_V,0,1970,
IR_ANN_V,0,1971,
IR_ANN_V,0,1972,
IR_ANN_V,0,1973,
IR_ANN_V,0,1974,
IR_ANN_V,0,1975,
IR_ANN_V,0,1976,
IR_ANN_V,0,1977,
IR_ANN_V,0,1978,
IR_ANN_V,0,1979,
IR_ANN_V,0,1980,
IR_ANN_V,0,1981,
IR_ANN_V,0,1982,
IR_ANN_V,0,1983,
IR_ANN_V,0,1984,
IR_ANN_V,0,1985,
IR_ANN_V,0,1986,
IR_ANN_V,0,1987,
IR_ANN_V,0,1988,
IR_ANN_V,0,1989,
IR_ANN_V,0,1990,
IR_ANN_V,0,1991,
IR_ANN_V,0,1992,
IR_ANN_V,0,1993,
IR_ANN_V,0,1994,
IR_ANN_V,0,1995,
IR_ANN_V,0,1996,
IR_ANN_V,0,1997,
IR_ANN_V,0,1998,
IR_ANN_V,0,1999,
IR_ANN_V,0,2000,
IR_ANN_V,0,2001,
IR_ANN_V,0,2002,
IR_ANN_V,0,2003,
IR_ANN_V,0,2004,
IR_ANN_V,0,2005,
IR_ANN_V,0,2006,
IR_ANN_V,0,2007,
IR_ANN_V,0,2008,
IR_ANN_V,0,2009,
IR_ANN_V,0,2010,
IR_ANN_V,0,2011,
IR_ANN_V,0,2012,
IR_ANN_V,0,2013,
IR_ANN_V,0,2014,
IR_ANN_V,0,2015,
IR_ANN_V,0,2016,
IR_ANN_V,0,2017,
IR_ANN_V,0,2018,
