nom_table,TEC_COL,AGE_SEP_COD,AGE_SEP_LIB,CPT_COP_NUM
IR_ASN_V,1,0,INCONNU,
IR_ASN_V,0,1,MOINS D 1 AN,
IR_ASN_V,0,4,DE 1 A 4 ANS,
IR_ASN_V,0,9,DE 5 A 9 ANS,
IR_ASN_V,0,10,DE 10 A 19 ANS,
IR_ASN_V,0,20,DE 20 A 29 ANS,
IR_ASN_V,0,30,DE 30 A 39 ANS,
IR_ASN_V,0,40,DE 40 A 49 ANS,
IR_ASN_V,0,50,DE 50 A 54 ANS,
IR_ASN_V,0,55,DE 55 A 59 ANS,
IR_ASN_V,0,60,DE 60 A 64 ANS,
IR_ASN_V,0,65,DE 65 A 69 ANS,
IR_ASN_V,0,70,DE 70 A 74 ANS,
IR_ASN_V,0,75,DE 75 A 79 ANS,
IR_ASN_V,0,80,80 ANS ET PLUS,
