nom_table,TEC_COL,ORG_ACO_COD,ORG_ACO_LIB,CPT_COP_NUM
IR_ACO_V,0,101070,POINTE-A-PITRE,
IR_ACO_V,0,102070,CAYENNE,
IR_ACO_V,0,103070,FORT-DE-FRANCE,
IR_ACO_V,0,104070,SAINT-DENIS,
IR_ACO_V,1,999999,VALEUR INCONNUE,
IR_ACO_V,2,0,SANS OBJET,
IR_ACO_V,0,77000,MOA A COMPLETER,
IR_ACO_V,0,92076,MOA A COMPLETER,
IR_ACO_V,0,98070,MOA A COMPLETER,
IR_ACO_V,0,1070,BOURG-EN-BRESSE,
IR_ACO_V,0,2070,LAON,
IR_ACO_V,0,2270,SAINT-QUENTIN,
IR_ACO_V,0,3070,MOULINS,
IR_ACO_V,0,4070,DIGNE,
IR_ACO_V,0,5070,GAP,
IR_ACO_V,0,6070,NICE,
IR_ACO_V,0,7070,PRIVAS,
IR_ACO_V,0,7071,ANNONAY,
IR_ACO_V,0,8070,CHARLEVILLE-MEZIERES,
IR_ACO_V,0,9070,FOIX,
IR_ACO_V,0,10070,TROYES,
IR_ACO_V,0,11070,CARCASSONNE,
IR_ACO_V,0,12070,RODEZ,
IR_ACO_V,0,13070,MARSEILLE,
IR_ACO_V,0,14070,CAEN,
IR_ACO_V,0,15070,AURILLAC,
IR_ACO_V,0,16070,ANGOULEME,
IR_ACO_V,0,17070,LA ROCHELLE,
IR_ACO_V,0,18070,BOURGES,
IR_ACO_V,0,19070,TULLE,
IR_ACO_V,0,20070,AJACCIO,
IR_ACO_V,0,20071,BASTIA,
IR_ACO_V,0,21070,DIJON,
IR_ACO_V,0,22070,SAINT-BRIEUC,
IR_ACO_V,0,23070,GUERET,
IR_ACO_V,0,24070,PERIGUEUX,
IR_ACO_V,0,25070,BESANCON,
IR_ACO_V,0,25170,MONTBELIARD,
IR_ACO_V,0,26070,VALENCE,
IR_ACO_V,0,27070,EVREUX,
IR_ACO_V,0,28070,CHARTRES,
IR_ACO_V,0,29070,BREST,
IR_ACO_V,0,29270,QUIMPER,
IR_ACO_V,0,30070,NIMES,
IR_ACO_V,0,31070,TOULOUSE,
IR_ACO_V,0,32070,AUCH,
IR_ACO_V,0,33070,BORDEAUX,
IR_ACO_V,0,34070,MONTPELLIER,
IR_ACO_V,0,34170,BEZIERS,
IR_ACO_V,0,35070,RENNES,
IR_ACO_V,0,36070,CHATEAUROUX,
IR_ACO_V,0,37070,TOURS,
IR_ACO_V,0,38070,GRENOBLE,
IR_ACO_V,0,38170,VIENNE,
IR_ACO_V,0,39070,LONS LE SAUNIER,
IR_ACO_V,0,40070,MONT DE MARSAN,
IR_ACO_V,0,41070,BLOIS,
IR_ACO_V,0,42070,SAINT-ETIENNE,
IR_ACO_V,0,42270,ROANNE,
IR_ACO_V,0,43070,LE PUY,
IR_ACO_V,0,44070,NANTES,
IR_ACO_V,0,44071,SAINT-NAZAIRE,
IR_ACO_V,0,45070,ORLEANS,
IR_ACO_V,0,46070,CAHORS,
IR_ACO_V,0,47070,AGEN,
IR_ACO_V,0,48070,MENDE,
IR_ACO_V,0,49070,ANGERS,
IR_ACO_V,0,49170,CHOLET,
IR_ACO_V,0,50070,SAINT-LO,
IR_ACO_V,0,51270,REIMS,
IR_ACO_V,0,52070,CHAUMONT,
IR_ACO_V,0,53070,LAVAL,
IR_ACO_V,0,54070,NANCY,
IR_ACO_V,0,106077,MAYOTTE,
IR_ACO_V,0,54071,LONGWY,
IR_ACO_V,0,55070,BAR LE DUC,
IR_ACO_V,0,56070,VANNES,
IR_ACO_V,0,57070,METZ,
IR_ACO_V,0,57071,SARREGUEMINES,
IR_ACO_V,0,57072,THIONVILLE,
IR_ACO_V,0,58070,NEVERS,
IR_ACO_V,0,59070,LILLE,
IR_ACO_V,0,59071,ARMENTIERES,
IR_ACO_V,0,59072,DUNKERQUE,
IR_ACO_V,0,59073,ROUBAIX,
IR_ACO_V,0,59074,TOURCOING,
IR_ACO_V,0,59370,DOUAI,
IR_ACO_V,0,59371,CAMBRAI,
IR_ACO_V,0,59570,VALENCIENNES,
IR_ACO_V,0,59571,MAUBEUGE,
IR_ACO_V,0,60070,BEAUVAIS,
IR_ACO_V,0,60270,CREIL,
IR_ACO_V,0,61070,ALENCON,
IR_ACO_V,0,62070,ARRAS,
IR_ACO_V,0,62071,LENS,
IR_ACO_V,0,62270,BOULOGNE S/MER,
IR_ACO_V,0,62271,CALAIS,
IR_ACO_V,0,63070,CLERMONT-FERRAND,
IR_ACO_V,0,64070,PAU,
IR_ACO_V,0,64170,BAYONNE,
IR_ACO_V,0,65070,TARBES,
IR_ACO_V,0,66070,PERPIGNAN,
IR_ACO_V,0,67070,STRASBOURG,
IR_ACO_V,0,67071,HAGUENAU,
IR_ACO_V,0,67072,SELESTAT,
IR_ACO_V,0,68070,COLMAR,
IR_ACO_V,0,68170,MULHOUSE,
IR_ACO_V,0,69070,LYON,
IR_ACO_V,0,69170,VILLEFRANCHE S/SAONE,
IR_ACO_V,0,70070,VESOUL,
IR_ACO_V,0,71070,MACON,
IR_ACO_V,0,72070,C.P.A.M. DU MANS,
IR_ACO_V,0,73070,CHAMBERY,
IR_ACO_V,0,74070,ANNECY,
IR_ACO_V,0,75072,PARIS,
IR_ACO_V,0,76070,ROUEN,
IR_ACO_V,0,76071,ELBEUF,
IR_ACO_V,0,76170,DIEPPE,
IR_ACO_V,0,76270,LE HAVRE,
IR_ACO_V,0,77070,MELUN,
IR_ACO_V,0,78070,VERSAILLES,
IR_ACO_V,0,79070,NIORT,
IR_ACO_V,0,80070,AMIENS,
IR_ACO_V,0,81070,ALBI,
IR_ACO_V,0,82070,MONTAUBAN,
IR_ACO_V,0,83070,TOULON,
IR_ACO_V,0,84070,AVIGNON,
IR_ACO_V,0,85070,LA ROCHE S/YON,
IR_ACO_V,0,86070,POITIERS,
IR_ACO_V,0,87070,LIMOGES,
IR_ACO_V,0,88070,EPINAL,
IR_ACO_V,0,89070,AUXERRE,
IR_ACO_V,0,90070,BELFORT,
IR_ACO_V,0,91070,EVRY,
IR_ACO_V,0,92070,NANTERRE,
IR_ACO_V,0,93070,BOBIGNY,
IR_ACO_V,0,94070,CRETEIL,
IR_ACO_V,0,95070,CERGY-PONTOISE,
