nom_table,TEC_COL,CPT_CMF_COD,CPT_CMH_COD,CPT_CMH_LIB,CPT_COP_NUM
IR_CMH_V,0,1,1A,Honoraires medicaux (secteur prive),
IR_CMH_V,0,1,1B,Honoraires dentaires (secteur prive),
IR_CMH_V,0,1,1C,Honoraires paramedicaux (secteur prive),
IR_CMH_V,0,1,1D,Honoraires du secteur public,
IR_CMH_V,0,1,1E,Medicaments & dispositifs medicaux,
IR_CMH_V,0,1,1F,Frais d'analyse et de biologie,
IR_CMH_V,0,1,1G,Frais de transport,
IR_CMH_V,0,1,1H,Prestations hospitalieres,
IR_CMH_V,0,1,1I,Autres prestations,
IR_CMH_V,0,2,2,Forfait journalier,
IR_CMH_V,0,3,3A,Soins dentaires et prothetiques,
IR_CMH_V,0,3,3B,Soins d'orthopedie dentofaciale,
IR_CMH_V,0,3,3C,Optique,
IR_CMH_V,0,3,3D,Audioprothese,
IR_CMH_V,0,3,3E,Autres soins,
IR_CMH_V,1,9,99,VALEUR INCONNUE,
