nom_table,TEC_COL,ETB_CAT_RG2,ETB_CAT_RG3,ETB_CR2_LIB,CPT_COP_NUM
IR_CE2_V,0,11,1,ETABLISSEMENTS HOSPITALIERS,
IR_CE2_V,0,12,1,AUTRES ETABLISSEMENTS RELEVANT DE LA LOI HOSPITALIERE,
IR_CE2_V,0,21,1,CABINETS LIBERAUX (SCANNER ET IRMN),
IR_CE2_V,0,22,1,AUTRES ETABLISSEMENTS DE SOINS ET DE PREVENTION,
IR_CE2_V,0,34,1,AUTRES ETABLISSEMENTS A CARACTERE SANITAIRE,
IR_CE2_V,0,41,2,ETABLISSEMENTS ET SERVICES POUR L ENFANCE ET LA JEUNESSE HANDICAPEE,
IR_CE2_V,0,43,2,ETABLISSEMENTS ET SERVICES POUR ADULTES HANDICAPES,
IR_CE2_V,0,44,2,ETABLISSEMENT POUR PERSONNES AGEES,
IR_CE2_V,0,45,2,ETABLISSEMENTS ET SERVICES SOCIAUX CONCOURANT A LA PROTECTION DE L ENFANCE,
IR_CE2_V,0,46,2,"AUTRES ETABLISSEMENTS D ACCUEIL,  HEBERGEMENT ET DE READAPTATION SOCIALE",
IR_CE2_V,1,99,9,VALEUR INCONNUE,
