nom_table,DPN_QLF,PFS_CAT_COD,CPT_COP_NUM
IR_CAE_DEP_C,0,0,
IR_CAE_DEP_C,0,1,
IR_CAE_DEP_C,0,2,
IR_CAE_DEP_C,0,3,
IR_CAE_DEP_C,0,4,
IR_CAE_DEP_C,0,5,
IR_CAE_DEP_C,0,6,
IR_CAE_DEP_C,0,7,
IR_CAE_DEP_C,0,8,
IR_CAE_DEP_C,0,9,
IR_CAE_DEP_C,11,0,
IR_CAE_DEP_C,11,1,
IR_CAE_DEP_C,11,4,
IR_CAE_DEP_C,12,1,
IR_CAE_DEP_C,12,3,
IR_CAE_DEP_C,12,4,
IR_CAE_DEP_C,12,5,
IR_CAE_DEP_C,12,6,
IR_CAE_DEP_C,12,7,
IR_CAE_DEP_C,12,8,
IR_CAE_DEP_C,12,9,
IR_CAE_DEP_C,13,5,
IR_CAE_DEP_C,13,6,
IR_CAE_DEP_C,14,1,
IR_CAE_DEP_C,14,4,
IR_CAE_DEP_C,15,8,
IR_CAE_DEP_C,20,0,
IR_CAE_DEP_C,20,1,
IR_CAE_DEP_C,20,2,
IR_CAE_DEP_C,20,3,
IR_CAE_DEP_C,20,4,
IR_CAE_DEP_C,20,5,
IR_CAE_DEP_C,20,6,
IR_CAE_DEP_C,20,7,
IR_CAE_DEP_C,20,8,
IR_CAE_DEP_C,20,9,
IR_CAE_DEP_C,30,0,
IR_CAE_DEP_C,30,1,
IR_CAE_DEP_C,30,2,
IR_CAE_DEP_C,30,3,
IR_CAE_DEP_C,30,4,
IR_CAE_DEP_C,30,5,
IR_CAE_DEP_C,30,6,
IR_CAE_DEP_C,30,7,
IR_CAE_DEP_C,30,8,
IR_CAE_DEP_C,30,9,
IR_CAE_DEP_C,35,0,
IR_CAE_DEP_C,35,1,
IR_CAE_DEP_C,35,2,
IR_CAE_DEP_C,35,3,
IR_CAE_DEP_C,35,4,
IR_CAE_DEP_C,35,5,
IR_CAE_DEP_C,35,6,
IR_CAE_DEP_C,35,7,
IR_CAE_DEP_C,35,8,
IR_CAE_DEP_C,35,9,
IR_CAE_DEP_C,40,0,
IR_CAE_DEP_C,40,1,
IR_CAE_DEP_C,40,3,
IR_CAE_DEP_C,40,4,
IR_CAE_DEP_C,40,5,
IR_CAE_DEP_C,40,6,
IR_CAE_DEP_C,40,7,
IR_CAE_DEP_C,40,8,
IR_CAE_DEP_C,40,9,
IR_CAE_DEP_C,50,0,
IR_CAE_DEP_C,50,1,
IR_CAE_DEP_C,50,2,
IR_CAE_DEP_C,50,3,
IR_CAE_DEP_C,50,4,
IR_CAE_DEP_C,50,5,
IR_CAE_DEP_C,50,6,
IR_CAE_DEP_C,50,7,
IR_CAE_DEP_C,50,8,
IR_CAE_DEP_C,50,9,
IR_CAE_DEP_C,61,0,
IR_CAE_DEP_C,61,1,
IR_CAE_DEP_C,62,0,
IR_CAE_DEP_C,62,1,
IR_CAE_DEP_C,63,0,
IR_CAE_DEP_C,63,1,
IR_CAE_DEP_C,63,2,
IR_CAE_DEP_C,64,0,
IR_CAE_DEP_C,64,1,
IR_CAE_DEP_C,65,1,
IR_CAE_DEP_C,66,0,
IR_CAE_DEP_C,66,1,
IR_CAE_DEP_C,66,4,
IR_CAE_DEP_C,66,6,
IR_CAE_DEP_C,66,7,
IR_CAE_DEP_C,66,8,
IR_CAE_DEP_C,66,9,
IR_CAE_DEP_C,71,0,
IR_CAE_DEP_C,72,0,
IR_CAE_DEP_C,99,0,
IR_CAE_DEP_C,99,1,
IR_CAE_DEP_C,99,2,
IR_CAE_DEP_C,99,3,
IR_CAE_DEP_C,99,4,
IR_CAE_DEP_C,99,5,
IR_CAE_DEP_C,99,6,
IR_CAE_DEP_C,99,7,
IR_CAE_DEP_C,99,8,
IR_CAE_DEP_C,99,9,
