nom_table,ETB_CAT_RG1,ETB_CAT_RG2,ETB_CR1_LIB,ETB_CAT_RG3,ETB_CR2_LIB,ETB_CR3_LIB,ETB_CAT_COD,ETB_CAT_LIB,CPT_COP_NUM
IR_CET_D,1104,11,AUTRES CENTRES HOSPITALIERS SPECIALISES,1,ETABLISSEMENTS HOSPITALIERS,ETABLISSEMENTS RELEVANT DE LA LOI HOSPITALIERE,103,CENTRE HOSPITALIER SPECIALISE AUTRE,
IR_CET_D,1102,11,CENTRES HOSPITALIERS,1,ETABLISSEMENTS HOSPITALIERS,ETABLISSEMENTS RELEVANT DE LA LOI HOSPITALIERE,104,HOPITAL,
IR_CET_D,1106,11,HOPITAUX LOCAUX,1,ETABLISSEMENTS HOSPITALIERS,ETABLISSEMENTS RELEVANT DE LA LOI HOSPITALIERE,105,HOPITAL RURAL,
IR_CET_D,1106,11,HOPITAUX LOCAUX,1,ETABLISSEMENTS HOSPITALIERS,ETABLISSEMENTS RELEVANT DE LA LOI HOSPITALIERE,106,HOPITAL LOCAL,
IR_CET_D,1107,11,"CENTRES DE MOYEN SEJOUR POUR CONVALESCENCE, CURE, READAPTATION OU TRAITEMENT DES MALADIES MENTALES",1,ETABLISSEMENTS HOSPITALIERS,ETABLISSEMENTS RELEVANT DE LA LOI HOSPITALIERE,108,ETABLISSEMENT DE CONVALESCENCE OU DE REPOS,
IR_CET_D,1107,11,"CENTRES DE MOYEN SEJOUR POUR CONVALESCENCE, CURE, READAPTATION OU TRAITEMENT DES MALADIES MENTALES",1,ETABLISSEMENTS HOSPITALIERS,ETABLISSEMENTS RELEVANT DE LA LOI HOSPITALIERE,109,ETABLISSEMENT DE SANTE PRIVE AUTORISE EN SSR,
IR_CET_D,1107,11,"CENTRES DE MOYEN SEJOUR POUR CONVALESCENCE, CURE, READAPTATION OU TRAITEMENT DES MALADIES MENTALES",1,ETABLISSEMENTS HOSPITALIERS,ETABLISSEMENTS RELEVANT DE LA LOI HOSPITALIERE,112,"CENTRE DE CONVALESCENCE, CURE ET READAPTATION",
IR_CET_D,1205,12,AUTRES ETABLISSEMENTS RELEVANT DE LA LOI HOSPITALIERE,1,AUTRES ETABLISSEMENTS RELEVANT DE LA LOI HOSPITALIERE,ETABLISSEMENTS RELEVANT DE LA LOI HOSPITALIERE,114,HOPITAL MILITAIRE,
IR_CET_D,1102,11,CENTRES HOSPITALIERS,1,ETABLISSEMENTS HOSPITALIERS,ETABLISSEMENTS RELEVANT DE LA LOI HOSPITALIERE,115,AUTRES STRUCTURES DE SOINS RELEVANT DE L AUTORITE TECHNIQUE DU SERVICE DE SANTE DES ARMEES,
IR_CET_D,1107,11,"CENTRES DE MOYEN SEJOUR POUR CONVALESCENCE, CURE, READAPTATION OU TRAITEMENT DES MALADIES MENTALES",1,ETABLISSEMENTS HOSPITALIERS,ETABLISSEMENTS RELEVANT DE LA LOI HOSPITALIERE,116,MAISON DE REPOS,
IR_CET_D,1107,11,"CENTRES DE MOYEN SEJOUR POUR CONVALESCENCE, CURE, READAPTATION OU TRAITEMENT DES MALADIES MENTALES",1,ETABLISSEMENTS HOSPITALIERS,ETABLISSEMENTS RELEVANT DE LA LOI HOSPITALIERE,117,MAISON DE CONVALESCENCE,
IR_CET_D,1107,11,"CENTRES DE MOYEN SEJOUR POUR CONVALESCENCE, CURE, READAPTATION OU TRAITEMENT DES MALADIES MENTALES",1,ETABLISSEMENTS HOSPITALIERS,ETABLISSEMENTS RELEVANT DE LA LOI HOSPITALIERE,118,MAISON DE REPOS ET DE CONVALESCENCE,
IR_CET_D,1107,11,"CENTRES DE MOYEN SEJOUR POUR CONVALESCENCE, CURE, READAPTATION OU TRAITEMENT DES MALADIES MENTALES",1,ETABLISSEMENTS HOSPITALIERS,ETABLISSEMENTS RELEVANT DE LA LOI HOSPITALIERE,119,MAISON DE REGIME,
IR_CET_D,1107,11,"CENTRES DE MOYEN SEJOUR POUR CONVALESCENCE, CURE, READAPTATION OU TRAITEMENT DES MALADIES MENTALES",1,ETABLISSEMENTS HOSPITALIERS,ETABLISSEMENTS RELEVANT DE LA LOI HOSPITALIERE,120,MAISON DE REPOS POUR MERES ET LEURS ENFANTS DE MOINS DE 18 MOIS,
IR_CET_D,1110,11,AUTRES ETABLISSEMENTS DE SOINS AIGUS (PSYCHIATRIE EXCLUE),1,ETABLISSEMENTS HOSPITALIERS,ETABLISSEMENTS RELEVANT DE LA LOI HOSPITALIERE,121,MAISON DE SANTE OBSTETRICO-CHIRURGICALE,
IR_CET_D,1110,11,AUTRES ETABLISSEMENTS DE SOINS AIGUS (PSYCHIATRIE EXCLUE),1,ETABLISSEMENTS HOSPITALIERS,ETABLISSEMENTS RELEVANT DE LA LOI HOSPITALIERE,122,ETABLISSEMENT DE SOINS OBSTETRIQUES ET CHIRURGICO-GYNECOLOGIQUES,
IR_CET_D,2206,22,CENTRES DE SANTE,1,AUTRES ETABLISSEMENTS DE SOINS ET DE PREVENTION,ETABLISSEMENTS RELEVANT DE LA LOI HOSPITALIERE,124,CENTRE DE SANTE,
IR_CET_D,2201,22,Dispensaires ou Centres de Soins,1,AUTRES ETABLISSEMENTS DE SOINS ET DE PREVENTION,ETABLISSEMENTS RELEVANT DE LA LOI HOSPITALIERE,125,CENTRE DE SANTE DENTAIRE,
IR_CET_D,1205,12,AUTRES ETABLISSEMENTS RELEVANT DE LA LOI HOSPITALIERE,1,AUTRES ETABLISSEMENTS RELEVANT DE LA LOI HOSPITALIERE,ETABLISSEMENTS RELEVANT DE LA LOI HOSPITALIERE,126,ETABLISSEMENT THERMAL,
IR_CET_D,1201,12,TRAITEMENT ET SOINS A DOMICILE,1,AUTRES ETABLISSEMENTS RELEVANT DE LA LOI HOSPITALIERE,ETABLISSEMENTS RELEVANT DE LA LOI HOSPITALIERE,127,HOSPITALISATION A DOMICILE,
IR_CET_D,1110,11,AUTRES ETABLISSEMENTS DE SOINS AIGUS (PSYCHIATRIE EXCLUE),1,ETABLISSEMENTS HOSPITALIERS,ETABLISSEMENTS RELEVANT DE LA LOI HOSPITALIERE,128,ETABLISSEMENT DE SOINS CHIRURGICAUX,
IR_CET_D,1110,11,AUTRES ETABLISSEMENTS DE SOINS AIGUS (PSYCHIATRIE EXCLUE),1,ETABLISSEMENTS HOSPITALIERS,ETABLISSEMENTS RELEVANT DE LA LOI HOSPITALIERE,129,ETABLISSEMENT DE SOINS MEDICAUX,
IR_CET_D,2201,22,Dispensaires ou Centres de Soins,1,AUTRES ETABLISSEMENTS DE SOINS ET DE PREVENTION,ETABLISSEMENTS RELEVANT DE LA LOI HOSPITALIERE,130,CENTRE DE SOINS MEDICAUX,
IR_CET_D,1104,11,AUTRES CENTRES HOSPITALIERS SPECIALISES,1,ETABLISSEMENTS HOSPITALIERS,ETABLISSEMENTS RELEVANT DE LA LOI HOSPITALIERE,131,CENTRE HOSPITALIER SPECIALISE DE LUTTE CONTRE LE CANCER,
IR_CET_D,3401,34,TRANSFUSION SANGUINE,1,AUTRES ETABLISSEMENTS A CARACTERE SANITAIRE,ETABLISSEMENTS RELEVANT DE LA LOI HOSPITALIERE,132,CENTRE DE TRANSFUSION SANGUINE (C.T.S.),
IR_CET_D,3401,34,TRANSFUSION SANGUINE,1,AUTRES ETABLISSEMENTS A CARACTERE SANITAIRE,ETABLISSEMENTS RELEVANT DE LA LOI HOSPITALIERE,133,POSTE DE TRANSFUSION SANGUINE,
IR_CET_D,3401,34,TRANSFUSION SANGUINE,1,AUTRES ETABLISSEMENTS A CARACTERE SANITAIRE,ETABLISSEMENTS RELEVANT DE LA LOI HOSPITALIERE,134,CENTRE DE TRANSFUSION SANGUINE ET DE DESSICCATION DU PLASMA,
IR_CET_D,1107,11,"CENTRES DE MOYEN SEJOUR POUR CONVALESCENCE, CURE, READAPTATION OU TRAITEMENT DES MALADIES MENTALES",1,ETABLISSEMENTS HOSPITALIERS,ETABLISSEMENTS RELEVANT DE LA LOI HOSPITALIERE,135,MAISON DE READAPTATION FONCTIONNELLE,
IR_CET_D,1203,12,DIALYSE AMBULATOIRE,1,AUTRES ETABLISSEMENTS RELEVANT DE LA LOI HOSPITALIERE,ETABLISSEMENTS RELEVANT DE LA LOI HOSPITALIERE,138,CENTRE DE D HEMODIALYSE PERIODIQUE,
IR_CET_D,1203,12,DIALYSE AMBULATOIRE,1,AUTRES ETABLISSEMENTS RELEVANT DE LA LOI HOSPITALIERE,ETABLISSEMENTS RELEVANT DE LA LOI HOSPITALIERE,139,CENTRE DE D HEMODIALYSE ET D ENTRAINEMENT A L HEMODIALYSE,
IR_CET_D,1203,12,DIALYSE AMBULATOIRE,1,AUTRES ETABLISSEMENTS RELEVANT DE LA LOI HOSPITALIERE,ETABLISSEMENTS RELEVANT DE LA LOI HOSPITALIERE,140,CENTRE D ENTRAINEMENT A L HEMODIALYSE,
IR_CET_D,1203,12,DIALYSE AMBULATOIRE,1,AUTRES ETABLISSEMENTS RELEVANT DE LA LOI HOSPITALIERE,ETABLISSEMENTS RELEVANT DE LA LOI HOSPITALIERE,141,CENTRE DE DIALYSE,
IR_CET_D,2201,22,Dispensaires ou Centres de Soins,1,AUTRES ETABLISSEMENTS DE SOINS ET DE PREVENTION,ETABLISSEMENTS RELEVANT DE LA LOI HOSPITALIERE,142,DISPENSAIRE ANTITUBERCULEUX,
IR_CET_D,1107,11,"CENTRES DE MOYEN SEJOUR POUR CONVALESCENCE, CURE, READAPTATION OU TRAITEMENT DES MALADIES MENTALES",1,ETABLISSEMENTS HOSPITALIERS,ETABLISSEMENTS RELEVANT DE LA LOI HOSPITALIERE,144,ETABLISSEMENT DE LUTTE CONTRE LA TUBERCULOSE,
IR_CET_D,1203,12,DIALYSE AMBULATOIRE,1,AUTRES ETABLISSEMENTS RELEVANT DE LA LOI HOSPITALIERE,ETABLISSEMENTS RELEVANT DE LA LOI HOSPITALIERE,146,STRUCTURE D'ALTERNATIVE A LA DIALYSE,
IR_CET_D,1111,11,AUTRES ETABLISSEMENTS DE LUTTE CONTRE LES MALADIES MENTALES,1,ETABLISSEMENTS HOSPITALIERS,ETABLISSEMENTS RELEVANT DE LA LOI HOSPITALIERE,156,CENTRE MEDICO-PSYCHOLOGIQUE (DISPENSAIRE D HYGIENE MENTALE ),
IR_CET_D,1113,11,ETABLISSEMENTS DE LUTTE CONTRE L ALCOOLISME ET LES TOXICOMANIES,1,ETABLISSEMENTS HOSPITALIERS,ETABLISSEMENTS RELEVANT DE LA LOI HOSPITALIERE,158,CENTRE DE REEDUCATION POUR ALCOOLIQUES,
IR_CET_D,1114,11,CENTRE CONVENTIONNE SOINS SPECIALISES POUR TOXICOMANES,1,ETABLISSEMENTS HOSPITALIERS,ETABLISSEMENTS RELEVANT DE LA LOI HOSPITALIERE,160,CENTRE DE TRAITEMENT POUR TOXICOMANES,
IR_CET_D,1111,11,AUTRES ETABLISSEMENTS DE LUTTE CONTRE LES MALADIES MENTALES,1,ETABLISSEMENTS HOSPITALIERS,ETABLISSEMENTS RELEVANT DE LA LOI HOSPITALIERE,161,MAISON DE SANTE POUR MALADIES MENTALES,
IR_CET_D,4604,46,AUTRES ETABLISSEMENTS D ACCUEIL,2,"AUTRES ETABLISSEMENTS D ACCUEIL,  HEBERGEMENT ET DE READAPTATION SOCIALE",ETABLISSEMENTS RELEVANT DE LA LOI SOCIALE,162,CENTRE DE CURE AMBULATOIRE EN ALCOOLOGIE (CCAA),
IR_CET_D,1112,11,ETABLISSEMENTS  D  ENFANTS A CARACTERE SANITAIRE,1,ETABLISSEMENTS HOSPITALIERS,ETABLISSEMENTS RELEVANT DE LA LOI HOSPITALIERE,163,MAISON D ENFANTS A CARACTERE SANITAIRE NON SPECIALISEE TEMPORAIRE,
IR_CET_D,4604,46,AUTRES ETABLISSEMENTS D ACCUEIL,2,"AUTRES ETABLISSEMENTS D ACCUEIL,  HEBERGEMENT ET DE READAPTATION SOCIALE",ETABLISSEMENTS RELEVANT DE LA LOI SOCIALE,165,APPARTEMENT DE COORDINATION THERAPEUTIQUE (ACT),
IR_CET_D,1112,11,ETABLISSEMENTS  D  ENFANTS A CARACTERE SANITAIRE,1,ETABLISSEMENTS HOSPITALIERS,ETABLISSEMENTS RELEVANT DE LA LOI HOSPITALIERE,173,POUPONNIERE A CARACTERE SANITAIRE,
IR_CET_D,4501,45,ETABLISSEMENT DE L AIDE A L  ENFANCE,2,ETABLISSEMENTS ET SERVICES SOCIAUX CONCOURANT A LA PROTECTION DE L ENFANCE,ETABLISSEMENTS RELEVANT DE LA LOI SOCIALE,175,FOYER DE L ENFANCE,
IR_CET_D,4104,41,ETABLISSEMENTS  EDUCATION SPECIALE POUR DEFICIENTS SENSORIELS,2,ETABLISSEMENTS ET SERVICES POUR L ENFANCE ET LA JEUNESSE HANDICAPEE,ETABLISSEMENTS RELEVANT DE LA LOI SOCIALE,196,INSTITUT D EDUCATION SENSORIELLE MIXTE,
IR_CET_D,1112,11,ETABLISSEMENTS  D  ENFANTS A CARACTERE SANITAIRE,1,ETABLISSEMENTS HOSPITALIERS,ETABLISSEMENTS RELEVANT DE LA LOI HOSPITALIERE,197,MAISON D ENFANTS A CARACTERE SANITAIRE SPECIALISEE TEMPORAIRE,
IR_CET_D,4303,43,ETABLISSEMENTS ET SERVICES DE REINSERTION PROFESSIONNELLE POUR ADULTES HANDICAPES,2,ETABLISSEMENTS ET SERVICES POUR ADULTES HANDICAPES,ETABLISSEMENTS RELEVANT DE LA LOI SOCIALE,198,CENTRE DE PREORIENTATION POUR HANDICAPES,
IR_CET_D,4401,44,ETABLISSEMENT D HEBERGEMENT,2,ETABLISSEMENT POUR PERSONNES AGEES,ETABLISSEMENTS RELEVANT DE LA LOI SOCIALE,199,HOSPICE,
IR_CET_D,4401,44,ETABLISSEMENT D HEBERGEMENT,2,ETABLISSEMENT POUR PERSONNES AGEES,ETABLISSEMENTS RELEVANT DE LA LOI SOCIALE,200,MAISON DE RETRAITE,
IR_CET_D,4401,44,ETABLISSEMENT D HEBERGEMENT,2,ETABLISSEMENT POUR PERSONNES AGEES,ETABLISSEMENTS RELEVANT DE LA LOI SOCIALE,202,LOGEMENT-FOYER POUR PERSONNES AGEES,
IR_CET_D,4402,44,SERVICES SANITAIRES DE MAINTIEN A DOMICILE,2,ETABLISSEMENT POUR PERSONNES AGEES,ETABLISSEMENTS RELEVANT DE LA LOI SOCIALE,207,CENTRE DE JOUR POUR PERSONNES AGEES,
IR_CET_D,4605,46,ETABLISSEMENTS ET SERVICES MULTI- CLIENTELE,2,"AUTRES ETABLISSEMENTS D ACCUEIL,  HEBERGEMENT ET DE READAPTATION SOCIALE",ETABLISSEMENTS RELEVANT DE LA LOI SOCIALE,209,SERVICE POLYVALENT AIDE ET SOINS A DOMICILE,
IR_CET_D,4601,46,ETABLISSEMENTS POUR ADULTES EN DIFFICULTE,2,"AUTRES ETABLISSEMENTS D ACCUEIL,  HEBERGEMENT ET DE READAPTATION SOCIALE",ETABLISSEMENTS RELEVANT DE LA LOI SOCIALE,214,CENTRE D HEBERGEMENT ET DE READAPTATION SOCIALE,
IR_CET_D,4106,41,SERVICES A DOMICILE OU AMBULATOIRE POUR HANDICAPES,2,ETABLISSEMENTS ET SERVICES POUR L ENFANCE ET LA JEUNESSE HANDICAPEE,ETABLISSEMENTS RELEVANT DE LA LOI SOCIALE,221,BUREAU D AIDE PSYCHOLOGIQUE UNIVERSITAIRE,
IR_CET_D,2202,22,ETABLISSEMENTS DE PMI ET DE PLANIFICATION FAMILIALE,1,AUTRES ETABLISSEMENTS DE SOINS ET DE PREVENTION,ETABLISSEMENTS RELEVANT DE LA LOI HOSPITALIERE,223,SERVICE DEPARTEMENTAL DE PROTECTION MALADIE INFANTILE,
IR_CET_D,2202,22,ETABLISSEMENTS DE PMI ET DE PLANIFICATION FAMILIALE,1,AUTRES ETABLISSEMENTS DE SOINS ET DE PREVENTION,ETABLISSEMENTS RELEVANT DE LA LOI HOSPITALIERE,224,ETABLISSEMENT DE CONSULTATIONS PRE ET POST-NATALES,
IR_CET_D,2202,22,ETABLISSEMENTS DE PMI ET DE PLANIFICATION FAMILIALE,1,AUTRES ETABLISSEMENTS DE SOINS ET DE PREVENTION,ETABLISSEMENTS RELEVANT DE LA LOI HOSPITALIERE,228,CENTRE DE PLANIFICATION OU D EDUCATION FAMILIALE,
IR_CET_D,2202,22,ETABLISSEMENTS DE PMI ET DE PLANIFICATION FAMILIALE,1,AUTRES ETABLISSEMENTS DE SOINS ET DE PREVENTION,ETABLISSEMENTS RELEVANT DE LA LOI HOSPITALIERE,230,ETABLISSEMENT DE CONSULTATIONS DE PROTECTION INFANTILE,
IR_CET_D,3402,34,CONSERVATION ET STOCKAGE D AUTRES PRODUITS HUMAINS,1,AUTRES ETABLISSEMENTS A CARACTERE SANITAIRE,ETABLISSEMENTS RELEVANT DE LA LOI HOSPITALIERE,233,Lactarium,
IR_CET_D,4301,43,ETABLISSEMENTS ET SERVICES POUR ADULTES HANDICAPES,2,ETABLISSEMENTS ET SERVICES POUR ADULTES HANDICAPES,ETABLISSEMENTS RELEVANT DE LA LOI SOCIALE,237,CENTRE DE PLACEMENT FAMILIAL POUR ADULTES HANDICAPES,
IR_CET_D,4105,41,ETABLISSEMENTS ET SERVICES D  HEBERGEMENT POUR HANDICAPES,2,ETABLISSEMENTS ET SERVICES POUR L ENFANCE ET LA JEUNESSE HANDICAPEE,ETABLISSEMENTS RELEVANT DE LA LOI SOCIALE,238,CENTRE D ACCUEIL FAMILIAL SPECIALISE,
IR_CET_D,4302,43,ETABLISSEMENTS ET SERVICES DE TRAVAIL PROTEGE POUR ADULTES HANDICAPES,2,ETABLISSEMENTS ET SERVICES POUR ADULTES HANDICAPES,ETABLISSEMENTS RELEVANT DE LA LOI SOCIALE,246,CENTRE D AIDE PAR LE TRAVAIL (CAT),
IR_CET_D,4107,41,ETABLISSEMENTS EXPERIMENTAUX EN FAVEUR DE L ENFANCE HANDICAPEE,2,ETABLISSEMENTS ET SERVICES POUR L ENFANCE ET LA JEUNESSE HANDICAPEE,ETABLISSEMENTS RELEVANT DE LA LOI SOCIALE,377,ETABLISSEMENT EXPERIMENTAL EN FAVEUR DE L ENFANCE HANDICAPEE,
IR_CET_D,4304,43,ETABLISSEMENTS EXPERIMENTAUX EN FAVEUR DES ADULTES HANDICAPES,2,ETABLISSEMENTS ET SERVICES POUR ADULTES HANDICAPES,ETABLISSEMENTS RELEVANT DE LA LOI SOCIALE,379,ETABLISSEMENT EXPERIMENTAL EN FAVEUR DES ADULTES HANDICAPES,
IR_CET_D,4603,46,ETABLISSEMENTS EXPERIMENTAUX EN FAVEUR DES ADULTES,2,"AUTRES ETABLISSEMENTS D ACCUEIL,  HEBERGEMENT ET DE READAPTATION SOCIALE",ETABLISSEMENTS RELEVANT DE LA LOI SOCIALE,380,ETABLISSEMENT EXPERIMENTAL EN FAVEUR DES AUTRES ADULTES,
IR_CET_D,4404,44,ETABLISSEMENTS EXPERIMENTAUX EN FAVEUR DES PERSONNES AGEES,2,ETABLISSEMENT POUR PERSONNES AGEES,ETABLISSEMENTS RELEVANT DE LA LOI SOCIALE,381,ETABLISSEMENT EXPERIMENTAL EN FAVEUR DES PERSONNES AGEES,
IR_CET_D,4301,43,ETABLISSEMENTS ET SERVICES POUR ADULTES HANDICAPES,2,ETABLISSEMENTS ET SERVICES POUR ADULTES HANDICAPES,ETABLISSEMENTS RELEVANT DE LA LOI SOCIALE,382,FOYER OCCUPATIONNEL POUR ADULTES HANDICAPES,
IR_CET_D,4105,41,ETABLISSEMENTS ET SERVICES D  HEBERGEMENT POUR HANDICAPES,2,ETABLISSEMENTS ET SERVICES POUR L ENFANCE ET LA JEUNESSE HANDICAPEE,ETABLISSEMENTS RELEVANT DE LA LOI SOCIALE,390,ETABLISSEMENT D'HEBERGEMENT TEMPORAIRE D'ENFANTS,
IR_CET_D,4301,43,ETABLISSEMENTS ET SERVICES POUR ADULTES HANDICAPES,2,ETABLISSEMENTS ET SERVICES POUR ADULTES HANDICAPES,ETABLISSEMENTS RELEVANT DE LA LOI SOCIALE,395,ETABLISSEMENT D'ACCUEIL TEMPORAIRE ADULTES HANDICAPES,
IR_CET_D,4105,41,ETABLISSEMENTS ET SERVICES D  HEBERGEMENT POUR HANDICAPES,2,ETABLISSEMENTS ET SERVICES POUR L ENFANCE ET LA JEUNESSE HANDICAPEE,ETABLISSEMENTS RELEVANT DE LA LOI SOCIALE,396,FOYER D HEBERGEMENT POUR ENFANTS ET ADOLESCENTS HANDICAPES,
IR_CET_D,1111,11,AUTRES ETABLISSEMENTS DE LUTTE CONTRE LES MALADIES MENTALES,1,ETABLISSEMENTS HOSPITALIERS,ETABLISSEMENTS RELEVANT DE LA LOI HOSPITALIERE,412,APPARTEMENT THERAPEUTIQUE,
IR_CET_D,3402,34,CONSERVATION ET STOCKAGE D AUTRES PRODUITS HUMAINS,1,AUTRES ETABLISSEMENTS A CARACTERE SANITAIRE,ETABLISSEMENTS RELEVANT DE LA LOI HOSPITALIERE,413,CENTRE D ETUDES ET DE CONSERVATION DU SPERME (C.E.C.O.S.),
IR_CET_D,3402,34,CONSERVATION ET STOCKAGE D AUTRES PRODUITS HUMAINS,1,AUTRES ETABLISSEMENTS A CARACTERE SANITAIRE,ETABLISSEMENTS RELEVANT DE LA LOI HOSPITALIERE,414,CENTRE ANTIPOISON,
IR_CET_D,1111,11,AUTRES ETABLISSEMENTS DE LUTTE CONTRE LES MALADIES MENTALES,1,ETABLISSEMENTS HOSPITALIERS,ETABLISSEMENTS RELEVANT DE LA LOI HOSPITALIERE,415,SERVICE MEDICO-PSYCHOLOGIQUE REGIONAL,
IR_CET_D,1201,12,TRAITEMENT ET SOINS A DOMICILE,1,AUTRES ETABLISSEMENTS RELEVANT DE LA LOI HOSPITALIERE,ETABLISSEMENTS RELEVANT DE LA LOI HOSPITALIERE,422,TRAITEMENTS SPECIALISES A DOMICILE,
IR_CET_D,1111,11,AUTRES ETABLISSEMENTS DE LUTTE CONTRE LES MALADIES MENTALES,1,ETABLISSEMENTS HOSPITALIERS,ETABLISSEMENTS RELEVANT DE LA LOI HOSPITALIERE,425,CENTRE D ACCUEIL THERAPEUTIQUE A TEMPS PARTIEL,
IR_CET_D,1205,12,AUTRES ETABLISSEMENTS RELEVANT DE LA LOI HOSPITALIERE,1,AUTRES ETABLISSEMENTS RELEVANT DE LA LOI HOSPITALIERE,ETABLISSEMENTS RELEVANT DE LA LOI HOSPITALIERE,426,SYNDICAT INTER-HOSPITALIER,
IR_CET_D,1111,11,AUTRES ETABLISSEMENTS DE LUTTE CONTRE LES MALADIES MENTALES,1,ETABLISSEMENTS HOSPITALIERS,ETABLISSEMENTS RELEVANT DE LA LOI HOSPITALIERE,430,CENTRE DE POST CURE POUR MALADES MENTAUX,
IR_CET_D,1113,11,ETABLISSEMENTS DE LUTTE CONTRE L ALCOOLISME ET LES TOXICOMANIES,1,ETABLISSEMENTS HOSPITALIERS,ETABLISSEMENTS RELEVANT DE LA LOI HOSPITALIERE,431,CENTRE DE POST CURE POUR ALCOOLIQUES,
IR_CET_D,1113,11,ETABLISSEMENTS DE LUTTE CONTRE L ALCOOLISME ET LES TOXICOMANIES,1,ETABLISSEMENTS HOSPITALIERS,ETABLISSEMENTS RELEVANT DE LA LOI HOSPITALIERE,432,CENTRE DE POST CURE POUR TOXICOMANES,
IR_CET_D,4301,43,ETABLISSEMENTS ET SERVICES POUR ADULTES HANDICAPES,2,ETABLISSEMENTS ET SERVICES POUR ADULTES HANDICAPES,ETABLISSEMENTS RELEVANT DE LA LOI SOCIALE,437,FOYER (A DOUBLE TARIFICATION) POUR ADULTES HANDICAPES LOURDS,
IR_CET_D,2201,22,Dispensaires ou Centres de Soins,1,AUTRES ETABLISSEMENTS DE SOINS ET DE PREVENTION,ETABLISSEMENTS RELEVANT DE LA LOI HOSPITALIERE,439,CENTRE DE SANTE POLYVALENT,
IR_CET_D,1111,11,AUTRES ETABLISSEMENTS DE LUTTE CONTRE LES MALADIES MENTALES,1,ETABLISSEMENTS HOSPITALIERS,ETABLISSEMENTS RELEVANT DE LA LOI HOSPITALIERE,444,CENTRE DE CRISE OU D ACCUEIL PERMANENT,
IR_CET_D,4301,43,ETABLISSEMENTS ET SERVICES POUR ADULTES HANDICAPES,2,ETABLISSEMENTS ET SERVICES POUR ADULTES HANDICAPES,ETABLISSEMENTS RELEVANT DE LA LOI SOCIALE,446,SERVICE D ACCOMPAGNEMENT A LA VIE SOCIALE (SAVS),
IR_CET_D,4605,46,ETABLISSEMENTS ET SERVICES MULTI- CLIENTELE,2,"AUTRES ETABLISSEMENTS D ACCUEIL,  HEBERGEMENT ET DE READAPTATION SOCIALE",ETABLISSEMENTS RELEVANT DE LA LOI SOCIALE,460,SERVICE PRESTATAIRE D'AIDE A DOMICILE,
IR_CET_D,4606,46,CENTRE DE RESSOURCES,2,"AUTRES ETABLISSEMENTS D ACCUEIL,  HEBERGEMENT ET DE READAPTATION SOCIALE",ETABLISSEMENTS RELEVANT DE LA LOI SOCIALE,461,LIEUX DE VIE,
IR_CET_D,4605,46,ETABLISSEMENTS ET SERVICES MULTI- CLIENTELE,2,"AUTRES ETABLISSEMENTS D ACCUEIL,  HEBERGEMENT ET DE READAPTATION SOCIALE",ETABLISSEMENTS RELEVANT DE LA LOI SOCIALE,462,LIEUX DE VIE,
IR_CET_D,4606,46,CENTRE DE RESSOURCES,2,"AUTRES ETABLISSEMENTS D ACCUEIL,  HEBERGEMENT ET DE READAPTATION SOCIALE",ETABLISSEMENTS RELEVANT DE LA LOI SOCIALE,463,CENTRES LOCAUX INFORMATION COORDINATION PERSONNES AGEES,
IR_CET_D,4401,44,ETABLISSEMENT D HEBERGEMENT,2,ETABLISSEMENT POUR PERSONNES AGEES,ETABLISSEMENTS RELEVANT DE LA LOI SOCIALE,500,EHPAD convention tripartite,
IR_CET_D,4401,44,ETABLISSEMENT D HEBERGEMENT,2,ETABLISSEMENT POUR PERSONNES AGEES,ETABLISSEMENTS RELEVANT DE LA LOI SOCIALE,501,EHPAD sans convention tripartite,
IR_CET_D,2100,21,CABINETS LIBERAUX (SCANNER ET IRMN),1,CABINETS LIBERAUX (SCANNER ET IRMN),ETABLISSEMENTS RELEVANT DE LA LOI HOSPITALIERE,601,CABINET LIBERAL DU MEDECIN,
IR_CET_D,2100,21,CABINETS LIBERAUX (SCANNER ET IRMN),1,CABINETS LIBERAUX (SCANNER ET IRMN),ETABLISSEMENTS RELEVANT DE LA LOI HOSPITALIERE,602,CABINET DE GROUPE DE MEDECINS,
IR_CET_D,2103,21,AUTRES STRUCTURES D'EXERCICE LIBERAL,1,CABINETS LIBERAUX (SCANNER ET IRMN),ETABLISSEMENTS RELEVANT DE LA LOI HOSPITALIERE,603,MAISON DE SANTE,
IR_CET_D,2100,21,CABINETS LIBERAUX (SCANNER ET IRMN),1,CABINETS LIBERAUX (SCANNER ET IRMN),ETABLISSEMENTS RELEVANT DE LA LOI HOSPITALIERE,696,GCS DE MOYENS,
IR_CET_D,2100,21,CABINETS LIBERAUX (SCANNER ET IRMN),1,CABINETS LIBERAUX (SCANNER ET IRMN),ETABLISSEMENTS RELEVANT DE LA LOI HOSPITALIERE,697,GCS ETABLISSEMENTS DE SANTE,
IR_CET_D,2100,21,CABINETS LIBERAUX (SCANNER ET IRMN),1,CABINETS LIBERAUX (SCANNER ET IRMN),ETABLISSEMENTS RELEVANT DE LA LOI HOSPITALIERE,698,ETABLISSEMENTS RELEVANT DE LA LOI HOSPITALIERE,
IR_CET_D,3403,34,STRUCTURES ET FILIERES DE SOINS SOUBIE,1,AUTRES ETABLISSEMENTS A CARACTERE SANITAIRE,ETABLISSEMENTS RELEVANT DE LA LOI HOSPITALIERE,700,STRUCTURES ET FILIERES DE SOINS,
IR_CET_D,3404,34,STRUCTURES ET FILIERES DE SOINS HORS SOUBIE,1,AUTRES ETABLISSEMENTS A CARACTERE SANITAIRE,ETABLISSEMENTS RELEVANT DE LA LOI HOSPITALIERE,710,STRUCTURES ET FILIERES DE SOINS HORS RESEAUX SOUBIE,
IR_CET_D,9999,99,VALEUR INCONNUE,9,VALEUR INCONNUE,INCONNU,999,VALEUR INCONNUE,
IR_CET_D,9999,99,VALEUR INCONNUE,9,VALEUR INCONNUE,INCONNU,0,SANS OBJET,
IR_CET_D,1101,11,CENTRES HOSPITALIERS REGIONAUX,1,ETABLISSEMENTS HOSPITALIERS,ETABLISSEMENTS RELEVANT DE LA LOI HOSPITALIERE,101,CENTRE HOSPITALIER REGIONAL (C.H.R.),
IR_CET_D,1102,11,CENTRES HOSPITALIERS,1,ETABLISSEMENTS HOSPITALIERS,ETABLISSEMENTS RELEVANT DE LA LOI HOSPITALIERE,102,CENTRE HOSPITALIER GENERAL (C.H.G.),
IR_CET_D,4303,43,ETABLISSEMENTS ET SERVICES DE REINSERTION PROFESSIONNELLE POUR ADULTES HANDICAPES,2,ETABLISSEMENTS ET SERVICES POUR ADULTES HANDICAPES,ETABLISSEMENTS RELEVANT DE LA LOI SOCIALE,249,CENTRE DE REEDUCATION PROFESSIONNELLE,
IR_CET_D,4301,43,ETABLISSEMENTS ET SERVICES POUR ADULTES HANDICAPES,2,ETABLISSEMENTS ET SERVICES POUR ADULTES HANDICAPES,ETABLISSEMENTS RELEVANT DE LA LOI SOCIALE,252,FOYER D HEBERGEMENT POUR ADULTES HANDICAPES,
IR_CET_D,4301,43,ETABLISSEMENTS ET SERVICES POUR ADULTES HANDICAPES,2,ETABLISSEMENTS ET SERVICES POUR ADULTES HANDICAPES,ETABLISSEMENTS RELEVANT DE LA LOI SOCIALE,253,FOYER D'ACCUEIL POLYVALENT POUR ADULTES HANDICAPES,
IR_CET_D,4301,43,ETABLISSEMENTS ET SERVICES POUR ADULTES HANDICAPES,2,ETABLISSEMENTS ET SERVICES POUR ADULTES HANDICAPES,ETABLISSEMENTS RELEVANT DE LA LOI SOCIALE,255,MAISON D ACCUEIL SPECIALISEE (M.A.S.),
IR_CET_D,2201,22,Dispensaires ou Centres de Soins,1,AUTRES ETABLISSEMENTS DE SOINS ET DE PREVENTION,ETABLISSEMENTS RELEVANT DE LA LOI HOSPITALIERE,268,CENTRE MEDICO-SCOLAIRE,
IR_CET_D,2201,22,Dispensaires ou Centres de Soins,1,AUTRES ETABLISSEMENTS DE SOINS ET DE PREVENTION,ETABLISSEMENTS RELEVANT DE LA LOI HOSPITALIERE,269,CENTRE DE MEDECINE UNIVERSITAIRE,
IR_CET_D,2201,22,Dispensaires ou Centres de Soins,1,AUTRES ETABLISSEMENTS DE SOINS ET DE PREVENTION,ETABLISSEMENTS RELEVANT DE LA LOI HOSPITALIERE,289,CENTRE DE SOINS INFIRMIERS,
IR_CET_D,1103,11,CENTRES HOSPITALIERS SPECIALISES EN PSYCHIATRIE,1,ETABLISSEMENTS HOSPITALIERS,ETABLISSEMENTS RELEVANT DE LA LOI HOSPITALIERE,292,CENTRE HOSPITALIER SPECIALISE EN PSYCHIATRIE,
IR_CET_D,1205,12,AUTRES ETABLISSEMENTS RELEVANT DE LA LOI HOSPITALIERE,1,AUTRES ETABLISSEMENTS RELEVANT DE LA LOI HOSPITALIERE,ETABLISSEMENTS RELEVANT DE LA LOI HOSPITALIERE,296,CENTRE DE PLACEMENT FAMILIAL SANITAIRE POUR ENFANTS ET ADOLESCENTS,
IR_CET_D,2201,22,Dispensaires ou Centres de Soins,1,AUTRES ETABLISSEMENTS DE SOINS ET DE PREVENTION,ETABLISSEMENTS RELEVANT DE LA LOI HOSPITALIERE,297,DISPENSAIRE POLYVALENT,
IR_CET_D,1204,12,URGENCE ET REANIMATION,1,AUTRES ETABLISSEMENTS RELEVANT DE LA LOI HOSPITALIERE,ETABLISSEMENTS RELEVANT DE LA LOI HOSPITALIERE,320,SERVICE D AIDE MEDICALE URGENTE (S.A.M.U) ET CENTRE 15,
IR_CET_D,1204,12,URGENCE ET REANIMATION,1,AUTRES ETABLISSEMENTS RELEVANT DE LA LOI HOSPITALIERE,ETABLISSEMENTS RELEVANT DE LA LOI HOSPITALIERE,321,SERVICE MOBILE D URGENCE (S.M.U.R.) ET UNITE MOBILE HOSPITALIERE (U.M.H.),
IR_CET_D,2201,22,Dispensaires ou Centres de Soins,1,AUTRES ETABLISSEMENTS DE SOINS ET DE PREVENTION,ETABLISSEMENTS RELEVANT DE LA LOI HOSPITALIERE,328,CENTRE DE CONSULTATION ET SOINS DENTAIRES (H. PUBLIC),
IR_CET_D,2201,22,Dispensaires ou Centres de Soins,1,AUTRES ETABLISSEMENTS DE SOINS ET DE PREVENTION,ETABLISSEMENTS RELEVANT DE LA LOI HOSPITALIERE,347,CENTRE D EXAMEN DE SANTE,
IR_CET_D,4402,44,SERVICES SANITAIRES DE MAINTIEN A DOMICILE,2,ETABLISSEMENT POUR PERSONNES AGEES,ETABLISSEMENTS RELEVANT DE LA LOI SOCIALE,354,SERVICE DE SOINS A DOMICILE,
IR_CET_D,1102,11,CENTRES HOSPITALIERS,1,ETABLISSEMENTS HOSPITALIERS,ETABLISSEMENTS RELEVANT DE LA LOI HOSPITALIERE,355,CENTRE HOSPITALIER ( C.H.),
IR_CET_D,1102,11,CENTRES HOSPITALIERS,1,ETABLISSEMENTS HOSPITALIERS,ETABLISSEMENTS RELEVANT DE LA LOI HOSPITALIERE,360,CENTRE HOSPITALIER DE SECTEUR,
IR_CET_D,1107,11,"CENTRES DE MOYEN SEJOUR POUR CONVALESCENCE, CURE, READAPTATION OU TRAITEMENT DES MALADIES MENTALES",1,ETABLISSEMENTS HOSPITALIERS,ETABLISSEMENTS RELEVANT DE LA LOI HOSPITALIERE,361,CENTRE DE MOYEN SEJOUR DE CURE MEDICALE,
IR_CET_D,1109,11,CENTRES DE LONG SEJOUR,1,ETABLISSEMENTS HOSPITALIERS,ETABLISSEMENTS RELEVANT DE LA LOI HOSPITALIERE,362,ETABLISSEMENT DE SOINS DE LONGUE DUREE,
IR_CET_D,1108,11,CENTRES DE MOYEN ET LONG SEJOUR,1,ETABLISSEMENTS HOSPITALIERS,ETABLISSEMENTS RELEVANT DE LA LOI HOSPITALIERE,363,CENTRE DE MOYEN ET LONG SEJOUR,
IR_CET_D,1110,11,AUTRES ETABLISSEMENTS DE SOINS AIGUS (PSYCHIATRIE EXCLUE),1,ETABLISSEMENTS HOSPITALIERS,ETABLISSEMENTS RELEVANT DE LA LOI HOSPITALIERE,364,MAISON DE SANTE MEDICO-CHIRURGICALE,
IR_CET_D,1110,11,AUTRES ETABLISSEMENTS DE SOINS AIGUS (PSYCHIATRIE EXCLUE),1,ETABLISSEMENTS HOSPITALIERS,ETABLISSEMENTS RELEVANT DE LA LOI HOSPITALIERE,365,ETABLISSEMENT DE SOINS PLURIDISCIPLINAIRES,
IR_CET_D,1111,11,AUTRES ETABLISSEMENTS DE LUTTE CONTRE LES MALADIES MENTALES,1,ETABLISSEMENTS HOSPITALIERS,ETABLISSEMENTS RELEVANT DE LA LOI HOSPITALIERE,366,ATELIER THERAPEUTIQUE,
IR_CET_D,4501,45,ETABLISSEMENT DE L AIDE A L  ENFANCE,2,ETABLISSEMENTS ET SERVICES SOCIAUX CONCOURANT A LA PROTECTION DE L ENFANCE,ETABLISSEMENTS RELEVANT DE LA LOI SOCIALE,177,MAISON D ENFANTS A CARACTERE SOCIAL,
IR_CET_D,4604,46,AUTRES ETABLISSEMENTS D ACCUEIL,2,"AUTRES ETABLISSEMENTS D ACCUEIL,  HEBERGEMENT ET DE READAPTATION SOCIALE",ETABLISSEMENTS RELEVANT DE LA LOI SOCIALE,178,CENTRE D'ACCUEIL ET D'ACCOMPAGNEMENT A LA REDUCTION DES RISQUES POUR USAGERS DE DROGUES (CAARUD),
IR_CET_D,1112,11,ETABLISSEMENTS  D  ENFANTS A CARACTERE SANITAIRE,1,ETABLISSEMENTS HOSPITALIERS,ETABLISSEMENTS RELEVANT DE LA LOI HOSPITALIERE,179,MAISON D ENFANTS A CARACTERE SANITAIRE NON SPECIALISEE PERMANENTE,
IR_CET_D,4604,46,AUTRES ETABLISSEMENTS D ACCUEIL,2,"AUTRES ETABLISSEMENTS D ACCUEIL,  HEBERGEMENT ET DE READAPTATION SOCIALE",ETABLISSEMENTS RELEVANT DE LA LOI SOCIALE,180,LITS HALTE SOINS SANTE,
IR_CET_D,4106,41,SERVICES A DOMICILE OU AMBULATOIRE POUR HANDICAPES,2,ETABLISSEMENTS ET SERVICES POUR L ENFANCE ET LA JEUNESSE HANDICAPEE,ETABLISSEMENTS RELEVANT DE LA LOI SOCIALE,182,SERVICE DE SOINS ET D EDUCATION SPECIALISEE A DOMICILE,
IR_CET_D,4101,41,ETABLISSEMENTS  EDUCATION SPECIALE POUR DEFICIENTS MENTAUX ET POLYHANDICAPES,2,ETABLISSEMENTS ET SERVICES POUR L ENFANCE ET LA JEUNESSE HANDICAPEE,ETABLISSEMENTS RELEVANT DE LA LOI SOCIALE,183,INSTITUT MEDICO-EDUCATIF (I.M.E.),
IR_CET_D,4101,41,ETABLISSEMENTS  EDUCATION SPECIALE POUR DEFICIENTS MENTAUX ET POLYHANDICAPES,2,ETABLISSEMENTS ET SERVICES POUR L ENFANCE ET LA JEUNESSE HANDICAPEE,ETABLISSEMENTS RELEVANT DE LA LOI SOCIALE,184,INSTITUT MEDICO-PEDAGOGIQUE (I.M.P.),
IR_CET_D,4101,41,ETABLISSEMENTS  EDUCATION SPECIALE POUR DEFICIENTS MENTAUX ET POLYHANDICAPES,2,ETABLISSEMENTS ET SERVICES POUR L ENFANCE ET LA JEUNESSE HANDICAPEE,ETABLISSEMENTS RELEVANT DE LA LOI SOCIALE,185,INSTITUT MEDICO-PROFESSIONNEL (I.M.P.R.O.),
IR_CET_D,4102,41,ETABLISSEMENTS EDUCATION SPECIALE POUR ENFANTS ATTEINTS DE TROUBLE DE LA CONDUITE ET DU COMPORTEMENT,2,ETABLISSEMENTS ET SERVICES POUR L ENFANCE ET LA JEUNESSE HANDICAPEE,ETABLISSEMENTS RELEVANT DE LA LOI SOCIALE,186,INSTITUT THERAPEUTIQUE EDUCATIF ET PEDAGOGIQUE,
IR_CET_D,4101,41,ETABLISSEMENTS  EDUCATION SPECIALE POUR DEFICIENTS MENTAUX ET POLYHANDICAPES,2,ETABLISSEMENTS ET SERVICES POUR L ENFANCE ET LA JEUNESSE HANDICAPEE,ETABLISSEMENTS RELEVANT DE LA LOI SOCIALE,188,ETABLISSEMENT POUR ENFANTS POLYHANDICAPES,
IR_CET_D,4106,41,SERVICES A DOMICILE OU AMBULATOIRE POUR HANDICAPES,2,ETABLISSEMENTS ET SERVICES POUR L ENFANCE ET LA JEUNESSE HANDICAPEE,ETABLISSEMENTS RELEVANT DE LA LOI SOCIALE,189,CENTRE MEDICO-PSYCHO-PEDAGOGIQUE (CMPP),
IR_CET_D,4106,41,SERVICES A DOMICILE OU AMBULATOIRE POUR HANDICAPES,2,ETABLISSEMENTS ET SERVICES POUR L ENFANCE ET LA JEUNESSE HANDICAPEE,ETABLISSEMENTS RELEVANT DE LA LOI SOCIALE,190,CENTRE D ACTION MEDICO-SOCIALE PRECOCE,
IR_CET_D,4103,41,ETABLISSEMENTS  EDUCATION SPECIALE POUR HANDICAPES MOTEURS,2,ETABLISSEMENTS ET SERVICES POUR L ENFANCE ET LA JEUNESSE HANDICAPEE,ETABLISSEMENTS RELEVANT DE LA LOI SOCIALE,191,ETABLISSEMENT POUR INFIRMES MOTEUR CEREBRAUX,
IR_CET_D,4103,41,ETABLISSEMENTS  EDUCATION SPECIALE POUR HANDICAPES MOTEURS,2,ETABLISSEMENTS ET SERVICES POUR L ENFANCE ET LA JEUNESSE HANDICAPEE,ETABLISSEMENTS RELEVANT DE LA LOI SOCIALE,192,ETABLISSEMENT POUR DEFICIENTS MOTEUR,
IR_CET_D,4103,41,ETABLISSEMENTS  EDUCATION SPECIALE POUR HANDICAPES MOTEURS,2,ETABLISSEMENTS ET SERVICES POUR L ENFANCE ET LA JEUNESSE HANDICAPEE,ETABLISSEMENTS RELEVANT DE LA LOI SOCIALE,193,ETABLISSEMENT POUR INFIRMES MOTEUR ET MOTEUR CEREBRAUX,
IR_CET_D,4104,41,ETABLISSEMENTS  EDUCATION SPECIALE POUR DEFICIENTS SENSORIELS,2,ETABLISSEMENTS ET SERVICES POUR L ENFANCE ET LA JEUNESSE HANDICAPEE,ETABLISSEMENTS RELEVANT DE LA LOI SOCIALE,194,INSTITUT D EDUCATION SENSORIELLE POUR ENFANTS ATTEINTS DE DEFICIENCES VISUELLES,
IR_CET_D,4104,41,ETABLISSEMENTS  EDUCATION SPECIALE POUR DEFICIENTS SENSORIELS,2,ETABLISSEMENTS ET SERVICES POUR L ENFANCE ET LA JEUNESSE HANDICAPEE,ETABLISSEMENTS RELEVANT DE LA LOI SOCIALE,195,INSTITUT D EDUCATION SENSORIELLE POUR ENFANTS ATTEINTS DE DEFICIENCES AUDITIVES,
