nom_table,TEC_COL,ETB_CAT_RG1,ETB_CAT_COD,ETB_CAT_LIB,CPT_COP_NUM
IR_CET_V,0,4104,195,INSTITUT D EDUCATION SENSORIELLE POUR ENFANTS ATTEINTS DE DEFICIENCES AUDITIVES,
IR_CET_V,0,4104,196,INSTITUT D EDUCATION SENSORIELLE MIXTE,
IR_CET_V,0,1112,197,MAISON D ENFANTS A CARACTERE SANITAIRE SPECIALISEE TEMPORAIRE,
IR_CET_V,0,4303,198,CENTRE DE PREORIENTATION POUR HANDICAPES,
IR_CET_V,0,4401,199,HOSPICE,
IR_CET_V,0,4401,200,MAISON DE RETRAITE,
IR_CET_V,0,4401,202,LOGEMENT-FOYER POUR PERSONNES AGEES,
IR_CET_V,0,4402,207,CENTRE DE JOUR POUR PERSONNES AGEES,
IR_CET_V,0,4605,209,SERVICE POLYVALENT AIDE ET SOINS A DOMICILE,
IR_CET_V,0,4601,214,CENTRE D HEBERGEMENT ET DE READAPTATION SOCIALE,
IR_CET_V,0,4106,221,BUREAU D AIDE PSYCHOLOGIQUE UNIVERSITAIRE,
IR_CET_V,0,2202,223,SERVICE DEPARTEMENTAL DE PROTECTION MALADIE INFANTILE,
IR_CET_V,0,2202,224,ETABLISSEMENT DE CONSULTATIONS PRE ET POST-NATALES,
IR_CET_V,0,2202,228,CENTRE DE PLANIFICATION OU D EDUCATION FAMILIALE,
IR_CET_V,0,2202,230,ETABLISSEMENT DE CONSULTATIONS DE PROTECTION INFANTILE,
IR_CET_V,0,3402,233,Lactarium,
IR_CET_V,0,4301,237,CENTRE DE PLACEMENT FAMILIAL POUR ADULTES HANDICAPES,
IR_CET_V,0,4105,238,CENTRE D ACCUEIL FAMILIAL SPECIALISE,
IR_CET_V,0,4302,246,CENTRE D AIDE PAR LE TRAVAIL (CAT),
IR_CET_V,0,4303,249,CENTRE DE REEDUCATION PROFESSIONNELLE,
IR_CET_V,0,4301,252,FOYER D HEBERGEMENT POUR ADULTES HANDICAPES,
IR_CET_V,0,4301,253,FOYER D'ACCUEIL POLYVALENT POUR ADULTES HANDICAPES,
IR_CET_V,0,4301,255,MAISON D ACCUEIL SPECIALISEE (M.A.S.),
IR_CET_V,0,2201,268,CENTRE MEDICO-SCOLAIRE,
IR_CET_V,0,2201,269,CENTRE DE MEDECINE UNIVERSITAIRE,
IR_CET_V,0,2201,289,CENTRE DE SOINS INFIRMIERS,
IR_CET_V,0,1103,292,CENTRE HOSPITALIER SPECIALISE EN PSYCHIATRIE,
IR_CET_V,0,1205,296,CENTRE DE PLACEMENT FAMILIAL SANITAIRE POUR ENFANTS ET ADOLESCENTS,
IR_CET_V,0,2201,297,DISPENSAIRE POLYVALENT,
IR_CET_V,0,1204,320,SERVICE D AIDE MEDICALE URGENTE (S.A.M.U) ET CENTRE 15,
IR_CET_V,0,1204,321,SERVICE MOBILE D URGENCE (S.M.U.R.) ET UNITE MOBILE HOSPITALIERE (U.M.H.),
IR_CET_V,0,2201,328,CENTRE DE CONSULTATION ET SOINS DENTAIRES (H. PUBLIC),
IR_CET_V,0,2201,347,CENTRE D EXAMEN DE SANTE,
IR_CET_V,0,4402,354,SERVICE DE SOINS A DOMICILE,
IR_CET_V,0,1102,355,CENTRE HOSPITALIER ( C.H.),
IR_CET_V,0,1102,360,CENTRE HOSPITALIER DE SECTEUR,
IR_CET_V,0,1107,361,CENTRE DE MOYEN SEJOUR DE CURE MEDICALE,
IR_CET_V,0,1109,362,ETABLISSEMENT DE SOINS DE LONGUE DUREE,
IR_CET_V,0,1108,363,CENTRE DE MOYEN ET LONG SEJOUR,
IR_CET_V,0,1110,364,MAISON DE SANTE MEDICO-CHIRURGICALE,
IR_CET_V,0,1110,365,ETABLISSEMENT DE SOINS PLURIDISCIPLINAIRES,
IR_CET_V,0,1111,366,ATELIER THERAPEUTIQUE,
IR_CET_V,0,4107,377,ETABLISSEMENT EXPERIMENTAL EN FAVEUR DE L ENFANCE HANDICAPEE,
IR_CET_V,0,4304,379,ETABLISSEMENT EXPERIMENTAL EN FAVEUR DES ADULTES HANDICAPES,
IR_CET_V,0,4603,380,ETABLISSEMENT EXPERIMENTAL EN FAVEUR DES AUTRES ADULTES,
IR_CET_V,0,4404,381,ETABLISSEMENT EXPERIMENTAL EN FAVEUR DES PERSONNES AGEES,
IR_CET_V,0,4301,382,FOYER OCCUPATIONNEL POUR ADULTES HANDICAPES,
IR_CET_V,0,4105,390,ETABLISSEMENT D'HEBERGEMENT TEMPORAIRE D'ENFANTS,
IR_CET_V,0,4301,395,ETABLISSEMENT D'ACCUEIL TEMPORAIRE ADULTES HANDICAPES,
IR_CET_V,0,4105,396,FOYER D HEBERGEMENT POUR ENFANTS ET ADOLESCENTS HANDICAPES,
IR_CET_V,0,1111,412,APPARTEMENT THERAPEUTIQUE,
IR_CET_V,0,3402,413,CENTRE D ETUDES ET DE CONSERVATION DU SPERME (C.E.C.O.S.),
IR_CET_V,0,3402,414,CENTRE ANTIPOISON,
IR_CET_V,0,1111,415,SERVICE MEDICO-PSYCHOLOGIQUE REGIONAL,
IR_CET_V,0,1201,422,TRAITEMENTS SPECIALISES A DOMICILE,
IR_CET_V,0,1111,425,CENTRE D ACCUEIL THERAPEUTIQUE A TEMPS PARTIEL,
IR_CET_V,0,1205,426,SYNDICAT INTER-HOSPITALIER,
IR_CET_V,0,1111,430,CENTRE DE POST CURE POUR MALADES MENTAUX,
IR_CET_V,0,1113,431,CENTRE DE POST CURE POUR ALCOOLIQUES,
IR_CET_V,0,1113,432,CENTRE DE POST CURE POUR TOXICOMANES,
IR_CET_V,0,4301,437,FOYER (A DOUBLE TARIFICATION) POUR ADULTES HANDICAPES LOURDS,
IR_CET_V,0,2201,439,CENTRE DE SANTE POLYVALENT,
IR_CET_V,0,1111,444,CENTRE DE CRISE OU D ACCUEIL PERMANENT,
IR_CET_V,0,4301,446,SERVICE D ACCOMPAGNEMENT A LA VIE SOCIALE (SAVS),
IR_CET_V,0,4605,460,SERVICE PRESTATAIRE D'AIDE A DOMICILE,
IR_CET_V,0,4606,461,LIEUX DE VIE,
IR_CET_V,0,4605,462,LIEUX DE VIE,
IR_CET_V,0,4606,463,CENTRES LOCAUX INFORMATION COORDINATION PERSONNES AGEES,
IR_CET_V,0,4401,500,EHPAD convention tripartite,
IR_CET_V,0,4401,501,EHPAD sans convention tripartite,
IR_CET_V,0,2100,601,CABINET LIBERAL DU MEDECIN,
IR_CET_V,0,2100,602,CABINET DE GROUPE DE MEDECINS,
IR_CET_V,0,2103,603,MAISON DE SANTE,
IR_CET_V,0,2100,696,GCS DE MOYENS,
IR_CET_V,0,2100,697,GCS ETABLISSEMENTS DE SANTE,
IR_CET_V,0,2100,698,ETABLISSEMENTS RELEVANT DE LA LOI HOSPITALIERE,
IR_CET_V,0,3403,700,STRUCTURES ET FILIERES DE SOINS,
IR_CET_V,0,3404,710,STRUCTURES ET FILIERES DE SOINS HORS RESEAUX SOUBIE,
IR_CET_V,1,9999,999,VALEUR INCONNUE,
IR_CET_V,2,9999,0,SANS OBJET,
IR_CET_V,0,1101,101,CENTRE HOSPITALIER REGIONAL (C.H.R.),
IR_CET_V,0,1102,102,CENTRE HOSPITALIER GENERAL (C.H.G.),
IR_CET_V,0,1104,103,CENTRE HOSPITALIER SPECIALISE AUTRE,
IR_CET_V,0,1102,104,HOPITAL,
IR_CET_V,0,1106,105,HOPITAL RURAL,
IR_CET_V,0,1106,106,HOPITAL LOCAL,
IR_CET_V,0,1107,108,ETABLISSEMENT DE CONVALESCENCE OU DE REPOS,
IR_CET_V,0,1107,109,ETABLISSEMENT DE SANTE PRIVE AUTORISE EN SSR,
IR_CET_V,0,1107,112,"CENTRE DE CONVALESCENCE, CURE ET READAPTATION",
IR_CET_V,0,1205,114,HOPITAL MILITAIRE,
IR_CET_V,0,1102,115,AUTRES STRUCTURES DE SOINS RELEVANT DE L AUTORITE TECHNIQUE DU SERVICE DE SANTE DES ARMEES,
IR_CET_V,0,1107,116,MAISON DE REPOS,
IR_CET_V,0,1107,117,MAISON DE CONVALESCENCE,
IR_CET_V,0,1107,118,MAISON DE REPOS ET DE CONVALESCENCE,
IR_CET_V,0,1107,119,MAISON DE REGIME,
IR_CET_V,0,1107,120,MAISON DE REPOS POUR MERES ET LEURS ENFANTS DE MOINS DE 18 MOIS,
IR_CET_V,0,1110,121,MAISON DE SANTE OBSTETRICO-CHIRURGICALE,
IR_CET_V,0,1110,122,ETABLISSEMENT DE SOINS OBSTETRIQUES ET CHIRURGICO-GYNECOLOGIQUES,
IR_CET_V,0,2206,124,CENTRE DE SANTE,
IR_CET_V,0,2201,125,CENTRE DE SANTE DENTAIRE,
IR_CET_V,0,1205,126,ETABLISSEMENT THERMAL,
IR_CET_V,0,1201,127,HOSPITALISATION A DOMICILE,
IR_CET_V,0,1110,128,ETABLISSEMENT DE SOINS CHIRURGICAUX,
IR_CET_V,0,1110,129,ETABLISSEMENT DE SOINS MEDICAUX,
IR_CET_V,0,2201,130,CENTRE DE SOINS MEDICAUX,
IR_CET_V,0,1104,131,CENTRE HOSPITALIER SPECIALISE DE LUTTE CONTRE LE CANCER,
IR_CET_V,0,3401,132,CENTRE DE TRANSFUSION SANGUINE (C.T.S.),
IR_CET_V,0,3401,133,POSTE DE TRANSFUSION SANGUINE,
IR_CET_V,0,3401,134,CENTRE DE TRANSFUSION SANGUINE ET DE DESSICCATION DU PLASMA,
IR_CET_V,0,1107,135,MAISON DE READAPTATION FONCTIONNELLE,
IR_CET_V,0,1203,138,CENTRE DE D HEMODIALYSE PERIODIQUE,
IR_CET_V,0,1203,139,CENTRE DE D HEMODIALYSE ET D ENTRAINEMENT A L HEMODIALYSE,
IR_CET_V,0,1203,140,CENTRE D ENTRAINEMENT A L HEMODIALYSE,
IR_CET_V,0,1203,141,CENTRE DE DIALYSE,
IR_CET_V,0,2201,142,DISPENSAIRE ANTITUBERCULEUX,
IR_CET_V,0,1107,144,ETABLISSEMENT DE LUTTE CONTRE LA TUBERCULOSE,
IR_CET_V,0,1203,146,STRUCTURE D'ALTERNATIVE A LA DIALYSE,
IR_CET_V,0,1111,156,CENTRE MEDICO-PSYCHOLOGIQUE (DISPENSAIRE D HYGIENE MENTALE ),
IR_CET_V,0,1113,158,CENTRE DE REEDUCATION POUR ALCOOLIQUES,
IR_CET_V,0,1114,160,CENTRE DE TRAITEMENT POUR TOXICOMANES,
IR_CET_V,0,1111,161,MAISON DE SANTE POUR MALADIES MENTALES,
IR_CET_V,0,4604,162,CENTRE DE CURE AMBULATOIRE EN ALCOOLOGIE (CCAA),
IR_CET_V,0,1112,163,MAISON D ENFANTS A CARACTERE SANITAIRE NON SPECIALISEE TEMPORAIRE,
IR_CET_V,0,4604,165,APPARTEMENT DE COORDINATION THERAPEUTIQUE (ACT),
IR_CET_V,0,1112,173,POUPONNIERE A CARACTERE SANITAIRE,
IR_CET_V,0,4501,175,FOYER DE L ENFANCE,
IR_CET_V,0,4501,177,MAISON D ENFANTS A CARACTERE SOCIAL,
IR_CET_V,0,4604,178,CENTRE D'ACCUEIL ET D'ACCOMPAGNEMENT A LA REDUCTION DES RISQUES POUR USAGERS DE DROGUES (CAARUD),
IR_CET_V,0,1112,179,MAISON D ENFANTS A CARACTERE SANITAIRE NON SPECIALISEE PERMANENTE,
IR_CET_V,0,4604,180,LITS HALTE SOINS SANTE,
IR_CET_V,0,4106,182,SERVICE DE SOINS ET D EDUCATION SPECIALISEE A DOMICILE,
IR_CET_V,0,4101,183,INSTITUT MEDICO-EDUCATIF (I.M.E.),
IR_CET_V,0,4101,184,INSTITUT MEDICO-PEDAGOGIQUE (I.M.P.),
IR_CET_V,0,4101,185,INSTITUT MEDICO-PROFESSIONNEL (I.M.P.R.O.),
IR_CET_V,0,4102,186,INSTITUT THERAPEUTIQUE EDUCATIF ET PEDAGOGIQUE,
IR_CET_V,0,4101,188,ETABLISSEMENT POUR ENFANTS POLYHANDICAPES,
IR_CET_V,0,4106,189,CENTRE MEDICO-PSYCHO-PEDAGOGIQUE (CMPP),
IR_CET_V,0,4106,190,CENTRE D ACTION MEDICO-SOCIALE PRECOCE,
IR_CET_V,0,4103,191,ETABLISSEMENT POUR INFIRMES MOTEUR CEREBRAUX,
IR_CET_V,0,4103,192,ETABLISSEMENT POUR DEFICIENTS MOTEUR,
IR_CET_V,0,4103,193,ETABLISSEMENT POUR INFIRMES MOTEUR ET MOTEUR CEREBRAUX,
IR_CET_V,0,4104,194,INSTITUT D EDUCATION SENSORIELLE POUR ENFANTS ATTEINTS DE DEFICIENCES VISUELLES,
