nom_table,TEC_COL,CPT_COP_NUM,BEN_CTA_TYP,BEN_CTA_LIB
IR_CTA_V,2,,0,SANS OBJET
IR_CTA_V,0,,1,CONTRAT HORS CMU et HORS ACS TPI
IR_CTA_V,0,,2,CONTRAT HORS CMU et HORS ACS TPI
IR_CTA_V,0,,3,CONTRAT HORS CMU et HORS ACS TPI
IR_CTA_V,0,,4,CONTRAT HORS CMU et HORS ACS TPI
IR_CTA_V,0,,5,CONTRAT HORS CMU et HORS ACS TPI
IR_CTA_V,0,,6,CONTRAT HORS CMU et HORS ACS TPI
IR_CTA_V,0,,7,CONTRAT HORS CMU et HORS ACS TPI
IR_CTA_V,0,,8,CONTRAT HORS CMU et HORS ACS TPI
IR_CTA_V,0,,9,CONTRAT HORS CMU et HORS ACS TPI
IR_CTA_V,0,,10,CONTRAT HORS CMU et HORS ACS TPI
IR_CTA_V,0,,11,CONTRAT HORS CMU et HORS ACS TPI
IR_CTA_V,0,,12,CONTRAT HORS CMU et HORS ACS TPI
IR_CTA_V,0,,13,CONTRAT HORS CMU et HORS ACS TPI
IR_CTA_V,0,,14,CONTRAT HORS CMU et HORS ACS TPI
IR_CTA_V,0,,15,CONTRAT HORS CMU et HORS ACS TPI
IR_CTA_V,0,,16,CONTRAT HORS CMU et HORS ACS TPI
IR_CTA_V,0,,17,CONTRAT HORS CMU et HORS ACS TPI
IR_CTA_V,0,,18,CONTRAT HORS CMU et HORS ACS TPI
IR_CTA_V,0,,19,CONTRAT HORS CMU et HORS ACS TPI
IR_CTA_V,0,,20,CONTRAT HORS CMU et HORS ACS TPI
IR_CTA_V,0,,21,CONTRAT HORS CMU et HORS ACS TPI
IR_CTA_V,0,,22,CONTRAT HORS CMU et HORS ACS TPI
IR_CTA_V,0,,23,CONTRAT HORS CMU et HORS ACS TPI
IR_CTA_V,0,,24,CONTRAT HORS CMU et HORS ACS TPI
IR_CTA_V,0,,25,CONTRAT HORS CMU et HORS ACS TPI
IR_CTA_V,0,,26,CONTRAT HORS CMU et HORS ACS TPI
IR_CTA_V,0,,27,CONTRAT HORS CMU et HORS ACS TPI
IR_CTA_V,0,,28,CONTRAT HORS CMU et HORS ACS TPI
IR_CTA_V,0,,29,CONTRAT HORS CMU et HORS ACS TPI
IR_CTA_V,0,,30,CONTRAT HORS CMU et HORS ACS TPI
IR_CTA_V,0,,31,CONTRAT HORS CMU et HORS ACS TPI
IR_CTA_V,0,,32,CONTRAT HORS CMU et HORS ACS TPI
IR_CTA_V,0,,33,CONTRAT HORS CMU et HORS ACS TPI
IR_CTA_V,0,,34,CONTRAT HORS CMU et HORS ACS TPI
IR_CTA_V,0,,35,CONTRAT HORS CMU et HORS ACS TPI
IR_CTA_V,0,,36,CONTRAT HORS CMU et HORS ACS TPI
IR_CTA_V,0,,37,CONTRAT HORS CMU et HORS ACS TPI
IR_CTA_V,0,,38,CONTRAT HORS CMU et HORS ACS TPI
IR_CTA_V,0,,39,CONTRAT HORS CMU et HORS ACS TPI
IR_CTA_V,0,,40,CONTRAT HORS CMU et HORS ACS TPI
IR_CTA_V,0,,41,CONTRAT HORS CMU et HORS ACS TPI
IR_CTA_V,0,,42,CONTRAT HORS CMU et HORS ACS TPI
IR_CTA_V,0,,43,CONTRAT HORS CMU et HORS ACS TPI
IR_CTA_V,0,,44,CONTRAT HORS CMU et HORS ACS TPI
IR_CTA_V,0,,45,CONTRAT HORS CMU et HORS ACS TPI
IR_CTA_V,0,,46,CONTRAT HORS CMU et HORS ACS TPI
IR_CTA_V,0,,47,CONTRAT HORS CMU et HORS ACS TPI
IR_CTA_V,0,,48,CONTRAT HORS CMU et HORS ACS TPI
IR_CTA_V,0,,49,CONTRAT HORS CMU et HORS ACS TPI
IR_CTA_V,0,,50,CONTRAT HORS CMU et HORS ACS TPI
IR_CTA_V,0,,51,CONTRAT HORS CMU et HORS ACS TPI
IR_CTA_V,0,,52,CONTRAT HORS CMU et HORS ACS TPI
IR_CTA_V,0,,53,CONTRAT HORS CMU et HORS ACS TPI
IR_CTA_V,0,,54,CONTRAT HORS CMU et HORS ACS TPI
IR_CTA_V,0,,55,CONTRAT HORS CMU et HORS ACS TPI
IR_CTA_V,0,,56,CONTRAT HORS CMU et HORS ACS TPI
IR_CTA_V,0,,57,CONTRAT HORS CMU et HORS ACS TPI
IR_CTA_V,0,,58,CONTRAT HORS CMU et HORS ACS TPI
IR_CTA_V,0,,59,CONTRAT HORS CMU et HORS ACS TPI
IR_CTA_V,0,,60,CONTRAT HORS CMU et HORS ACS TPI
IR_CTA_V,0,,61,CONTRAT HORS CMU et HORS ACS TPI
IR_CTA_V,0,,62,CONTRAT HORS CMU et HORS ACS TPI
IR_CTA_V,0,,63,CONTRAT HORS CMU et HORS ACS TPI
IR_CTA_V,0,,64,CONTRAT HORS CMU et HORS ACS TPI
IR_CTA_V,0,,65,CONTRAT HORS CMU et HORS ACS TPI
IR_CTA_V,0,,66,CONTRAT HORS CMU et HORS ACS TPI
IR_CTA_V,0,,67,CONTRAT HORS CMU et HORS ACS TPI
IR_CTA_V,0,,68,CONTRAT HORS CMU et HORS ACS TPI
IR_CTA_V,0,,69,CONTRAT HORS CMU et HORS ACS TPI
IR_CTA_V,0,,70,CONTRAT HORS CMU et HORS ACS TPI
IR_CTA_V,0,,71,CONTRAT HORS CMU et HORS ACS TPI
IR_CTA_V,0,,72,CONTRAT HORS CMU et HORS ACS TPI
IR_CTA_V,0,,73,CONTRAT HORS CMU et HORS ACS TPI
IR_CTA_V,0,,74,CONTRAT HORS CMU et HORS ACS TPI
IR_CTA_V,0,,75,CONTRAT HORS CMU et HORS ACS TPI
IR_CTA_V,0,,76,CONTRAT HORS CMU et HORS ACS TPI
IR_CTA_V,0,,77,CONTRAT HORS CMU et HORS ACS TPI
IR_CTA_V,0,,78,CONTRAT HORS CMU et HORS ACS TPI
IR_CTA_V,0,,79,CONTRAT HORS CMU et HORS ACS TPI
IR_CTA_V,0,,80,CONTRAT HORS CMU et HORS ACS TPI
IR_CTA_V,0,,81,CONTRAT HORS CMU et HORS ACS TPI
IR_CTA_V,0,,82,CONTRAT HORS CMU et HORS ACS TPI
IR_CTA_V,0,,83,CONTRAT HORS CMU et HORS ACS TPI
IR_CTA_V,0,,84,CONTRAT HORS CMU et HORS ACS TPI
IR_CTA_V,0,,85,SORTANT DU DISPOSITIF CMUC (GERE PAR CPAM)
IR_CTA_V,0,,87,SORTANT DU DISPOSITIF CMUC (GERE PAR OC)
IR_CTA_V,0,,88,AIDE A LA MUTUALISATION (PANIER DE BIENS = PANIER CMUC)
IR_CTA_V,0,,89,BENEFICIAIRE DE LA CMU COMPLEMENTAIRE (EN COURS) QUELQUE SOIT LE GESTIONNAIRE
IR_CTA_V,0,,90,CONTRAT HORS CMU ET HORS ACS TPI
IR_CTA_V,0,,91,CONTRAT ACS TPI A
IR_CTA_V,0,,92,CONTRAT ACS TPI B
IR_CTA_V,0,,93,CONTRAT ACS TPI C
IR_CTA_V,0,,94,CONTRAT HORS CMU ET HORS ACS TPI
IR_CTA_V,0,,95,CONTRAT HORS CMU ET HORS ACS TPI
IR_CTA_V,0,,96,CONTRAT HORS CMU ET HORS ACS TPI
IR_CTA_V,0,,97,CONTRAT HORS CMU ET HORS ACS TPI
IR_CTA_V,0,,98,CONTRAT HORS CMU ET HORS ACS TPI
IR_CTA_V,0,,99,PROCEDURE D'ECLATEMENT DU FLUX PAR LE PS VERS UN OCT
IR_CTA_V,1,,999,VALEUR INCONNUE
