nom_table,TEC_COL,BEN_CMU_CAT,CMU_CAT_LIB,CPT_COP_NUM
IR_COC_V,1,7,VALEUR INCONNUE,
IR_COC_V,0,0,MUTUELLE LOCALE (CODE DE LA MUTUALITE),
IR_COC_V,0,1,MUTUELLE REGIONALE (CODE DE LA MUTUALITE),
IR_COC_V,0,2,INSTITUTIONS (CODE RURAL),
IR_COC_V,0,3,INSTITUTIONS DONT LE NUMERO > 3C. (CODE DE LA SECURITE SOCIALE),
IR_COC_V,0,4,SOCIETES D ASSURANCES (CODE DES ASSURANCES),
IR_COC_V,0,5,AIDE MEDICALE ETAT,
IR_COC_V,0,6,CMU GEREE PAR UN REGIME OBLIGATOIRE (EX-AIDE MEDICALE DEPARTEMENTALE),
IR_COC_V,0,8,INSTITUTIONS (CODE DE LA SECURITE SOCIALE),
IR_COC_V,0,9,MUTUELLE NATIONALE (CODE DE LA MUTUALITE),
