nom_table,TEC_COL,CTI_NUM,CPT_COP_NUM,CTI_LIB
IR_CTI_V,0,1,,ROUEN 1
IR_CTI_V,0,2,,TOULOUSE 1
IR_CTI_V,0,3,,SLM
IR_CTI_V,0,4,,MELUN
IR_CTI_V,0,5,,TOULOUSE 3
IR_CTI_V,0,6,,TOULOUSE 2
IR_CTI_V,0,8,,LIMOGES
IR_CTI_V,0,10,,STRASBOURG 2
IR_CTI_V,0,11,,ROUEN 2
IR_CTI_V,0,13,,STRASBOURG 3
IR_CTI_V,0,16,,ST ETIENNE 1
IR_CTI_V,0,17,,STRASBOURG 1
IR_CTI_V,0,18,,ANGERS 2
IR_CTI_V,0,19,,CETELIC M�tropole Nord et Littoral LILLE
IR_CTI_V,0,21,,NICE
IR_CTI_V,0,22,,ROUEN 3
IR_CTI_V,0,23,,ANGERS 1
IR_CTI_V,0,25,,ST ETIENNE 2
IR_CTI_V,0,26,,TOULOUSE 5
IR_CTI_V,0,27,,TOULOUSE 4
IR_CTI_V,0,28,,MAYOTTE
IR_CTI_V,0,97,,CAVIMAC
IR_CTI_V,0,98,,CRPCEN
IR_CTI_V,0,36,,MONTIGNY
IR_CTI_V,1,99,,INCONNU
