nom_table,TEC_COL,CPT_COP_NUM,CRA_COD,CRA_NUM,CRA_VIL_LIB,CRA_REG_LIB
IR_CRA_V,0,,33,1,BORDEAUX,NOUVELLE AQUITAINE
IR_CRA_V,0,,63,2,CLERMONT-FERRAND,AUVERGNE-RHONE-ALPES
IR_CRA_V,0,,21,3,DIJON,BOURGOGNE-FRANCHE-COMTE
IR_CRA_V,0,,59,4,LILLE,HAUTS-DE-FRANCE
IR_CRA_V,0,,87,5,LIMOGES,NOUVELLE-AQUITAINE
IR_CRA_V,0,,69,6,LYON,AUVERGNE-RHONE-ALPES
IR_CRA_V,0,,13,7,MARSEILLE,SUD-EST
IR_CRA_V,0,,34,8,MONTPELLIER,OCCITANIE
IR_CRA_V,0,,54,9,NANCY,GRAND-EST
IR_CRA_V,0,,44,10,NANTES,PAYS-DE-LOIRE
IR_CRA_V,0,,45,11,ORLEANS,CENTRE-VAL DE LOIRE
IR_CRA_V,0,,75,12,PARIS,ILE-DE-FRANCE
IR_CRA_V,0,,35,13,RENNES,BRETAGNE
IR_CRA_V,0,,76,14,ROUEN,NORMANDIE
IR_CRA_V,0,,67,15,STRASBOURG,GRAND-EST
IR_CRA_V,0,,31,16,TOULOUSE,OCCITANIE
IR_CRA_V,0,,71,31,POINTE A PITRE,GUADELOUPE
IR_CRA_V,0,,72,32,FORT DE France,MARTINIQUE
IR_CRA_V,0,,73,33,CAYENNE,GUYANE
IR_CRA_V,0,,74,34,SAINT DENIS,REUNION
IR_CRA_V,0,,25,36,DZAOUDZI,MAYOTTE
IR_CRA_V,1,,99,99,INCONNU,INCONNU
