nom_table,TEC_COL,PFS_CAT_COD,PFS_CAT_LIB,CAT_LIB_SNI,CPT_COP_NUM
IR_CAT_V,0,0,ETABLISSEMENT,ETABLISSEMENT,
IR_CAT_V,0,1,MEDECIN,MEDECIN,
IR_CAT_V,0,2,FOURNISSEUR,FOURNISSEUR,
IR_CAT_V,0,3,LABORATOIRE,LABORATOIRE ANALYSE MEDICALE,
IR_CAT_V,0,4,DENTISTE (EX : SPECIALISTE O.D.F.),CIRURGIEN-DENTISTE,
IR_CAT_V,0,5,SAGE-FEMME,SAGE FEMME,
IR_CAT_V,0,6,INFIRMIER,INFIRMIER (E),
IR_CAT_V,0,7,MASSEUR,MASSEUR KINESITHERAPEUTE,
IR_CAT_V,0,8,PEDICURE-PODOLOGUE,PEDICURE-PODOLOGUE,
IR_CAT_V,0,9,ORTHOPTISTE - ORTHOPHONISTE,ORTHOPTISTE-ORTHOPHONISTE,
IR_CAT_V,1,99,SANS OBJET,SANS OBJET,
