nom_table,TEC_COL,PFS_CNV_COD,PFS_CNV_LIB,CNV_LIB_RH,CNV_LIB_RIA,PFS_CNV_SEC,PFS_SEC_LIB,CPT_COP_NUM
IR_CNV_V,0,0,PRATICIEN NON CONVENTIONNE,NON CONVENTIONNE,"",0,SECTEUR 0,
IR_CNV_V,0,1,PRATICIEN CONVENTIONNE,CONVENTIONNE,C,1,SECTEUR I,
IR_CNV_V,0,2,PRATICIEN CONVENTIONNE AVEC DROIT PERMANENT A DEPASSEMENT,CONVENTIONNE DP,C DP,1,SECTEUR I,
IR_CNV_V,0,3,PRATICIEN CONVENTIONNE AVEC HONORAIRES LIBRES,CONVENTIONNE HL,C HL,2,SECTEUR II  -  PRATICIEN CONVENTIONNE AVEC HONORAIRES LIBRES,
IR_CNV_V,1,8,VALEUR INCONNUE,"","",9,SECTEUR INCONNU,
IR_CNV_V,0,9,"PRATICIEN SALARIE  (SERVICE MEDICAL DU REGIME SNCF, RATP OU MINES)","","",0,SECTEUR 0,
