nom_table,TEC_COL,CPT_COP_NUM,DRG_NAT,DRG_NAT_LIB,DRG_TIE_PAY
IR_DRG_V,2,,0,SANS OBJET,SANS OBJET
IR_DRG_V,0,,10,SANS TIERS PAYANT,SANS TIERS PAYANT
IR_DRG_V,0,,31,CORRESPONDANT D ENTREPRISE,AVEC TIERS PAYANT
IR_DRG_V,0,,32,MUTUELLE,AVEC TIERS PAYANT
IR_DRG_V,0,,33,SUBROGATION,AVEC TIERS PAYANT
IR_DRG_V,0,,34,TITRE MEDECIN,AVEC TIERS PAYANT
IR_DRG_V,0,,35,TIERS PAYANT (PART OBLIGATOIRE -RO),AVEC TIERS PAYANT
IR_DRG_V,0,,36,Tiers Payant Int�gral (RO+OC),AVEC TIERS PAYANT
IR_DRG_V,0,,37,SUBROGATION MULTIPLE,AVEC TIERS PAYANT
IR_DRG_V,1,,99,VALEUR INCONNUE,INCONNU
