nom_table,CPT_COP_NUM,GEO_DPT_COD,GEO_REG_COD,GEO_DPT_NEW
IR_DPT_DGP_V,,73,82,073
IR_DPT_DGP_V,,73,84,073
IR_DPT_DGP_V,,74,82,074
IR_DPT_DGP_V,,74,84,074
IR_DPT_DGP_V,,75,11,075
IR_DPT_DGP_V,,76,23,076
IR_DPT_DGP_V,,76,28,076
IR_DPT_DGP_V,,77,11,077
IR_DPT_DGP_V,,78,11,078
IR_DPT_DGP_V,,79,54,079
IR_DPT_DGP_V,,79,75,079
IR_DPT_DGP_V,,80,22,080
IR_DPT_DGP_V,,80,32,080
IR_DPT_DGP_V,,81,73,081
IR_DPT_DGP_V,,81,76,081
IR_DPT_DGP_V,,82,73,082
IR_DPT_DGP_V,,82,76,082
IR_DPT_DGP_V,,83,93,083
IR_DPT_DGP_V,,84,93,084
IR_DPT_DGP_V,,85,52,085
IR_DPT_DGP_V,,86,54,086
IR_DPT_DGP_V,,86,75,086
IR_DPT_DGP_V,,87,74,087
IR_DPT_DGP_V,,87,75,087
IR_DPT_DGP_V,,88,41,088
IR_DPT_DGP_V,,88,44,088
IR_DPT_DGP_V,,89,26,089
IR_DPT_DGP_V,,89,27,089
IR_DPT_DGP_V,,90,43,090
IR_DPT_DGP_V,,90,27,090
IR_DPT_DGP_V,,91,11,091
IR_DPT_DGP_V,,92,11,092
IR_DPT_DGP_V,,93,11,093
IR_DPT_DGP_V,,94,11,094
IR_DPT_DGP_V,,95,11,095
IR_DPT_DGP_V,,97,0,097
IR_DPT_DGP_V,,97,1,971
IR_DPT_DGP_V,,97,2,972
IR_DPT_DGP_V,,97,3,973
IR_DPT_DGP_V,,97,4,974
IR_DPT_DGP_V,,97,6,976
IR_DPT_DGP_V,,98,0,098
IR_DPT_DGP_V,,99,99,999
IR_DPT_DGP_V,,AA,94,201
IR_DPT_DGP_V,,BB,94,202
IR_DPT_DGP_V,,CC,94,209
IR_DPT_DGP_V,,DD,99,099
IR_DPT_DGP_V,,EE,99,888
IR_DPT_DGP_V,,FF,0,977
IR_DPT_DGP_V,,GG,0,978
IR_DPT_DGP_V,,HH,0,979
IR_DPT_DGP_V,,II,99,991
IR_DPT_DGP_V,,JJ,99,992
IR_DPT_DGP_V,,KK,0,975
IR_DPT_DGP_V,,00,99,000
IR_DPT_DGP_V,,01,82,001
IR_DPT_DGP_V,,01,84,001
IR_DPT_DGP_V,,02,22,002
IR_DPT_DGP_V,,02,32,002
IR_DPT_DGP_V,,03,83,003
IR_DPT_DGP_V,,03,84,003
IR_DPT_DGP_V,,04,93,004
IR_DPT_DGP_V,,05,93,005
IR_DPT_DGP_V,,06,93,006
IR_DPT_DGP_V,,07,82,007
IR_DPT_DGP_V,,07,84,007
IR_DPT_DGP_V,,08,21,008
IR_DPT_DGP_V,,08,44,008
IR_DPT_DGP_V,,09,73,009
IR_DPT_DGP_V,,09,76,009
IR_DPT_DGP_V,,10,21,010
IR_DPT_DGP_V,,10,44,010
IR_DPT_DGP_V,,11,91,011
IR_DPT_DGP_V,,11,76,011
IR_DPT_DGP_V,,12,73,012
IR_DPT_DGP_V,,12,76,012
IR_DPT_DGP_V,,13,93,013
IR_DPT_DGP_V,,14,25,014
IR_DPT_DGP_V,,14,28,014
IR_DPT_DGP_V,,15,83,015
IR_DPT_DGP_V,,15,84,015
IR_DPT_DGP_V,,16,54,016
IR_DPT_DGP_V,,16,75,016
IR_DPT_DGP_V,,17,54,017
IR_DPT_DGP_V,,17,75,017
IR_DPT_DGP_V,,18,24,018
IR_DPT_DGP_V,,19,74,019
IR_DPT_DGP_V,,19,75,019
IR_DPT_DGP_V,,20,94,020
IR_DPT_DGP_V,,21,26,021
IR_DPT_DGP_V,,21,27,021
IR_DPT_DGP_V,,22,53,022
IR_DPT_DGP_V,,23,74,023
IR_DPT_DGP_V,,23,75,023
IR_DPT_DGP_V,,24,72,024
IR_DPT_DGP_V,,24,75,024
IR_DPT_DGP_V,,25,43,025
IR_DPT_DGP_V,,25,27,025
IR_DPT_DGP_V,,26,82,026
IR_DPT_DGP_V,,26,84,026
IR_DPT_DGP_V,,27,23,027
IR_DPT_DGP_V,,27,28,027
IR_DPT_DGP_V,,28,24,028
IR_DPT_DGP_V,,29,53,029
IR_DPT_DGP_V,,2A,94,02A
IR_DPT_DGP_V,,2B,94,02B
IR_DPT_DGP_V,,30,91,030
IR_DPT_DGP_V,,30,76,030
IR_DPT_DGP_V,,31,73,031
IR_DPT_DGP_V,,31,76,031
IR_DPT_DGP_V,,32,73,032
IR_DPT_DGP_V,,32,76,032
IR_DPT_DGP_V,,33,72,033
IR_DPT_DGP_V,,33,75,033
IR_DPT_DGP_V,,34,91,034
IR_DPT_DGP_V,,34,76,034
IR_DPT_DGP_V,,35,53,035
IR_DPT_DGP_V,,36,24,036
IR_DPT_DGP_V,,37,24,037
IR_DPT_DGP_V,,38,82,038
IR_DPT_DGP_V,,38,84,038
IR_DPT_DGP_V,,39,43,039
IR_DPT_DGP_V,,39,27,039
IR_DPT_DGP_V,,40,72,040
IR_DPT_DGP_V,,40,75,040
IR_DPT_DGP_V,,41,24,041
IR_DPT_DGP_V,,42,82,042
IR_DPT_DGP_V,,42,84,042
IR_DPT_DGP_V,,43,83,043
IR_DPT_DGP_V,,43,84,043
IR_DPT_DGP_V,,44,52,044
IR_DPT_DGP_V,,45,24,045
IR_DPT_DGP_V,,46,73,046
IR_DPT_DGP_V,,46,76,046
IR_DPT_DGP_V,,47,72,047
IR_DPT_DGP_V,,47,75,047
IR_DPT_DGP_V,,48,91,048
IR_DPT_DGP_V,,48,76,048
IR_DPT_DGP_V,,49,52,049
IR_DPT_DGP_V,,50,25,050
IR_DPT_DGP_V,,50,28,050
IR_DPT_DGP_V,,51,21,051
IR_DPT_DGP_V,,51,44,051
IR_DPT_DGP_V,,52,21,052
IR_DPT_DGP_V,,52,44,052
IR_DPT_DGP_V,,53,52,053
IR_DPT_DGP_V,,54,41,054
IR_DPT_DGP_V,,54,44,054
IR_DPT_DGP_V,,55,41,055
IR_DPT_DGP_V,,55,44,055
IR_DPT_DGP_V,,56,53,056
IR_DPT_DGP_V,,57,41,057
IR_DPT_DGP_V,,57,44,057
IR_DPT_DGP_V,,58,26,058
IR_DPT_DGP_V,,58,27,058
IR_DPT_DGP_V,,59,31,059
IR_DPT_DGP_V,,59,32,059
IR_DPT_DGP_V,,60,22,060
IR_DPT_DGP_V,,60,32,060
IR_DPT_DGP_V,,61,25,061
IR_DPT_DGP_V,,61,28,061
IR_DPT_DGP_V,,62,31,062
IR_DPT_DGP_V,,62,32,062
IR_DPT_DGP_V,,63,83,063
IR_DPT_DGP_V,,63,84,063
IR_DPT_DGP_V,,64,72,064
IR_DPT_DGP_V,,64,75,064
IR_DPT_DGP_V,,65,73,065
IR_DPT_DGP_V,,65,76,065
IR_DPT_DGP_V,,66,91,066
IR_DPT_DGP_V,,66,76,066
IR_DPT_DGP_V,,67,42,067
IR_DPT_DGP_V,,67,44,067
IR_DPT_DGP_V,,68,42,068
IR_DPT_DGP_V,,68,44,068
IR_DPT_DGP_V,,69,82,069
IR_DPT_DGP_V,,69,84,069
IR_DPT_DGP_V,,70,43,070
IR_DPT_DGP_V,,70,27,070
IR_DPT_DGP_V,,71,26,071
IR_DPT_DGP_V,,71,27,071
IR_DPT_DGP_V,,72,52,072
