nom_table,CPT_COP_NUM,DDP_COD,MDT_COD
IR_DDP_MDT_C,,222,20
IR_DDP_MDT_C,,223,3
IR_DDP_MDT_C,,223,4
IR_DDP_MDT_C,,223,5
IR_DDP_MDT_C,,223,6
IR_DDP_MDT_C,,223,7
IR_DDP_MDT_C,,223,19
IR_DDP_MDT_C,,223,20
IR_DDP_MDT_C,,223,22
IR_DDP_MDT_C,,223,23
IR_DDP_MDT_C,,224,3
IR_DDP_MDT_C,,224,4
IR_DDP_MDT_C,,224,20
IR_DDP_MDT_C,,225,3
IR_DDP_MDT_C,,225,4
IR_DDP_MDT_C,,225,5
IR_DDP_MDT_C,,225,6
IR_DDP_MDT_C,,225,7
IR_DDP_MDT_C,,225,19
IR_DDP_MDT_C,,225,20
IR_DDP_MDT_C,,225,22
IR_DDP_MDT_C,,225,23
IR_DDP_MDT_C,,226,3
IR_DDP_MDT_C,,226,4
IR_DDP_MDT_C,,226,20
IR_DDP_MDT_C,,227,3
IR_DDP_MDT_C,,227,4
IR_DDP_MDT_C,,227,20
IR_DDP_MDT_C,,230,3
IR_DDP_MDT_C,,230,4
IR_DDP_MDT_C,,230,5
IR_DDP_MDT_C,,230,6
IR_DDP_MDT_C,,230,12
IR_DDP_MDT_C,,230,15
IR_DDP_MDT_C,,230,16
IR_DDP_MDT_C,,230,19
IR_DDP_MDT_C,,230,20
IR_DDP_MDT_C,,230,21
IR_DDP_MDT_C,,230,23
IR_DDP_MDT_C,,230,24
IR_DDP_MDT_C,,230,37
IR_DDP_MDT_C,,230,38
IR_DDP_MDT_C,,230,39
IR_DDP_MDT_C,,235,3
IR_DDP_MDT_C,,236,3
IR_DDP_MDT_C,,236,4
IR_DDP_MDT_C,,236,5
IR_DDP_MDT_C,,236,6
IR_DDP_MDT_C,,236,12
IR_DDP_MDT_C,,236,16
IR_DDP_MDT_C,,236,19
IR_DDP_MDT_C,,236,20
IR_DDP_MDT_C,,236,21
IR_DDP_MDT_C,,236,23
IR_DDP_MDT_C,,236,24
IR_DDP_MDT_C,,236,37
IR_DDP_MDT_C,,236,38
IR_DDP_MDT_C,,236,39
IR_DDP_MDT_C,,252,3
IR_DDP_MDT_C,,252,4
IR_DDP_MDT_C,,263,15
IR_DDP_MDT_C,,267,19
IR_DDP_MDT_C,,268,19
IR_DDP_MDT_C,,269,11
IR_DDP_MDT_C,,269,12
IR_DDP_MDT_C,,269,13
IR_DDP_MDT_C,,269,14
IR_DDP_MDT_C,,269,17
IR_DDP_MDT_C,,269,21
IR_DDP_MDT_C,,270,11
IR_DDP_MDT_C,,270,13
IR_DDP_MDT_C,,270,14
IR_DDP_MDT_C,,270,15
IR_DDP_MDT_C,,270,16
IR_DDP_MDT_C,,270,17
IR_DDP_MDT_C,,271,11
IR_DDP_MDT_C,,271,13
IR_DDP_MDT_C,,271,14
IR_DDP_MDT_C,,271,15
IR_DDP_MDT_C,,271,16
IR_DDP_MDT_C,,271,17
IR_DDP_MDT_C,,273,3
IR_DDP_MDT_C,,278,19
IR_DDP_MDT_C,,292,11
IR_DDP_MDT_C,,292,13
IR_DDP_MDT_C,,292,14
IR_DDP_MDT_C,,292,15
IR_DDP_MDT_C,,292,16
IR_DDP_MDT_C,,292,17
IR_DDP_MDT_C,,294,11
IR_DDP_MDT_C,,294,13
IR_DDP_MDT_C,,294,14
IR_DDP_MDT_C,,294,15
IR_DDP_MDT_C,,294,16
IR_DDP_MDT_C,,294,17
IR_DDP_MDT_C,,294,19
IR_DDP_MDT_C,,295,11
IR_DDP_MDT_C,,295,13
IR_DDP_MDT_C,,295,14
IR_DDP_MDT_C,,295,15
IR_DDP_MDT_C,,295,16
IR_DDP_MDT_C,,295,17
IR_DDP_MDT_C,,298,11
IR_DDP_MDT_C,,298,13
IR_DDP_MDT_C,,298,14
IR_DDP_MDT_C,,298,15
IR_DDP_MDT_C,,298,16
IR_DDP_MDT_C,,298,17
IR_DDP_MDT_C,,302,3
IR_DDP_MDT_C,,302,19
IR_DDP_MDT_C,,302,22
IR_DDP_MDT_C,,303,3
IR_DDP_MDT_C,,303,22
IR_DDP_MDT_C,,304,3
IR_DDP_MDT_C,,305,3
IR_DDP_MDT_C,,306,3
IR_DDP_MDT_C,,307,3
IR_DDP_MDT_C,,308,3
IR_DDP_MDT_C,,308,22
IR_DDP_MDT_C,,309,3
IR_DDP_MDT_C,,309,4
IR_DDP_MDT_C,,309,22
IR_DDP_MDT_C,,310,3
IR_DDP_MDT_C,,310,4
IR_DDP_MDT_C,,310,19
IR_DDP_MDT_C,,310,20
IR_DDP_MDT_C,,310,22
IR_DDP_MDT_C,,310,23
IR_DDP_MDT_C,,311,3
IR_DDP_MDT_C,,312,3
IR_DDP_MDT_C,,312,4
IR_DDP_MDT_C,,312,6
IR_DDP_MDT_C,,312,20
IR_DDP_MDT_C,,312,22
IR_DDP_MDT_C,,312,23
IR_DDP_MDT_C,,313,3
IR_DDP_MDT_C,,313,4
IR_DDP_MDT_C,,313,5
IR_DDP_MDT_C,,314,3
IR_DDP_MDT_C,,316,3
IR_DDP_MDT_C,,318,19
IR_DDP_MDT_C,,320,16
IR_DDP_MDT_C,,320,19
IR_DDP_MDT_C,,321,19
IR_DDP_MDT_C,,322,19
IR_DDP_MDT_C,,323,19
IR_DDP_MDT_C,,324,19
IR_DDP_MDT_C,,325,15
IR_DDP_MDT_C,,338,11
IR_DDP_MDT_C,,338,13
IR_DDP_MDT_C,,338,14
IR_DDP_MDT_C,,339,11
IR_DDP_MDT_C,,339,13
IR_DDP_MDT_C,,339,14
IR_DDP_MDT_C,,341,11
IR_DDP_MDT_C,,341,13
IR_DDP_MDT_C,,341,14
IR_DDP_MDT_C,,341,21
IR_DDP_MDT_C,,344,11
IR_DDP_MDT_C,,345,11
IR_DDP_MDT_C,,346,11
IR_DDP_MDT_C,,348,11
IR_DDP_MDT_C,,349,11
IR_DDP_MDT_C,,350,11
IR_DDP_MDT_C,,350,12
IR_DDP_MDT_C,,351,11
IR_DDP_MDT_C,,351,12
IR_DDP_MDT_C,,358,11
IR_DDP_MDT_C,,358,16
IR_DDP_MDT_C,,389,3
IR_DDP_MDT_C,,389,4
IR_DDP_MDT_C,,389,22
IR_DDP_MDT_C,,398,15
IR_DDP_MDT_C,,399,11
IR_DDP_MDT_C,,399,13
IR_DDP_MDT_C,,399,14
IR_DDP_MDT_C,,401,3
IR_DDP_MDT_C,,401,10
IR_DDP_MDT_C,,402,3
IR_DDP_MDT_C,,402,10
IR_DDP_MDT_C,,403,3
IR_DDP_MDT_C,,403,10
IR_DDP_MDT_C,,404,3
IR_DDP_MDT_C,,404,10
IR_DDP_MDT_C,,405,3
IR_DDP_MDT_C,,405,10
IR_DDP_MDT_C,,406,3
IR_DDP_MDT_C,,406,10
IR_DDP_MDT_C,,407,3
IR_DDP_MDT_C,,407,10
IR_DDP_MDT_C,,408,3
IR_DDP_MDT_C,,408,10
IR_DDP_MDT_C,,409,3
IR_DDP_MDT_C,,409,10
IR_DDP_MDT_C,,411,11
IR_DDP_MDT_C,,411,13
IR_DDP_MDT_C,,411,14
IR_DDP_MDT_C,,411,16
IR_DDP_MDT_C,,411,21
IR_DDP_MDT_C,,457,3
IR_DDP_MDT_C,,457,4
IR_DDP_MDT_C,,457,20
IR_DDP_MDT_C,,458,3
IR_DDP_MDT_C,,458,4
IR_DDP_MDT_C,,458,20
IR_DDP_MDT_C,,459,3
IR_DDP_MDT_C,,459,4
IR_DDP_MDT_C,,459,20
IR_DDP_MDT_C,,460,3
IR_DDP_MDT_C,,460,4
IR_DDP_MDT_C,,460,20
IR_DDP_MDT_C,,462,3
IR_DDP_MDT_C,,462,4
IR_DDP_MDT_C,,462,20
IR_DDP_MDT_C,,463,3
IR_DDP_MDT_C,,463,4
IR_DDP_MDT_C,,463,20
IR_DDP_MDT_C,,464,3
IR_DDP_MDT_C,,464,4
IR_DDP_MDT_C,,464,20
IR_DDP_MDT_C,,465,3
IR_DDP_MDT_C,,465,4
IR_DDP_MDT_C,,465,20
IR_DDP_MDT_C,,466,3
IR_DDP_MDT_C,,466,4
IR_DDP_MDT_C,,467,3
IR_DDP_MDT_C,,467,4
IR_DDP_MDT_C,,467,20
IR_DDP_MDT_C,,468,3
IR_DDP_MDT_C,,468,4
IR_DDP_MDT_C,,468,20
IR_DDP_MDT_C,,500,11
IR_DDP_MDT_C,,500,13
IR_DDP_MDT_C,,500,14
IR_DDP_MDT_C,,500,15
IR_DDP_MDT_C,,500,16
IR_DDP_MDT_C,,500,17
IR_DDP_MDT_C,,501,11
IR_DDP_MDT_C,,501,13
IR_DDP_MDT_C,,501,14
IR_DDP_MDT_C,,501,15
IR_DDP_MDT_C,,501,16
IR_DDP_MDT_C,,501,17
IR_DDP_MDT_C,,502,11
IR_DDP_MDT_C,,502,13
IR_DDP_MDT_C,,502,14
IR_DDP_MDT_C,,502,15
IR_DDP_MDT_C,,502,16
IR_DDP_MDT_C,,502,17
IR_DDP_MDT_C,,503,11
IR_DDP_MDT_C,,503,13
IR_DDP_MDT_C,,503,14
IR_DDP_MDT_C,,503,15
IR_DDP_MDT_C,,503,16
IR_DDP_MDT_C,,503,17
IR_DDP_MDT_C,,504,11
IR_DDP_MDT_C,,504,13
IR_DDP_MDT_C,,504,14
IR_DDP_MDT_C,,504,15
IR_DDP_MDT_C,,504,16
IR_DDP_MDT_C,,504,17
IR_DDP_MDT_C,,505,11
IR_DDP_MDT_C,,505,13
IR_DDP_MDT_C,,505,14
IR_DDP_MDT_C,,505,15
IR_DDP_MDT_C,,505,16
IR_DDP_MDT_C,,505,17
IR_DDP_MDT_C,,506,11
IR_DDP_MDT_C,,506,13
IR_DDP_MDT_C,,506,14
IR_DDP_MDT_C,,510,16
IR_DDP_MDT_C,,552,19
IR_DDP_MDT_C,,552,22
IR_DDP_MDT_C,,553,19
IR_DDP_MDT_C,,553,22
IR_DDP_MDT_C,,554,19
IR_DDP_MDT_C,,554,22
IR_DDP_MDT_C,,555,3
IR_DDP_MDT_C,,555,6
IR_DDP_MDT_C,,555,19
IR_DDP_MDT_C,,555,22
IR_DDP_MDT_C,,556,6
IR_DDP_MDT_C,,556,22
IR_DDP_MDT_C,,557,3
IR_DDP_MDT_C,,557,4
IR_DDP_MDT_C,,557,7
IR_DDP_MDT_C,,557,20
IR_DDP_MDT_C,,557,23
IR_DDP_MDT_C,,575,11
IR_DDP_MDT_C,,575,13
IR_DDP_MDT_C,,575,14
IR_DDP_MDT_C,,588,11
IR_DDP_MDT_C,,593,3
IR_DDP_MDT_C,,594,3
IR_DDP_MDT_C,,595,3
IR_DDP_MDT_C,,604,3
IR_DDP_MDT_C,,604,4
IR_DDP_MDT_C,,605,3
IR_DDP_MDT_C,,605,4
IR_DDP_MDT_C,,606,3
IR_DDP_MDT_C,,606,4
IR_DDP_MDT_C,,607,3
IR_DDP_MDT_C,,607,4
IR_DDP_MDT_C,,608,3
IR_DDP_MDT_C,,608,4
IR_DDP_MDT_C,,609,3
IR_DDP_MDT_C,,609,4
IR_DDP_MDT_C,,610,3
IR_DDP_MDT_C,,610,4
IR_DDP_MDT_C,,611,3
IR_DDP_MDT_C,,611,4
IR_DDP_MDT_C,,612,3
IR_DDP_MDT_C,,612,4
IR_DDP_MDT_C,,613,3
IR_DDP_MDT_C,,613,4
IR_DDP_MDT_C,,614,3
IR_DDP_MDT_C,,614,4
IR_DDP_MDT_C,,615,3
IR_DDP_MDT_C,,615,4
IR_DDP_MDT_C,,616,3
IR_DDP_MDT_C,,616,4
IR_DDP_MDT_C,,617,3
IR_DDP_MDT_C,,618,3
IR_DDP_MDT_C,,618,4
IR_DDP_MDT_C,,619,3
IR_DDP_MDT_C,,619,4
IR_DDP_MDT_C,,620,3
IR_DDP_MDT_C,,620,4
IR_DDP_MDT_C,,621,3
IR_DDP_MDT_C,,621,4
IR_DDP_MDT_C,,622,3
IR_DDP_MDT_C,,622,4
IR_DDP_MDT_C,,623,3
IR_DDP_MDT_C,,623,4
IR_DDP_MDT_C,,624,3
IR_DDP_MDT_C,,624,4
IR_DDP_MDT_C,,625,3
IR_DDP_MDT_C,,625,4
IR_DDP_MDT_C,,627,3
IR_DDP_MDT_C,,627,4
IR_DDP_MDT_C,,628,3
IR_DDP_MDT_C,,628,4
IR_DDP_MDT_C,,628,7
IR_DDP_MDT_C,,628,20
IR_DDP_MDT_C,,628,23
IR_DDP_MDT_C,,630,11
IR_DDP_MDT_C,,630,13
IR_DDP_MDT_C,,630,14
IR_DDP_MDT_C,,630,15
IR_DDP_MDT_C,,630,16
IR_DDP_MDT_C,,630,17
IR_DDP_MDT_C,,631,3
IR_DDP_MDT_C,,631,4
IR_DDP_MDT_C,,631,7
IR_DDP_MDT_C,,631,19
IR_DDP_MDT_C,,631,20
IR_DDP_MDT_C,,631,22
IR_DDP_MDT_C,,632,11
IR_DDP_MDT_C,,632,12
IR_DDP_MDT_C,,633,11
IR_DDP_MDT_C,,633,12
IR_DDP_MDT_C,,633,13
IR_DDP_MDT_C,,633,14
IR_DDP_MDT_C,,633,15
IR_DDP_MDT_C,,633,16
IR_DDP_MDT_C,,633,17
IR_DDP_MDT_C,,633,21
IR_DDP_MDT_C,,635,3
IR_DDP_MDT_C,,635,22
IR_DDP_MDT_C,,636,3
IR_DDP_MDT_C,,636,22
IR_DDP_MDT_C,,637,3
IR_DDP_MDT_C,,637,22
IR_DDP_MDT_C,,638,3
IR_DDP_MDT_C,,638,22
IR_DDP_MDT_C,,639,3
IR_DDP_MDT_C,,639,22
IR_DDP_MDT_C,,640,3
IR_DDP_MDT_C,,641,3
IR_DDP_MDT_C,,641,22
IR_DDP_MDT_C,,644,3
IR_DDP_MDT_C,,644,19
IR_DDP_MDT_C,,644,22
IR_DDP_MDT_C,,645,6
IR_DDP_MDT_C,,645,22
IR_DDP_MDT_C,,646,6
IR_DDP_MDT_C,,646,22
IR_DDP_MDT_C,,647,6
IR_DDP_MDT_C,,647,22
IR_DDP_MDT_C,,648,6
IR_DDP_MDT_C,,648,22
IR_DDP_MDT_C,,649,3
IR_DDP_MDT_C,,649,19
IR_DDP_MDT_C,,650,11
IR_DDP_MDT_C,,650,13
IR_DDP_MDT_C,,650,15
IR_DDP_MDT_C,,650,17
IR_DDP_MDT_C,,651,3
IR_DDP_MDT_C,,651,19
IR_DDP_MDT_C,,651,35
IR_DDP_MDT_C,,654,11
IR_DDP_MDT_C,,654,12
IR_DDP_MDT_C,,654,13
IR_DDP_MDT_C,,654,15
IR_DDP_MDT_C,,654,17
IR_DDP_MDT_C,,657,11
IR_DDP_MDT_C,,657,21
IR_DDP_MDT_C,,658,11
IR_DDP_MDT_C,,658,21
IR_DDP_MDT_C,,663,3
IR_DDP_MDT_C,,663,6
IR_DDP_MDT_C,,663,22
IR_DDP_MDT_C,,664,3
IR_DDP_MDT_C,,664,6
IR_DDP_MDT_C,,664,22
IR_DDP_MDT_C,,668,11
IR_DDP_MDT_C,,668,13
IR_DDP_MDT_C,,668,14
IR_DDP_MDT_C,,668,15
IR_DDP_MDT_C,,668,16
IR_DDP_MDT_C,,668,17
IR_DDP_MDT_C,,670,11
IR_DDP_MDT_C,,670,13
IR_DDP_MDT_C,,670,14
IR_DDP_MDT_C,,670,15
IR_DDP_MDT_C,,670,16
IR_DDP_MDT_C,,670,17
IR_DDP_MDT_C,,671,11
IR_DDP_MDT_C,,671,13
IR_DDP_MDT_C,,671,14
IR_DDP_MDT_C,,671,15
IR_DDP_MDT_C,,671,16
IR_DDP_MDT_C,,671,17
IR_DDP_MDT_C,,672,11
IR_DDP_MDT_C,,672,13
IR_DDP_MDT_C,,672,14
IR_DDP_MDT_C,,672,15
IR_DDP_MDT_C,,672,16
IR_DDP_MDT_C,,672,17
IR_DDP_MDT_C,,678,11
IR_DDP_MDT_C,,678,13
IR_DDP_MDT_C,,678,14
IR_DDP_MDT_C,,678,15
IR_DDP_MDT_C,,678,16
IR_DDP_MDT_C,,678,17
IR_DDP_MDT_C,,680,11
IR_DDP_MDT_C,,680,13
IR_DDP_MDT_C,,680,14
IR_DDP_MDT_C,,680,15
IR_DDP_MDT_C,,680,16
IR_DDP_MDT_C,,680,17
IR_DDP_MDT_C,,681,11
IR_DDP_MDT_C,,681,13
IR_DDP_MDT_C,,681,14
IR_DDP_MDT_C,,681,15
IR_DDP_MDT_C,,681,16
IR_DDP_MDT_C,,681,17
IR_DDP_MDT_C,,684,11
IR_DDP_MDT_C,,684,13
IR_DDP_MDT_C,,684,14
IR_DDP_MDT_C,,684,15
IR_DDP_MDT_C,,684,16
IR_DDP_MDT_C,,684,17
IR_DDP_MDT_C,,690,11
IR_DDP_MDT_C,,690,12
IR_DDP_MDT_C,,690,13
IR_DDP_MDT_C,,690,14
IR_DDP_MDT_C,,690,15
IR_DDP_MDT_C,,690,16
IR_DDP_MDT_C,,690,17
IR_DDP_MDT_C,,691,11
IR_DDP_MDT_C,,691,12
IR_DDP_MDT_C,,691,13
IR_DDP_MDT_C,,691,14
IR_DDP_MDT_C,,691,15
IR_DDP_MDT_C,,691,16
IR_DDP_MDT_C,,691,17
IR_DDP_MDT_C,,715,3
IR_DDP_MDT_C,,715,6
IR_DDP_MDT_C,,715,22
IR_DDP_MDT_C,,717,3
IR_DDP_MDT_C,,717,4
IR_DDP_MDT_C,,717,20
IR_DDP_MDT_C,,717,22
IR_DDP_MDT_C,,717,23
IR_DDP_MDT_C,,718,3
IR_DDP_MDT_C,,718,4
IR_DDP_MDT_C,,718,20
IR_DDP_MDT_C,,718,23
IR_DDP_MDT_C,,719,3
IR_DDP_MDT_C,,719,4
IR_DDP_MDT_C,,719,20
IR_DDP_MDT_C,,719,22
IR_DDP_MDT_C,,720,3
IR_DDP_MDT_C,,720,22
IR_DDP_MDT_C,,721,3
IR_DDP_MDT_C,,721,19
IR_DDP_MDT_C,,721,22
IR_DDP_MDT_C,,722,3
IR_DDP_MDT_C,,722,4
IR_DDP_MDT_C,,722,6
IR_DDP_MDT_C,,722,20
IR_DDP_MDT_C,,722,22
IR_DDP_MDT_C,,722,23
IR_DDP_MDT_C,,723,19
IR_DDP_MDT_C,,723,22
IR_DDP_MDT_C,,728,3
IR_DDP_MDT_C,,728,4
IR_DDP_MDT_C,,728,5
IR_DDP_MDT_C,,728,6
IR_DDP_MDT_C,,728,20
IR_DDP_MDT_C,,728,22
IR_DDP_MDT_C,,728,23
IR_DDP_MDT_C,,729,3
IR_DDP_MDT_C,,729,4
IR_DDP_MDT_C,,729,5
IR_DDP_MDT_C,,729,6
IR_DDP_MDT_C,,729,20
IR_DDP_MDT_C,,729,22
IR_DDP_MDT_C,,729,23
IR_DDP_MDT_C,,730,3
IR_DDP_MDT_C,,730,4
IR_DDP_MDT_C,,730,5
IR_DDP_MDT_C,,730,6
IR_DDP_MDT_C,,730,20
IR_DDP_MDT_C,,730,22
IR_DDP_MDT_C,,730,23
IR_DDP_MDT_C,,731,3
IR_DDP_MDT_C,,731,4
IR_DDP_MDT_C,,731,5
IR_DDP_MDT_C,,731,6
IR_DDP_MDT_C,,731,20
IR_DDP_MDT_C,,731,22
IR_DDP_MDT_C,,731,23
IR_DDP_MDT_C,,732,3
IR_DDP_MDT_C,,732,4
IR_DDP_MDT_C,,732,6
IR_DDP_MDT_C,,732,20
IR_DDP_MDT_C,,732,22
IR_DDP_MDT_C,,732,23
IR_DDP_MDT_C,,733,3
IR_DDP_MDT_C,,733,4
IR_DDP_MDT_C,,733,6
IR_DDP_MDT_C,,733,20
IR_DDP_MDT_C,,733,22
IR_DDP_MDT_C,,733,23
IR_DDP_MDT_C,,734,3
IR_DDP_MDT_C,,735,3
IR_DDP_MDT_C,,736,3
IR_DDP_MDT_C,,736,4
IR_DDP_MDT_C,,736,7
IR_DDP_MDT_C,,736,20
IR_DDP_MDT_C,,736,23
IR_DDP_MDT_C,,737,3
IR_DDP_MDT_C,,737,4
IR_DDP_MDT_C,,738,3
IR_DDP_MDT_C,,738,4
IR_DDP_MDT_C,,738,19
IR_DDP_MDT_C,,738,20
IR_DDP_MDT_C,,739,3
IR_DDP_MDT_C,,739,4
IR_DDP_MDT_C,,739,19
IR_DDP_MDT_C,,739,20
IR_DDP_MDT_C,,742,3
IR_DDP_MDT_C,,742,22
IR_DDP_MDT_C,,743,3
IR_DDP_MDT_C,,743,4
IR_DDP_MDT_C,,743,22
IR_DDP_MDT_C,,743,23
IR_DDP_MDT_C,,744,3
IR_DDP_MDT_C,,744,4
IR_DDP_MDT_C,,744,22
IR_DDP_MDT_C,,744,23
IR_DDP_MDT_C,,750,3
IR_DDP_MDT_C,,750,19
IR_DDP_MDT_C,,750,22
IR_DDP_MDT_C,,753,3
IR_DDP_MDT_C,,753,19
IR_DDP_MDT_C,,753,22
IR_DDP_MDT_C,,796,6
IR_DDP_MDT_C,,796,19
IR_DDP_MDT_C,,797,3
IR_DDP_MDT_C,,797,6
IR_DDP_MDT_C,,797,19
IR_DDP_MDT_C,,797,22
IR_DDP_MDT_C,,798,3
IR_DDP_MDT_C,,798,6
IR_DDP_MDT_C,,798,19
IR_DDP_MDT_C,,798,22
IR_DDP_MDT_C,,799,6
IR_DDP_MDT_C,,799,22
IR_DDP_MDT_C,,800,6
IR_DDP_MDT_C,,800,22
IR_DDP_MDT_C,,801,6
IR_DDP_MDT_C,,801,22
IR_DDP_MDT_C,,803,3
IR_DDP_MDT_C,,803,4
IR_DDP_MDT_C,,806,21
IR_DDP_MDT_C,,807,21
IR_DDP_MDT_C,,808,3
IR_DDP_MDT_C,,809,3
IR_DDP_MDT_C,,809,4
IR_DDP_MDT_C,,809,5
IR_DDP_MDT_C,,809,6
IR_DDP_MDT_C,,809,20
IR_DDP_MDT_C,,809,22
IR_DDP_MDT_C,,809,23
IR_DDP_MDT_C,,825,3
IR_DDP_MDT_C,,825,6
IR_DDP_MDT_C,,825,7
IR_DDP_MDT_C,,825,22
IR_DDP_MDT_C,,826,3
IR_DDP_MDT_C,,826,7
IR_DDP_MDT_C,,826,22
IR_DDP_MDT_C,,827,6
IR_DDP_MDT_C,,827,22
IR_DDP_MDT_C,,828,3
IR_DDP_MDT_C,,828,19
IR_DDP_MDT_C,,828,35
IR_DDP_MDT_C,,829,3
IR_DDP_MDT_C,,829,19
IR_DDP_MDT_C,,829,35
IR_DDP_MDT_C,,830,3
IR_DDP_MDT_C,,830,19
IR_DDP_MDT_C,,830,35
IR_DDP_MDT_C,,831,3
IR_DDP_MDT_C,,831,19
IR_DDP_MDT_C,,831,35
IR_DDP_MDT_C,,832,3
IR_DDP_MDT_C,,832,19
IR_DDP_MDT_C,,832,35
IR_DDP_MDT_C,,833,3
IR_DDP_MDT_C,,833,19
IR_DDP_MDT_C,,833,35
IR_DDP_MDT_C,,834,3
IR_DDP_MDT_C,,834,19
IR_DDP_MDT_C,,834,35
IR_DDP_MDT_C,,835,3
IR_DDP_MDT_C,,835,19
IR_DDP_MDT_C,,835,35
IR_DDP_MDT_C,,837,11
IR_DDP_MDT_C,,837,13
IR_DDP_MDT_C,,837,14
IR_DDP_MDT_C,,840,11
IR_DDP_MDT_C,,840,13
IR_DDP_MDT_C,,840,14
IR_DDP_MDT_C,,841,11
IR_DDP_MDT_C,,841,13
IR_DDP_MDT_C,,841,14
IR_DDP_MDT_C,,842,11
IR_DDP_MDT_C,,842,13
IR_DDP_MDT_C,,842,14
IR_DDP_MDT_C,,843,11
IR_DDP_MDT_C,,843,13
IR_DDP_MDT_C,,843,14
IR_DDP_MDT_C,,844,11
IR_DDP_MDT_C,,844,13
IR_DDP_MDT_C,,844,14
IR_DDP_MDT_C,,845,11
IR_DDP_MDT_C,,845,13
IR_DDP_MDT_C,,845,14
IR_DDP_MDT_C,,846,16
IR_DDP_MDT_C,,847,16
IR_DDP_MDT_C,,848,16
IR_DDP_MDT_C,,849,16
IR_DDP_MDT_C,,850,16
IR_DDP_MDT_C,,851,16
IR_DDP_MDT_C,,852,16
IR_DDP_MDT_C,,853,16
IR_DDP_MDT_C,,854,16
IR_DDP_MDT_C,,855,16
IR_DDP_MDT_C,,856,16
IR_DDP_MDT_C,,857,16
IR_DDP_MDT_C,,858,16
IR_DDP_MDT_C,,859,16
IR_DDP_MDT_C,,901,11
IR_DDP_MDT_C,,901,12
IR_DDP_MDT_C,,901,13
IR_DDP_MDT_C,,901,14
IR_DDP_MDT_C,,901,15
IR_DDP_MDT_C,,901,16
IR_DDP_MDT_C,,901,17
IR_DDP_MDT_C,,902,11
IR_DDP_MDT_C,,902,12
IR_DDP_MDT_C,,902,13
IR_DDP_MDT_C,,902,14
IR_DDP_MDT_C,,902,15
IR_DDP_MDT_C,,902,16
IR_DDP_MDT_C,,902,17
IR_DDP_MDT_C,,924,11
IR_DDP_MDT_C,,925,11
IR_DDP_MDT_C,,926,11
IR_DDP_MDT_C,,927,11
IR_DDP_MDT_C,,938,11
IR_DDP_MDT_C,,957,3
IR_DDP_MDT_C,,958,4
IR_DDP_MDT_C,,958,19
IR_DDP_MDT_C,,960,3
IR_DDP_MDT_C,,969,3
IR_DDP_MDT_C,,970,3
IR_DDP_MDT_C,,972,3
IR_DDP_MDT_C,,978,3
IR_DDP_MDT_C,,979,3
IR_DDP_MDT_C,,980,7
IR_DDP_MDT_C,,981,3
IR_DDP_MDT_C,,0,7
IR_DDP_MDT_C,,0,22
IR_DDP_MDT_C,,35,3
IR_DDP_MDT_C,,35,19
IR_DDP_MDT_C,,35,22
IR_DDP_MDT_C,,38,19
IR_DDP_MDT_C,,39,3
IR_DDP_MDT_C,,39,19
IR_DDP_MDT_C,,39,22
IR_DDP_MDT_C,,43,3
IR_DDP_MDT_C,,43,19
IR_DDP_MDT_C,,43,22
IR_DDP_MDT_C,,76,3
IR_DDP_MDT_C,,76,4
IR_DDP_MDT_C,,76,22
IR_DDP_MDT_C,,76,23
IR_DDP_MDT_C,,102,3
IR_DDP_MDT_C,,102,4
IR_DDP_MDT_C,,102,6
IR_DDP_MDT_C,,102,22
IR_DDP_MDT_C,,102,23
IR_DDP_MDT_C,,103,3
IR_DDP_MDT_C,,103,4
IR_DDP_MDT_C,,103,6
IR_DDP_MDT_C,,103,22
IR_DDP_MDT_C,,103,23
IR_DDP_MDT_C,,104,3
IR_DDP_MDT_C,,104,22
IR_DDP_MDT_C,,105,3
IR_DDP_MDT_C,,105,22
IR_DDP_MDT_C,,106,3
IR_DDP_MDT_C,,106,22
IR_DDP_MDT_C,,107,3
IR_DDP_MDT_C,,107,22
IR_DDP_MDT_C,,108,3
IR_DDP_MDT_C,,108,4
IR_DDP_MDT_C,,108,5
IR_DDP_MDT_C,,108,6
IR_DDP_MDT_C,,108,19
IR_DDP_MDT_C,,108,20
IR_DDP_MDT_C,,108,22
IR_DDP_MDT_C,,108,23
IR_DDP_MDT_C,,109,3
IR_DDP_MDT_C,,109,4
IR_DDP_MDT_C,,109,5
IR_DDP_MDT_C,,109,6
IR_DDP_MDT_C,,109,20
IR_DDP_MDT_C,,109,22
IR_DDP_MDT_C,,109,23
IR_DDP_MDT_C,,110,3
IR_DDP_MDT_C,,110,4
IR_DDP_MDT_C,,110,5
IR_DDP_MDT_C,,110,6
IR_DDP_MDT_C,,110,20
IR_DDP_MDT_C,,110,22
IR_DDP_MDT_C,,110,23
IR_DDP_MDT_C,,111,3
IR_DDP_MDT_C,,111,4
IR_DDP_MDT_C,,111,5
IR_DDP_MDT_C,,111,6
IR_DDP_MDT_C,,111,20
IR_DDP_MDT_C,,111,22
IR_DDP_MDT_C,,111,23
IR_DDP_MDT_C,,112,3
IR_DDP_MDT_C,,112,4
IR_DDP_MDT_C,,112,20
IR_DDP_MDT_C,,112,22
IR_DDP_MDT_C,,112,23
IR_DDP_MDT_C,,113,3
IR_DDP_MDT_C,,113,4
IR_DDP_MDT_C,,113,5
IR_DDP_MDT_C,,113,6
IR_DDP_MDT_C,,113,20
IR_DDP_MDT_C,,113,22
IR_DDP_MDT_C,,113,23
IR_DDP_MDT_C,,114,3
IR_DDP_MDT_C,,114,4
IR_DDP_MDT_C,,114,6
IR_DDP_MDT_C,,114,20
IR_DDP_MDT_C,,114,22
IR_DDP_MDT_C,,114,23
IR_DDP_MDT_C,,115,3
IR_DDP_MDT_C,,115,4
IR_DDP_MDT_C,,115,6
IR_DDP_MDT_C,,115,20
IR_DDP_MDT_C,,115,22
IR_DDP_MDT_C,,115,23
IR_DDP_MDT_C,,116,3
IR_DDP_MDT_C,,116,4
IR_DDP_MDT_C,,116,6
IR_DDP_MDT_C,,116,20
IR_DDP_MDT_C,,116,22
IR_DDP_MDT_C,,116,23
IR_DDP_MDT_C,,117,3
IR_DDP_MDT_C,,117,4
IR_DDP_MDT_C,,117,6
IR_DDP_MDT_C,,117,20
IR_DDP_MDT_C,,117,22
IR_DDP_MDT_C,,117,23
IR_DDP_MDT_C,,118,3
IR_DDP_MDT_C,,118,4
IR_DDP_MDT_C,,118,6
IR_DDP_MDT_C,,118,20
IR_DDP_MDT_C,,118,22
IR_DDP_MDT_C,,118,23
IR_DDP_MDT_C,,119,3
IR_DDP_MDT_C,,119,4
IR_DDP_MDT_C,,119,6
IR_DDP_MDT_C,,119,20
IR_DDP_MDT_C,,119,22
IR_DDP_MDT_C,,119,23
IR_DDP_MDT_C,,120,3
IR_DDP_MDT_C,,120,4
IR_DDP_MDT_C,,120,6
IR_DDP_MDT_C,,120,20
IR_DDP_MDT_C,,120,22
IR_DDP_MDT_C,,120,23
IR_DDP_MDT_C,,121,3
IR_DDP_MDT_C,,121,4
IR_DDP_MDT_C,,121,6
IR_DDP_MDT_C,,121,20
IR_DDP_MDT_C,,121,22
IR_DDP_MDT_C,,121,23
IR_DDP_MDT_C,,122,3
IR_DDP_MDT_C,,122,4
IR_DDP_MDT_C,,122,6
IR_DDP_MDT_C,,122,20
IR_DDP_MDT_C,,122,22
IR_DDP_MDT_C,,122,23
IR_DDP_MDT_C,,123,3
IR_DDP_MDT_C,,123,4
IR_DDP_MDT_C,,123,6
IR_DDP_MDT_C,,123,20
IR_DDP_MDT_C,,123,22
IR_DDP_MDT_C,,123,23
IR_DDP_MDT_C,,124,3
IR_DDP_MDT_C,,124,4
IR_DDP_MDT_C,,124,6
IR_DDP_MDT_C,,124,20
IR_DDP_MDT_C,,124,22
IR_DDP_MDT_C,,124,23
IR_DDP_MDT_C,,125,3
IR_DDP_MDT_C,,125,4
IR_DDP_MDT_C,,125,6
IR_DDP_MDT_C,,125,20
IR_DDP_MDT_C,,125,22
IR_DDP_MDT_C,,125,23
IR_DDP_MDT_C,,126,3
IR_DDP_MDT_C,,126,4
IR_DDP_MDT_C,,126,5
IR_DDP_MDT_C,,126,6
IR_DDP_MDT_C,,126,20
IR_DDP_MDT_C,,126,22
IR_DDP_MDT_C,,126,23
IR_DDP_MDT_C,,127,3
IR_DDP_MDT_C,,127,4
IR_DDP_MDT_C,,127,6
IR_DDP_MDT_C,,127,7
IR_DDP_MDT_C,,127,19
IR_DDP_MDT_C,,127,20
IR_DDP_MDT_C,,127,22
IR_DDP_MDT_C,,127,23
IR_DDP_MDT_C,,129,3
IR_DDP_MDT_C,,129,4
IR_DDP_MDT_C,,129,5
IR_DDP_MDT_C,,129,6
IR_DDP_MDT_C,,129,20
IR_DDP_MDT_C,,129,22
IR_DDP_MDT_C,,129,23
IR_DDP_MDT_C,,130,3
IR_DDP_MDT_C,,130,4
IR_DDP_MDT_C,,130,5
IR_DDP_MDT_C,,130,6
IR_DDP_MDT_C,,130,20
IR_DDP_MDT_C,,130,22
IR_DDP_MDT_C,,130,23
IR_DDP_MDT_C,,131,3
IR_DDP_MDT_C,,131,4
IR_DDP_MDT_C,,131,6
IR_DDP_MDT_C,,131,20
IR_DDP_MDT_C,,131,22
IR_DDP_MDT_C,,131,23
IR_DDP_MDT_C,,132,3
IR_DDP_MDT_C,,132,4
IR_DDP_MDT_C,,132,6
IR_DDP_MDT_C,,132,20
IR_DDP_MDT_C,,132,22
IR_DDP_MDT_C,,132,23
IR_DDP_MDT_C,,133,3
IR_DDP_MDT_C,,133,4
IR_DDP_MDT_C,,133,6
IR_DDP_MDT_C,,133,20
IR_DDP_MDT_C,,133,22
IR_DDP_MDT_C,,133,23
IR_DDP_MDT_C,,134,3
IR_DDP_MDT_C,,134,4
IR_DDP_MDT_C,,134,20
IR_DDP_MDT_C,,134,22
IR_DDP_MDT_C,,134,23
IR_DDP_MDT_C,,135,3
IR_DDP_MDT_C,,135,19
IR_DDP_MDT_C,,135,22
IR_DDP_MDT_C,,136,3
IR_DDP_MDT_C,,136,4
IR_DDP_MDT_C,,136,19
IR_DDP_MDT_C,,136,20
IR_DDP_MDT_C,,136,22
IR_DDP_MDT_C,,136,23
IR_DDP_MDT_C,,137,3
IR_DDP_MDT_C,,137,4
IR_DDP_MDT_C,,137,7
IR_DDP_MDT_C,,137,19
IR_DDP_MDT_C,,137,20
IR_DDP_MDT_C,,137,23
IR_DDP_MDT_C,,138,3
IR_DDP_MDT_C,,138,4
IR_DDP_MDT_C,,138,7
IR_DDP_MDT_C,,138,20
IR_DDP_MDT_C,,138,23
IR_DDP_MDT_C,,139,3
IR_DDP_MDT_C,,139,4
IR_DDP_MDT_C,,139,7
IR_DDP_MDT_C,,139,20
IR_DDP_MDT_C,,139,23
IR_DDP_MDT_C,,140,3
IR_DDP_MDT_C,,140,4
IR_DDP_MDT_C,,140,7
IR_DDP_MDT_C,,140,20
IR_DDP_MDT_C,,140,23
IR_DDP_MDT_C,,141,3
IR_DDP_MDT_C,,142,3
IR_DDP_MDT_C,,143,3
IR_DDP_MDT_C,,143,4
IR_DDP_MDT_C,,143,7
IR_DDP_MDT_C,,143,19
IR_DDP_MDT_C,,143,20
IR_DDP_MDT_C,,143,23
IR_DDP_MDT_C,,144,3
IR_DDP_MDT_C,,144,4
IR_DDP_MDT_C,,144,7
IR_DDP_MDT_C,,144,20
IR_DDP_MDT_C,,144,23
IR_DDP_MDT_C,,145,3
IR_DDP_MDT_C,,145,4
IR_DDP_MDT_C,,145,20
IR_DDP_MDT_C,,145,23
IR_DDP_MDT_C,,146,3
IR_DDP_MDT_C,,146,4
IR_DDP_MDT_C,,146,7
IR_DDP_MDT_C,,146,20
IR_DDP_MDT_C,,146,23
IR_DDP_MDT_C,,147,3
IR_DDP_MDT_C,,147,4
IR_DDP_MDT_C,,147,20
IR_DDP_MDT_C,,147,23
IR_DDP_MDT_C,,148,3
IR_DDP_MDT_C,,148,4
IR_DDP_MDT_C,,148,20
IR_DDP_MDT_C,,148,23
IR_DDP_MDT_C,,149,3
IR_DDP_MDT_C,,149,4
IR_DDP_MDT_C,,149,7
IR_DDP_MDT_C,,149,19
IR_DDP_MDT_C,,149,20
IR_DDP_MDT_C,,149,23
IR_DDP_MDT_C,,150,3
IR_DDP_MDT_C,,150,4
IR_DDP_MDT_C,,150,7
IR_DDP_MDT_C,,150,20
IR_DDP_MDT_C,,150,23
IR_DDP_MDT_C,,151,3
IR_DDP_MDT_C,,151,4
IR_DDP_MDT_C,,151,7
IR_DDP_MDT_C,,151,19
IR_DDP_MDT_C,,151,20
IR_DDP_MDT_C,,151,23
IR_DDP_MDT_C,,152,3
IR_DDP_MDT_C,,152,4
IR_DDP_MDT_C,,152,7
IR_DDP_MDT_C,,152,19
IR_DDP_MDT_C,,152,20
IR_DDP_MDT_C,,152,23
IR_DDP_MDT_C,,153,3
IR_DDP_MDT_C,,153,4
IR_DDP_MDT_C,,153,7
IR_DDP_MDT_C,,153,19
IR_DDP_MDT_C,,153,20
IR_DDP_MDT_C,,153,23
IR_DDP_MDT_C,,154,3
IR_DDP_MDT_C,,154,4
IR_DDP_MDT_C,,154,7
IR_DDP_MDT_C,,154,19
IR_DDP_MDT_C,,154,20
IR_DDP_MDT_C,,154,23
IR_DDP_MDT_C,,155,3
IR_DDP_MDT_C,,155,4
IR_DDP_MDT_C,,155,7
IR_DDP_MDT_C,,155,19
IR_DDP_MDT_C,,155,20
IR_DDP_MDT_C,,155,23
IR_DDP_MDT_C,,156,3
IR_DDP_MDT_C,,156,4
IR_DDP_MDT_C,,156,7
IR_DDP_MDT_C,,156,20
IR_DDP_MDT_C,,156,23
IR_DDP_MDT_C,,157,3
IR_DDP_MDT_C,,157,4
IR_DDP_MDT_C,,157,7
IR_DDP_MDT_C,,157,19
IR_DDP_MDT_C,,157,20
IR_DDP_MDT_C,,157,23
IR_DDP_MDT_C,,158,3
IR_DDP_MDT_C,,158,4
IR_DDP_MDT_C,,158,7
IR_DDP_MDT_C,,158,20
IR_DDP_MDT_C,,158,23
IR_DDP_MDT_C,,159,3
IR_DDP_MDT_C,,159,4
IR_DDP_MDT_C,,159,7
IR_DDP_MDT_C,,159,20
IR_DDP_MDT_C,,159,23
IR_DDP_MDT_C,,160,3
IR_DDP_MDT_C,,160,4
IR_DDP_MDT_C,,160,7
IR_DDP_MDT_C,,160,20
IR_DDP_MDT_C,,160,23
IR_DDP_MDT_C,,161,3
IR_DDP_MDT_C,,161,4
IR_DDP_MDT_C,,161,7
IR_DDP_MDT_C,,161,20
IR_DDP_MDT_C,,161,23
IR_DDP_MDT_C,,162,3
IR_DDP_MDT_C,,162,4
IR_DDP_MDT_C,,162,7
IR_DDP_MDT_C,,162,20
IR_DDP_MDT_C,,162,23
IR_DDP_MDT_C,,163,3
IR_DDP_MDT_C,,163,4
IR_DDP_MDT_C,,163,7
IR_DDP_MDT_C,,163,19
IR_DDP_MDT_C,,163,20
IR_DDP_MDT_C,,163,22
IR_DDP_MDT_C,,164,3
IR_DDP_MDT_C,,164,4
IR_DDP_MDT_C,,164,7
IR_DDP_MDT_C,,164,19
IR_DDP_MDT_C,,164,20
IR_DDP_MDT_C,,164,22
IR_DDP_MDT_C,,165,3
IR_DDP_MDT_C,,165,6
IR_DDP_MDT_C,,165,22
IR_DDP_MDT_C,,166,3
IR_DDP_MDT_C,,167,3
IR_DDP_MDT_C,,168,3
IR_DDP_MDT_C,,168,4
IR_DDP_MDT_C,,169,3
IR_DDP_MDT_C,,169,4
IR_DDP_MDT_C,,170,3
IR_DDP_MDT_C,,170,4
IR_DDP_MDT_C,,171,3
IR_DDP_MDT_C,,171,4
IR_DDP_MDT_C,,172,3
IR_DDP_MDT_C,,172,4
IR_DDP_MDT_C,,172,19
IR_DDP_MDT_C,,172,20
IR_DDP_MDT_C,,173,3
IR_DDP_MDT_C,,173,19
IR_DDP_MDT_C,,173,35
IR_DDP_MDT_C,,174,3
IR_DDP_MDT_C,,174,4
IR_DDP_MDT_C,,174,5
IR_DDP_MDT_C,,174,6
IR_DDP_MDT_C,,174,7
IR_DDP_MDT_C,,174,19
IR_DDP_MDT_C,,174,20
IR_DDP_MDT_C,,174,22
IR_DDP_MDT_C,,174,23
IR_DDP_MDT_C,,176,3
IR_DDP_MDT_C,,177,11
IR_DDP_MDT_C,,178,3
IR_DDP_MDT_C,,178,4
IR_DDP_MDT_C,,178,19
IR_DDP_MDT_C,,178,20
IR_DDP_MDT_C,,179,3
IR_DDP_MDT_C,,179,4
IR_DDP_MDT_C,,179,19
IR_DDP_MDT_C,,179,20
IR_DDP_MDT_C,,180,3
IR_DDP_MDT_C,,180,4
IR_DDP_MDT_C,,180,19
IR_DDP_MDT_C,,180,20
IR_DDP_MDT_C,,181,3
IR_DDP_MDT_C,,181,4
IR_DDP_MDT_C,,181,7
IR_DDP_MDT_C,,181,19
IR_DDP_MDT_C,,181,20
IR_DDP_MDT_C,,181,23
IR_DDP_MDT_C,,182,3
IR_DDP_MDT_C,,182,4
IR_DDP_MDT_C,,182,19
IR_DDP_MDT_C,,182,20
IR_DDP_MDT_C,,183,3
IR_DDP_MDT_C,,183,22
IR_DDP_MDT_C,,184,3
IR_DDP_MDT_C,,184,4
IR_DDP_MDT_C,,184,19
IR_DDP_MDT_C,,184,20
IR_DDP_MDT_C,,185,3
IR_DDP_MDT_C,,185,4
IR_DDP_MDT_C,,187,3
IR_DDP_MDT_C,,187,4
IR_DDP_MDT_C,,187,19
IR_DDP_MDT_C,,187,20
IR_DDP_MDT_C,,189,3
IR_DDP_MDT_C,,189,19
IR_DDP_MDT_C,,189,35
IR_DDP_MDT_C,,190,3
IR_DDP_MDT_C,,190,19
IR_DDP_MDT_C,,191,3
IR_DDP_MDT_C,,191,19
IR_DDP_MDT_C,,192,3
IR_DDP_MDT_C,,192,19
IR_DDP_MDT_C,,193,3
IR_DDP_MDT_C,,193,19
IR_DDP_MDT_C,,193,35
IR_DDP_MDT_C,,194,3
IR_DDP_MDT_C,,194,19
IR_DDP_MDT_C,,194,35
IR_DDP_MDT_C,,195,3
IR_DDP_MDT_C,,195,4
IR_DDP_MDT_C,,195,5
IR_DDP_MDT_C,,195,6
IR_DDP_MDT_C,,195,15
IR_DDP_MDT_C,,195,16
IR_DDP_MDT_C,,195,19
IR_DDP_MDT_C,,195,20
IR_DDP_MDT_C,,196,3
IR_DDP_MDT_C,,196,4
IR_DDP_MDT_C,,196,5
IR_DDP_MDT_C,,196,6
IR_DDP_MDT_C,,196,15
IR_DDP_MDT_C,,196,16
IR_DDP_MDT_C,,196,19
IR_DDP_MDT_C,,196,20
IR_DDP_MDT_C,,198,3
IR_DDP_MDT_C,,198,4
IR_DDP_MDT_C,,198,6
IR_DDP_MDT_C,,198,20
IR_DDP_MDT_C,,198,22
IR_DDP_MDT_C,,198,23
IR_DDP_MDT_C,,206,3
IR_DDP_MDT_C,,212,11
IR_DDP_MDT_C,,212,21
IR_DDP_MDT_C,,214,3
IR_DDP_MDT_C,,214,4
IR_DDP_MDT_C,,214,5
IR_DDP_MDT_C,,214,20
IR_DDP_MDT_C,,217,3
IR_DDP_MDT_C,,217,4
IR_DDP_MDT_C,,217,20
IR_DDP_MDT_C,,219,3
IR_DDP_MDT_C,,219,4
IR_DDP_MDT_C,,219,20
IR_DDP_MDT_C,,220,3
IR_DDP_MDT_C,,220,4
IR_DDP_MDT_C,,220,20
IR_DDP_MDT_C,,221,3
IR_DDP_MDT_C,,221,4
IR_DDP_MDT_C,,221,20
IR_DDP_MDT_C,,222,3
IR_DDP_MDT_C,,222,4
