nom_table,TEC_COL,CPT_COP_NUM,TRS_PRS_IDE,TRS_IDE_LIB
IR_DTR_V,0,,11,"FORFAIT DEPARTEMENTAL OU MINIMUM DE PERCEPTION, MAJORE OU NON"
IR_DTR_V,0,,12,"FORFAIT AGGLOMERATION, MAJORE OU NON"
IR_DTR_V,0,,13,"FORFAIT REGION PARISIENNE, MAJORE OU NON"
IR_DTR_V,0,,14,"MAJORATION FORFAIT DEPARTEMENTAL OU MINIMUM DE PERCEPTION, MAJORE NUIT (75% DU TARIF AMBULANCE, 50% DU TARIF VSL)"
IR_DTR_V,0,,15,"MAJORATION FORFAIT AGGLOMERATION, MAJORE NUIT (75% AMBULANCE, 50% VSL)"
IR_DTR_V,0,,16,"MAJORATION FORFAIT REGION PARISIENNE, MAJORE NUIT (75% AMBULANCE, 50% VSL)"
IR_DTR_V,0,,17,"MAJORATION FORFAIT DEPARTEMENTAL OU MINIMUM DE PERCEPTION, MAJORE DIMANCHE OU FERIE (50% AMBULANCE, 25% VSL)"
IR_DTR_V,0,,18,"MAJORATION FORFAIT AGGLOMERATION, MAJORE DIMANCHE OU FERIE (50% AMBULANCE, 25% VSL)"
IR_DTR_V,0,,19,"MAJORATION FORFAIT REGION PARISIENNE, DIMANCHE OU FERIE (50% AMBULANCE, 25% VSL)"
IR_DTR_V,0,,21,KILOMETRES A TARIF NORMAL (<= 150KM) MAJORES OU NON
IR_DTR_V,0,,22,KILOMETRES A TARIF REDUIT (> 150KM) MAJORES OU NON
IR_DTR_V,0,,23,"MAJORATION KILOMETRES A TARIF NORMAL (<= 150KM) MAJORES NUIT (75% DU TARIF KM NORMAL POUR AMBULANCE, 50% VSL)"
IR_DTR_V,0,,24,MAJORATION KILOMETRES A TARIF REDUIT (> 150KM) MAJORES NUIT (50% DU TARIF KM REDUIT POUR VSL)
IR_DTR_V,0,,25,"MAJORATION KILOMETRES A TARIF NORMAL (<= 150KM) MAJORES DIMANCHE OU FERIE (50% DU TARIF KM NORMAL POUR AMBULANCE, 25% VSL)"
IR_DTR_V,0,,26,"MAJORATION KILOMETRES A TARIF REDUIT (> 150KM) MAJORES DIMANCHE OU FERIE (50% DU TARIF KM REDUIT POUR AMBULANCE, 25% VSL)"
IR_DTR_V,0,,41,"SUPPLEMENT GARE, PORT, AEROPORT"
IR_DTR_V,0,,42,SUPPLEMENT ENFANT PREMATURE
IR_DTR_V,0,,43,SUPPLEMENT APPEL D URGENCE
IR_DTR_V,0,,44,SUPPLEMENT ILES/CONTINENT
IR_DTR_V,0,,45,SUPPLEMENT POUR HEURES D ATTENTE OU DE COURSE LENTE
IR_DTR_V,0,,46,AUTRE SUPPLEMENT REMBOURSABLE TAXI
IR_DTR_V,0,,47,MAJORATION POUR ABA-TRAJET < OU = A 5KM PARCOURUS
IR_DTR_V,0,,48,"MAJORATION POUR ABA-TRAJET < OU = A 5KM PARCOURUS, MAJORE NUIT"
IR_DTR_V,0,,49,"MAJORATION POUR ABA-TRAJET < OU = A 5KM PARCOURUS, MAJORE FERIE"
IR_DTR_V,0,,51,PEAGE OU VOIE D EAU
IR_DTR_V,0,,52,MAJORATION POUR ABA-TRAJET>A 5KM et <OU=10KM PARCOURUS
IR_DTR_V,0,,53,"MAJORATION POUR ABA-TRAJET>A 5KM et <OU=10KM PARCOURUS, MAJORE NUIT"
IR_DTR_V,0,,54,"MAJORATION POUR ABA-TRAJET>A 5KM et <OU=10KM PARCOURUS, MAJORE FERIE"
IR_DTR_V,0,,55,MAJORATION POUR ABA-TRAJET>A 10KM et <OU=15KM PARCOURUS
IR_DTR_V,0,,56,"MAJORATION POUR ABA-TRAJET>A 10KM et <OU=15KM PARCOURUS, MAJORE NUIT"
IR_DTR_V,0,,57,"MAJORATION POUR ABA-TRAJET>A 10KM et <OU=15KM PARCOURUS, MAJORE FERIE"
IR_DTR_V,0,,58,MAJORATION POUR ABA-TRAJET>A 15KM et <OU=19KM PARCOURUS
IR_DTR_V,0,,59,"MAJORATION POUR ABA-TRAJET>A 15KM et <OU=19KM PARCOURUS, MAJORE NUIT"
IR_DTR_V,0,,60,"MAJORATION POUR ABA-TRAJET>A 15KM et <OU=19KM PARCOURUS, MAJORE FERIE"
IR_DTR_V,0,,61,ABATTEMENT POUR TRANSPORT DE 2 PERSONNES
IR_DTR_V,0,,62,ABATTEMENT POUR TRANSPORT DE 3 PERSONNES
IR_DTR_V,0,,63,MAJORATION POUR VSL-TRAJET < OU = A 7KM PARCOURUS
IR_DTR_V,0,,64,"MAJORATION POUR VSL-TRAJET < OU = A 7KM PARCOURUS, MAJORE NUIT"
IR_DTR_V,0,,65,"MAJORATION POUR VSL-TRAJET < OU = A 7KM PARCOURUS, MAJORE FERIE"
IR_DTR_V,0,,66,MAJORATION POUR VSL-TRAJET>A 7KM et <OU=8KM PARCOURUS
IR_DTR_V,0,,67,"MAJORATION POUR VSL-TRAJET>A 7KM et <OU=8KM PARCOURUS, MAJORE NUIT"
IR_DTR_V,0,,68,"MAJORATION POUR VSL-TRAJET>A 7KM et <OU=8KM PARCOURUS, MAJORE FERIE"
IR_DTR_V,0,,69,MAJORATION POUR VSL-TRAJET>A 8KM et <OU=9KM PARCOURUS
IR_DTR_V,0,,70,"MAJORATION POUR VSL-TRAJET>A 8KM et <OU=9KM PARCOURUS, MAJORE NUIT"
IR_DTR_V,0,,71,"MAJORATION POUR VSL-TRAJET>A 8KM et <OU=9KM PARCOURUS, MAJORE FERIE"
IR_DTR_V,0,,72,MAJORATION POUR VSL-TRAJET>A 9KM et <OU=10KM PARCOURUS
IR_DTR_V,0,,73,"MAJORATION POUR VSL-TRAJET>A 9KM et <OU=10KM PARCOURUS, MAJORE NUIT"
IR_DTR_V,0,,74,"MAJORATION POUR VSL-TRAJET>A 9KM et <OU=10KM PARCOURUS, MAJORE FERIE"
IR_DTR_V,0,,75,MAJORATION POUR VSL-TRAJET>A 10KM et <OU=11KM PARCOURUS
IR_DTR_V,0,,76,"MAJORATION POUR VSL-TRAJET>A 10KM et <OU=11KM PARCOURUS, MAJORE NUIT"
IR_DTR_V,0,,77,"MAJORATION POUR VSL-TRAJET>A 10KM et <OU=11KM PARCOURUS, MAJORE FERIE"
IR_DTR_V,0,,78,MAJORATION POUR VSL-TRAJET>A 11KM et <OU=12KM PARCOURUS
IR_DTR_V,0,,79,"MAJORATION POUR VSL-TRAJET>A 11KM et <OU=12KM PARCOURUS, MAJORE NUIT"
IR_DTR_V,0,,80,"MAJORATION POUR VSL-TRAJET>A 11KM et <OU=12KM PARCOURUS, MAJORE FERIE"
IR_DTR_V,0,,81,MAJORATION POUR VSL-TRAJET>A 12KM et <OU=13KM PARCOURUS
IR_DTR_V,0,,82,"MAJORATION POUR VSL-TRAJET>A 12KM et <OU=13KM PARCOURUS, MAJORE NUIT"
IR_DTR_V,0,,83,"MAJORATION POUR VSL-TRAJET>A 12KM et <OU=13KM PARCOURUS, MAJORE FERIE"
IR_DTR_V,0,,84,MAJORATION POUR VSL-TRAJET>A 13KM et <OU=14KM PARCOURUS
IR_DTR_V,0,,85,"MAJORATION POUR VSL-TRAJET>A 13KM et <OU=14KM PARCOURUS, MAJORE NUIT"
IR_DTR_V,0,,86,"MAJORATION POUR VSL-TRAJET>A 13KM et <OU=14KM PARCOURUS, MAJORE FERIE"
IR_DTR_V,0,,87,MAJORATION POUR VSL-TRAJET>A 14KM et <OU=15KM PARCOURUS
IR_DTR_V,0,,88,"MAJORATION POUR VSL-TRAJET>A 14KM et <OU=15KM PARCOURUS, MAJORE NUIT"
IR_DTR_V,0,,89,"MAJORATION POUR VSL-TRAJET>A 14KM et <OU=15KM PARCOURUS, MAJORE FERIE"
IR_DTR_V,0,,90,MAJORATION POUR VSL-TRAJET>A 15KM et <OU=16M PARCOURUS
IR_DTR_V,0,,91,"MAJORATION POUR VSL-TRAJET>A 15KM et <OU=16KM PARCOURUS, MAJORE NUIT"
IR_DTR_V,0,,92,"MAJORATION POUR VSL-TRAJET>A 15KM et <OU=16KM PARCOURUS, MAJORE FERIE"
IR_DTR_V,0,,93,MAJORATION POUR VSL-TRAJET>A 16KM et <OU=17KM PARCOURUS
IR_DTR_V,0,,94,"MAJORATION POUR VSL-TRAJET>A 16KM et <OU=17KM PARCOURUS, MAJORE NUIT"
IR_DTR_V,0,,95,"MAJORATION POUR VSL-TRAJET>A 16KM et <OU=17KM PARCOURUS, MAJORE FERIE"
IR_DTR_V,0,,96,MAJORATION POUR VSL-TRAJET>A 17KM et <OU=18KM PARCOURUS
IR_DTR_V,0,,97,"MAJORATION POUR VSL-TRAJET>A 17KM et <OU=18KM PARCOURUS, MAJORE NUIT"
IR_DTR_V,0,,98,"MAJORATION POUR VSL-TRAJET>A 17KM et <OU=18KM PARCOURUS, MAJORE FERIE"
IR_DTR_V,1,,99,VALEUR INCONNUE
