nom_table,TEC_COL,CPT_COP_NUM,GEO_DPT_COD,GEO_REG_COD,GEO_DPT_LIB
IR_DPT_V,0,,00,99,DEPARTEMENT CONFIDENTIEL (MILITAIRES)
IR_DPT_V,0,,00,84,AIN
IR_DPT_V,0,,00,32,AISNE
IR_DPT_V,0,,00,84,ALLIER
IR_DPT_V,0,,00,93,ALPES-DE-HAUTE-PROVENCE
IR_DPT_V,0,,00,93,HAUTES-ALPES
IR_DPT_V,0,,00,93,ALPES-MARITIMES
IR_DPT_V,0,,00,84,ARDECHE
IR_DPT_V,0,,00,44,ARDENNES
IR_DPT_V,0,,00,76,ARIEGE
IR_DPT_V,0,,01,44,AUBE
IR_DPT_V,0,,01,76,AUDE
IR_DPT_V,0,,01,76,AVEYRON
IR_DPT_V,0,,01,93,BOUCHES-DU-RHONE
IR_DPT_V,0,,01,28,CALVADOS
IR_DPT_V,0,,01,84,CANTAL
IR_DPT_V,0,,01,75,CHARENTE
IR_DPT_V,0,,01,75,CHARENTE-MARITIME
IR_DPT_V,0,,01,24,CHER
IR_DPT_V,0,,01,75,CORREZE
IR_DPT_V,0,,02,94,CORSE INDETERMINEE
IR_DPT_V,0,,02,27,COTE-D'OR
IR_DPT_V,0,,02,53,COTES-D'ARMOR
IR_DPT_V,0,,02,75,CREUSE
IR_DPT_V,0,,02,75,DORDOGNE
IR_DPT_V,0,,02,27,DOUBS
IR_DPT_V,0,,02,84,DROME
IR_DPT_V,0,,02,28,EURE
IR_DPT_V,0,,02,24,EURE-ET-LOIR
IR_DPT_V,0,,02,53,FINISTERE
IR_DPT_V,0,,02,94,CORSE-DU-SUD
IR_DPT_V,0,,02,94,HAUTE-CORSE
IR_DPT_V,0,,03,76,GARD
IR_DPT_V,0,,03,76,HAUTE-GARONNE
IR_DPT_V,0,,03,76,GERS
IR_DPT_V,0,,03,75,GIRONDE
IR_DPT_V,0,,03,76,HERAULT
IR_DPT_V,0,,03,53,ILLE-ET-VILAINE
IR_DPT_V,0,,03,24,INDRE
IR_DPT_V,0,,03,24,INDRE-ET-LOIRE
IR_DPT_V,0,,03,84,ISERE
IR_DPT_V,0,,03,27,JURA
IR_DPT_V,0,,04,75,LANDES
IR_DPT_V,0,,04,24,LOIR-ET-CHER
IR_DPT_V,0,,04,84,LOIRE
IR_DPT_V,0,,04,84,HAUTE-LOIRE
IR_DPT_V,0,,04,52,LOIRE-ATLANTIQUE
IR_DPT_V,0,,04,24,LOIRET
IR_DPT_V,0,,04,76,LOT
IR_DPT_V,0,,04,75,LOT-ET-GARONNE
IR_DPT_V,0,,04,76,LOZERE
IR_DPT_V,0,,04,52,MAINE-ET-LOIRE
IR_DPT_V,0,,05,28,MANCHE
IR_DPT_V,0,,05,44,MARNE
IR_DPT_V,0,,05,44,HAUTE-MARNE
IR_DPT_V,0,,05,52,MAYENNE
IR_DPT_V,0,,05,44,MEURTHE-ET-MOSELLE
IR_DPT_V,0,,05,44,MEUSE
IR_DPT_V,0,,05,53,MORBIHAN
IR_DPT_V,0,,05,44,MOSELLE
IR_DPT_V,0,,05,27,NIEVRE
IR_DPT_V,0,,05,32,NORD
IR_DPT_V,0,,06,32,OISE
IR_DPT_V,0,,06,28,ORNE
IR_DPT_V,0,,06,32,PAS-DE-CALAIS
IR_DPT_V,0,,06,84,PUY-DE-DOME
IR_DPT_V,0,,06,75,PYRENEES-ATLANTIQUES
IR_DPT_V,0,,06,76,HAUTES-PYRENEES
IR_DPT_V,0,,06,76,PYRENEES-ORIENTALES
IR_DPT_V,0,,06,44,BAS-RHIN
IR_DPT_V,0,,06,44,HAUT-RHIN
IR_DPT_V,0,,06,84,RHONE
IR_DPT_V,0,,07,27,HAUTE-SAONE
IR_DPT_V,0,,07,27,SAONE-ET-LOIRE
IR_DPT_V,0,,07,52,SARTHE
IR_DPT_V,0,,07,84,SAVOIE
IR_DPT_V,0,,07,84,HAUTE-SAVOIE
IR_DPT_V,0,,07,11,PARIS
IR_DPT_V,0,,07,28,SEINE-MARITIME
IR_DPT_V,0,,07,11,SEINE-ET-MARNE
IR_DPT_V,0,,07,11,YVELINES
IR_DPT_V,0,,07,75,DEUX-SEVRES
IR_DPT_V,0,,08,32,SOMME
IR_DPT_V,0,,08,76,TARN
IR_DPT_V,0,,08,76,TARN-ET-GARONNE
IR_DPT_V,0,,08,93,VAR
IR_DPT_V,0,,08,93,VAUCLUSE
IR_DPT_V,0,,08,52,VENDEE
IR_DPT_V,0,,08,75,VIENNE
IR_DPT_V,0,,08,75,HAUTE-VIENNE
IR_DPT_V,0,,08,44,VOSGES
IR_DPT_V,0,,08,27,YONNE
IR_DPT_V,0,,09,27,TERRITOIRE DE BELFORT
IR_DPT_V,0,,09,11,ESSONNE
IR_DPT_V,0,,09,11,HAUTS-DE-SEINE
IR_DPT_V,0,,09,11,SEINE-ST-DENIS
IR_DPT_V,0,,09,11,VAL-DE-MARNE
IR_DPT_V,0,,09,11,VAL-D'OISE
IR_DPT_V,0,,09,0,AUTRES D.O.M
IR_DPT_V,0,,09,0,T.O.M.
IR_DPT_V,0,,09,99,NON RENSEIGNE
IR_DPT_V,0,,20,94,CORSE-DU-SUD
IR_DPT_V,0,,20,94,HAUTE-CORSE
IR_DPT_V,0,,20,94,CORSE INDETERMINEE
IR_DPT_V,2,,88,99,SANS OBJET
IR_DPT_V,0,,97,1,D.O.M. GUADELOUPE
IR_DPT_V,0,,97,2,D.O.M. MARTINIQUE
IR_DPT_V,0,,97,3,D.O.M. GUYANE
IR_DPT_V,0,,97,4,D.O.M. REUNION
IR_DPT_V,0,,97,0,SAINT PIERRE ET MIQUELON
IR_DPT_V,0,,97,6,D.O.M. MAYOTTE
IR_DPT_V,0,,97,0,SAINT-BARTHELEMY
IR_DPT_V,0,,97,0,SAINT-MARTIN
IR_DPT_V,0,,97,0,D.O.M. INDETERMINE
IR_DPT_V,0,,99,99,PAYS ETRANGERS (EUROPE)
IR_DPT_V,0,,99,99,RESIDENTS HORS EUROPE
IR_DPT_V,1,,99,99,INCONNU
