nom_table,TEC_COL,CPT_COP_NUM,BDG_ENT_MOD,BDG_ENT_LIB
IR_ENT_V,0,,0,TRANSFERT D ETABLISSEMENT GEOGRAPHIQUE A L INTERIEUR D UNE ENTITE JURIDIQUE
IR_ENT_V,0,,1,ADMISSION APRES CONSULTATION D UN MEDECIN DE L ETABLISSEMENT
IR_ENT_V,0,,2,MALADE ENVOYE PAR UN MEDECIN EXTERIEUR
IR_ENT_V,0,,3,TRANSFERT AUTRE ETABLISSEMENT JURIDIQUE
IR_ENT_V,0,,4,ADMISSION URGENCE ACCIDENT VOIE PUBLIQUE
IR_ENT_V,0,,5,ADMISSION SUITE A UN ACCIDENT DU TRAVAIL
IR_ENT_V,0,,6,ADMISSION URGENCE DEPUIS DOMICILE DU MALADE
IR_ENT_V,0,,7,AUTRES ADMISSIONS EN URGENCE
IR_ENT_V,0,,8,AUTRES MODES D ENTREE
IR_ENT_V,1,,9,MODE D ENTREE INCONNU
