nom_table,TEC_COL,CPT_COP_NUM,CPT_EXC_RTC
IR_EXR_V,0,,2063
IR_EXR_V,0,,2064
IR_EXR_V,0,,2065
IR_EXR_V,0,,2066
IR_EXR_V,0,,2067
IR_EXR_V,0,,2068
IR_EXR_V,0,,2069
IR_EXR_V,0,,2070
IR_EXR_V,0,,2071
IR_EXR_V,0,,2072
IR_EXR_V,0,,2073
IR_EXR_V,0,,2074
IR_EXR_V,0,,2075
IR_EXR_V,0,,2076
IR_EXR_V,0,,2077
IR_EXR_V,0,,2078
IR_EXR_V,0,,2079
IR_EXR_V,0,,1999
IR_EXR_V,0,,2000
IR_EXR_V,0,,2001
IR_EXR_V,0,,2002
IR_EXR_V,0,,2003
IR_EXR_V,0,,2004
IR_EXR_V,0,,2005
IR_EXR_V,0,,2006
IR_EXR_V,0,,2007
IR_EXR_V,0,,2008
IR_EXR_V,0,,2009
IR_EXR_V,0,,2010
IR_EXR_V,0,,2011
IR_EXR_V,0,,2012
IR_EXR_V,0,,2013
IR_EXR_V,0,,2014
IR_EXR_V,0,,2015
IR_EXR_V,0,,2016
IR_EXR_V,0,,2017
IR_EXR_V,0,,2018
IR_EXR_V,0,,2080
IR_EXR_V,0,,2081
IR_EXR_V,0,,2082
IR_EXR_V,0,,2083
IR_EXR_V,0,,2084
IR_EXR_V,0,,2085
IR_EXR_V,0,,2086
IR_EXR_V,0,,2019
IR_EXR_V,0,,2020
IR_EXR_V,0,,2021
IR_EXR_V,0,,2022
IR_EXR_V,0,,2023
IR_EXR_V,0,,2024
IR_EXR_V,0,,2025
IR_EXR_V,0,,2026
IR_EXR_V,0,,2027
IR_EXR_V,0,,2028
IR_EXR_V,0,,2029
IR_EXR_V,0,,2030
IR_EXR_V,0,,2031
IR_EXR_V,0,,2032
IR_EXR_V,0,,2033
IR_EXR_V,0,,2034
IR_EXR_V,0,,2035
IR_EXR_V,0,,2036
IR_EXR_V,0,,2037
IR_EXR_V,0,,2038
IR_EXR_V,0,,2039
IR_EXR_V,0,,2040
IR_EXR_V,0,,2041
IR_EXR_V,0,,2042
IR_EXR_V,0,,2043
IR_EXR_V,0,,2044
IR_EXR_V,0,,2045
IR_EXR_V,0,,2046
IR_EXR_V,0,,2047
IR_EXR_V,0,,2048
IR_EXR_V,0,,2049
IR_EXR_V,0,,2050
IR_EXR_V,0,,2051
IR_EXR_V,0,,2052
IR_EXR_V,0,,2053
IR_EXR_V,0,,2054
IR_EXR_V,0,,2055
IR_EXR_V,0,,2056
IR_EXR_V,0,,2057
IR_EXR_V,0,,2058
IR_EXR_V,0,,2059
IR_EXR_V,0,,2060
IR_EXR_V,0,,2061
IR_EXR_V,0,,2062
IR_EXR_V,0,,2087
IR_EXR_V,0,,2088
IR_EXR_V,0,,2089
IR_EXR_V,0,,2090
IR_EXR_V,0,,2091
IR_EXR_V,0,,2092
IR_EXR_V,0,,2093
IR_EXR_V,0,,2094
IR_EXR_V,0,,2095
IR_EXR_V,0,,2096
IR_EXR_V,0,,2097
IR_EXR_V,0,,2098
IR_EXR_V,0,,2099
IR_EXR_V,0,,2100
IR_EXR_V,1,,9999
