nom_table,TEC_COL,CPT_COP_NUM,EXC_EXC_NAT,EXC_NAT_LIB,EXC_NAT_SNI
IR_EPS_V,0,,0,INTERDICTION D'EXERCER,INTERDICTION D'EXERCER
IR_EPS_V,0,,1,LIBERAL INTEGRAL,LIBERAL INTEGRAL
IR_EPS_V,0,,2,LIBERAL ACTIVITE SALARIEE,LIBERAL ACTIVITE SALARIEE
IR_EPS_V,0,,3,LIBERAL TEMPS PARTIEL HOSPIT,LIBERAL TEMPS PARTIEL HOSPIT
IR_EPS_V,0,,4,LIBERAL TEMPS PLEIN HOSPIT,EXERCICE AU BENEFICE DE MALADES S'ADRESSANT DIRECTEMENT AU PRATICIEN
IR_EPS_V,0,,5,SALARIE PRESCRIPTEUR,SALARIE PRESCRIPTEUR
IR_EPS_V,0,,6,PHARMACIE MUTUALISTE,PHARMACIE MUTUALISTE
IR_EPS_V,0,,7,FIN D'ACTIVITE,FIN D'ACTIVITE
IR_EPS_V,0,,8,SALARIE CENTRE DE SANTE,SALARIE CENTRE DE SANTE
IR_EPS_V,0,,9,ACTIVITE PS FICTIF,ACTIVITE PS FICTIF
IR_EPS_V,0,,11,PRATICIEN REMPLACANT,PRATICIEN REMPLACANT
IR_EPS_V,0,,41,T. PLEIN HOSPIT/ MAL. AUT. MED.,EXERCICE AU BENEFICE EXCLUSIF DE PATIENTS TRAITES AU TITRE DE L'ACTIVITE PRIVEE D'UN AUTRE PRATICIEN
IR_EPS_V,0,,42,TEMPS PLEIN HOSPIT CONTRAT MIXTE,EXERCICE AU BENEFICE DE MALADES S'ADRESSANT DIRECTEMENT OU NON AU PRATICIEN
IR_EPS_V,1,,99,VALEUR INCONNUE,VALEUR INCONNUE
