nom_table,TEC_COL,CPT_COP_NUM,INV_PEN_ETA,INV_ETA_LIB
IR_EIN_V,0,,10,SUPPRESSION COMPLETE DE LA PENSION D INVALIDITE  : RETOUR VALIDITE
IR_EIN_V,0,,11,SUPPRESSION COMPLETE DE LA PENSION D INVALIDITE  : VIEILLESSE
IR_EIN_V,0,,12,SUPPRESSION COMPLETE DE LA PENSION D INVALIDITE  : DECES
IR_EIN_V,0,,13,SUPPRESSION COMPLETE DE LA PENSION D INVALIDITE  : AUTRES MOTIFS
IR_EIN_V,0,,14,SUPPRESSION COMPLETE DE LA PENSION D INVALIDITE  : ART. 69 DEC. 45
IR_EIN_V,0,,20,SUSPENSION PARTIELLE DE LA PENSION D INVALIDITE  : RETOUR VALIDITE
IR_EIN_V,0,,21,SUSPENSION  PARTIELLE DE LA PENSION D INVALIDITE  : VIEILLESSE
IR_EIN_V,0,,22,SUSPENSION PARTIELLE DE LA PENSION D INVALIDITE  : DECES
IR_EIN_V,0,,23,SUSPENSION  PARTIELLE DE LA PENSION D INVALIDITE  : AUTRES MOTIFS
IR_EIN_V,0,,24,SUSPENSION  PARTIELLE DE LA PENSION D INVALIDITE  : ART. 69 DEC. 45
IR_EIN_V,0,,30,SUSPENSION TOTALE DE LA PENSION D INVALIDITE  : RETOUR VALIDITE
IR_EIN_V,0,,31,SUSPENSION TOTALE DE LA PENSION D INVALIDITE  : VIEILLESSE
IR_EIN_V,0,,32,SUSPENSION TOTALE DE LA PENSION D INVALIDITE  : DECES
IR_EIN_V,0,,33,SUSPENSION TOTALE DE LA PENSION D INVALIDITE  : AUTRES MOTIFS
IR_EIN_V,0,,34,SUSPENSION TOTALE DE LA PENSION D INVALIDITE  : ART. 69 DEC. 45
IR_EIN_V,0,,50,ATTRIBUTION PENSION COMPLETE
IR_EIN_V,0,,51,ATTRIBUTION PENSION SUSPENSION PARTIELLE
IR_EIN_V,0,,52,ATTRIBUTION PENSION SUSPENSION ADMINISTRATIVE TOTALE
IR_EIN_V,0,,53,ATTRIBUTION PENSION SUSPENSION MEDICALE TOTALE
IR_EIN_V,0,,71,SUSPENSION PENSION REDUITE
IR_EIN_V,0,,72,PENSION SUSPENSION ADMINISTRATIVE TOTALE
IR_EIN_V,0,,73,PENSION SUSPENSION MEDICALE TOTALE
IR_EIN_V,1,,99,VALEUR INCONNUE
