nom_table,TEC_COL,CPT_COP_NUM,CPT_ENV_TYP,ENV_TYP_LIB,ENV_TYP_RGP,ENV_RGP_LIB
IR_ENV_V,0,,0,PRESTATIONS NON PRISE EN CHARGE PAR LE RG,0,SANS OBJET
IR_ENV_V,0,,1,SOINS DE VILLE,1,PRESTATIONS LEGALES ASSURANCE MALADIE
IR_ENV_V,0,,2,HOSPITALISATION ET MEDICO-SOCIALE ET CONSOMMATIONS INTERMEDIAIRES (MEDICAMENTS ET LPP),1,PRESTATIONS LEGALES ASSURANCE MALADIE
IR_ENV_V,0,,3,PRESTATIONS LEGALES ASSURANCE MALADIE HORS ENV.ONDAM,1,PRESTATIONS LEGALES ASSURANCE MALADIE
IR_ENV_V,0,,4,PREVENTION,2,AUTRES PRESTATIONS
IR_ENV_V,0,,5,FNAS,2,AUTRES PRESTATIONS
IR_ENV_V,0,,6,IVG SUPPRIME,2,AUTRES PRESTATIONS
IR_ENV_V,0,,7,"CMU COMPLEMENTAIRE, AME ou ACS",2,AUTRES PRESTATIONS
IR_ENV_V,0,,8,ALSACE MOSELLE,2,AUTRES PRESTATIONS
IR_ENV_V,2,,98,SANS OBJET,0,SANS OBJET
IR_ENV_V,1,,9,VALEUR INCONNUE,2,AUTRES PRESTATIONS
