nom_table,TEC_COL,CPT_COP_NUM,FOR_TAU_COD,FOR_TAU_LIB
IR_FOR_V,2,,0,SANS OBJET (PAS DE FORCAGE DE TAUX)
IR_FOR_V,0,,1,AMO avec TAUX MODULE (HTP hors CMUC et HTP/TP CMUC
IR_FOR_V,0,,2,AMO avec MODULATION LIMITEE AU PLAFOND - UN SEUL ACTE - (HTP hors CMUC et HTP/TP CMUC)
IR_FOR_V,0,,3,TMT - TAUX MODULE - (TP hors CMUC)
IR_FOR_V,0,,4,TMT - MODULATION LIMITEE AU PLAFOND - UN SEUL ACTE - (TP hors CMUC)
IR_FOR_V,0,,5,AMO avec CUMUL MODULATION PLAFONNEE - PLUSIEURS ACTES (HTP hors CMUC et HTP/TP CMUC)
IR_FOR_V,0,,6,TMT - CUMUL MODULATION PLAFONNEE - PLUSIEURS ACTES (TP hors CMUC)
IR_FOR_V,1,,9,VALEUR INCONNUE
