nom_table,TEC_COL,GRG_COD,GRG_LIB,CPT_COP_NUM,RRG_COD,GRG_LIC,GRG_LIB_SNI
IR_GRG_V,0,1,REGIME GENERAL,,1,CPAM ET CGSS,GENERAL
IR_GRG_V,0,2,REGIME AGRICOLE,,0,MSA,AGRICOLE
IR_GRG_V,0,3,SECURITE SOCIALE - INDEPENDANTS,,0,IND,INDEPENDANTS
IR_GRG_V,0,4,REGIME SPECIAL DE SECURITE SOCIALE DE LA CPRP S.N.C.F.,,0,SNCF,S.N.C.F.
IR_GRG_V,0,5,REGIME SPECIAL DE SECURITE SOCIALE DES AGENTS DE LA R.A.T.P.,,0,RATP,R.A.T.P.
IR_GRG_V,0,6,ETABLISSEMENT NATIONAL DES INVALIDES DE LA MARINE (ENIM),,0,ENIM,E.N.I.M.
IR_GRG_V,0,7,REGIME SPECIAL DE SECURITE SOCIALE DES MINEURS ET ASSIMILES,,0,MINES,MINEURS ET ASSIMILES
IR_GRG_V,0,8,CNMSS,,0,CNMSS,CNMSS
IR_GRG_V,0,9,REGIME SPECIAL DE SECURITE SOCIALE DE LA BANQUE DE FRANCE,,0,BDF,""
IR_GRG_V,0,10,REGIME SPECIAL DE SECURITE SOCIALE DES CLERCS ET EMPLOYES DE NOTAIRES,,0,CRPCEN,CRPCEN
IR_GRG_V,0,12,REGIME SPECIAL D ASSURANCE MALADIE-MATERNITE DE LA CHAMBRE DE COMMERCE ET D INDUSTRIE DE PARIS,,0,CCI,CHAMB. COMMERCE PARIS
IR_GRG_V,0,14,REGIME SPECIAL DE SECURITE SOCIALE DE L ASSEMBLEE NATIONALE,,0,ASSEMBLEE,ASSEMBLEE NATIONALE
IR_GRG_V,0,15,REGIME SPECIAL DE SECURITE SOCIALE DU SENAT,,0,SENAT,SENAT
IR_GRG_V,0,16,REGIME SPECIAL DE SECURITE SOCIALE DU PORT AUTONOME DE BORDEAUX,,0,PORT AUTONOME,PORT AUTONOME BORDEAUX
IR_GRG_V,0,17,REGIME SPECIAL DE SECURITE SOCIALE DES FRANCAIS DE L ETRANGER,,0,EXPATRIES,C. FRANCAIS ETRANGER
IR_GRG_V,0,90,REGIME DES MINISTRES DES CULTES ET DES MEMBRES DES CONGREGATIONS ET COLLECTIVITES RELIGIEUSES,,0,CAVIMAC,CAVIMAC
IR_GRG_V,0,91,M.G.E.N.,,1,MUTUELLE,""
IR_GRG_V,0,92,M.G. (MUTUELLE GENERALE),,1,MUTUELLE,""
IR_GRG_V,0,93,M.G. POLICE,,1,MUTUELLE,""
IR_GRG_V,0,94,M.F.P.,,1,MUTUELLE,""
IR_GRG_V,0,95,M.N. HOSPITALIERS,,1,MUTUELLE,""
IR_GRG_V,0,96,MUTUELLE DE LA MARINE,,1,MUTUELLE,""
IR_GRG_V,1,99,VALEUR INCONNUE,,99,VALEUR INCONNUE,""
