nom_table,TEC_COL,CPT_COP_NUM,CPT_GLF_COD,CPT_LVE_COD,CPT_GLF_LIB
IR_GLF_V,0,,21H,11,Prestations ASS
IR_GLF_V,0,,11A,11,Honoraires Medicaux
IR_GLF_V,0,,11B,11,Honoraires Paramedicaux
IR_GLF_V,0,,11C,11,Honoraires dentaires
IR_GLF_V,0,,11D,11,Honoraires du secteur public
IR_GLF_V,0,,11G,11,Forfaits option et contrat conv.
IR_GLF_V,0,,11H,11,Honoraires Autres professionnels sante
IR_GLF_V,0,,11J,11,Biologie et prelevements
IR_GLF_V,0,,11K,11,Medicaments
IR_GLF_V,0,,11L,11,Produits humains
IR_GLF_V,0,,11M,11,Appareils et materiels de traitement
IR_GLF_V,0,,11N,11,Optique medicale
IR_GLF_V,0,,11P,11,Ortheses et protheses externes
IR_GLF_V,0,,11Q,11,Protheses internes
IR_GLF_V,0,,11R,11,Vehicules pour handicapes physiques
IR_GLF_V,0,,11S,11,Autres frais
IR_GLF_V,0,,11T,11,Transports
IR_GLF_V,0,,11U,11,Autres Prestations en nature
IR_GLF_V,0,,11V,11,Prestations en especes
IR_GLF_V,0,,12A,12,Etablissements sanitaires publics
IR_GLF_V,0,,12B,12,Etablissements medico-sociaux
IR_GLF_V,0,,12C,12,Cliniques privees
IR_GLF_V,0,,12D,12,Experimentations
IR_GLF_V,0,,21A,21,Prestations Maternite en especes
IR_GLF_V,0,,21B,21,Incapacite permanente
IR_GLF_V,0,,21C,21,Autres charges techniques AT
IR_GLF_V,0,,21D,21,Prestations Invalidite
IR_GLF_V,0,,21G,21,Prestations Deces
IR_GLF_V,1,,999,99,Inconnue
