nom_table,TEC_COL,CPT_COP_NUM,PFS_GRP_COD,PFS_GRP_LIB
IR_GRP_V,0,,1,SOCIETE CIVILE PROFESSIONNELLE MONO-DISCIPLINAIRE
IR_GRP_V,0,,2,SOCIETE CIVILE PROFESSIONNELLE PLURI-DISCIPLINAIRE
IR_GRP_V,0,,3,SOCIETE CIVILE DE MOYENS OU SOCIETE ANONYME POUR LES LABORATOIRES
IR_GRP_V,0,,4,SOCIETE CIVILE DE FAIT OU SARL POUR LES LABORATOIRES
IR_GRP_V,0,,5,AUTRE MODE JURIDIQUE DE REGROUPEMENT
IR_GRP_V,0,,6,SOCIETE CIVILE PROFESSIONNELLE DE MEDECINS BIOLOGISTES DIRECTEURS DE LABORATOIRES
IR_GRP_V,0,,9,SOCIETE D EXERCICE LIBERAL
IR_GRP_V,0,,0,NON ADHESION
IR_GRP_V,1,,99,VALEUR INCONNUE
