nom_table,TEC_COL,CPT_COP_NUM,DDP_GDE_COD,DDP_GDE_LIB
IR_GDE_V,2,,0,SANS OBJET
IR_GDE_V,0,,1,MEDECINE
IR_GDE_V,0,,2,CHIRURGIE
IR_GDE_V,0,,3,GYNECOLOGIE ET OBSTETRIQUE
IR_GDE_V,0,,4,SOINS DE SUITE ET READAPTATION
IR_GDE_V,0,,5,SOINS DE LONGUE DUREE
IR_GDE_V,0,,6,LUTTE CONTRE LES MALADIES MENTALES - TOXICOMANIES
IR_GDE_V,0,,8,PRESTATIONS MEDICO-SOCIALES A L ENFANCE HANDICAPEE
IR_GDE_V,0,,9,PRESTATIONS MEDICO-SOCIALES AUX ADULTES HANDICAPES
IR_GDE_V,0,,10,PRESTATIONS MEDICO-SOCIALES AUX PERSONNES AGEES
IR_GDE_V,0,,11,PRESTATIONS MEDICO-SOCIALES
IR_GDE_V,1,,12,INDIFFERENCIEES
IR_GDE_V,0,,7,DISCIPLINE POUR AUTORISATION DE SUPPLEMENT TAA
