nom_table,TEC_COL,CPT_COP_NUM,CPT_GLF_COD,CPT_LLD_COD,CPT_LLD_LIB
IR_LLD_V,0,,21H,21H1,Prestations ASS
IR_LLD_V,0,,11A,11A1,Honoraires Medicaux des omnipraticiens
IR_LLD_V,0,,11A,11A2,Honoraires Medicaux des specialistes
IR_LLD_V,0,,11A,11A3,Honoraires Medicaux des sages-femmes
IR_LLD_V,0,,11B,11B1,Honoraires Paramedicaux Infirmiers
IR_LLD_V,0,,11B,11B2,Honoraires Paramedicaux Masseurs Kinesitherapeutes
IR_LLD_V,0,,11B,11B3,Honoraires Paramedicaux Orthophonistes
IR_LLD_V,0,,11B,11B4,Honoraires Paramedicaux Orthoptistes
IR_LLD_V,0,,11B,11B5,Honoraires Paramedicaux Pedicures
IR_LLD_V,0,,11B,11B6,Honoraires Paramedicaux Sages-femmes
IR_LLD_V,0,,11C,11C1,Honoraires dentaires des omnipraticiens
IR_LLD_V,0,,11C,11C2,Honoraires dentaires des specialistes
IR_LLD_V,0,,11D,11D1,Honoraires du secteur public
IR_LLD_V,0,,11G,11G1,Forfaits option et contrat conv.
IR_LLD_V,0,,11H,11H1,Honoraires Autres professionnels
IR_LLD_V,0,,11J,11J1,Actes de laboratoire OQN - Biologie
IR_LLD_V,0,,11J,11J2,Actes de laboratoire hors OQN (dont Prelevements)
IR_LLD_V,0,,11J,11J3,Actes  Hors OQN   des Directeurs de laboratoire
IR_LLD_V,0,,11K,11K1,Medicaments
IR_LLD_V,0,,11L,11L1,Produits humains - OQN Cliniques privees
IR_LLD_V,0,,11L,11L2,Produits humains - Hors OQN
IR_LLD_V,0,,11M,11M1,Appareils et materiels de traitement
IR_LLD_V,0,,11N,11N1,Optique medicale
IR_LLD_V,0,,11P,11P1,Ortheses et protheses externes - OQN Cliniques privees
IR_LLD_V,0,,11P,11P2,Ortheses et protheses externes - Hors OQN
IR_LLD_V,0,,11Q,11Q1,Protheses internes - OQN Cliniques privees
IR_LLD_V,0,,11Q,11Q2,Protheses internes - Hors OQN
IR_LLD_V,0,,11R,11R1,Vehicules pour handicapes physiques
IR_LLD_V,0,,11S,11S1,Autres frais
IR_LLD_V,0,,11T,11T1,Transports
IR_LLD_V,0,,11U,11U1,Cures thermales
IR_LLD_V,0,,11U,11U2,autres Prestations en nature - Autres
IR_LLD_V,0,,11V,11V1,Prestations en especes
IR_LLD_V,0,,12A,12A1,Dotation globale
IR_LLD_V,0,,12A,12A2,Autres frais d'hospitalisation Publique
IR_LLD_V,0,,12A,12A3,Honoraires du secteur public
IR_LLD_V,0,,12A,12A4,Remboursement IVG a l'acte - Etablissements publics I.V.G.
IR_LLD_V,0,,12B,12B1,Enfance inadaptee
IR_LLD_V,0,,12B,12B2,Adultes Handicapes
IR_LLD_V,0,,12B,12B3,Et. d'hebergement Personnes agees (medicalisation)
IR_LLD_V,0,,12B,12B4,Autres Prestations Personnes agees
IR_LLD_V,0,,12B,12B5,Services de soins a domicile
IR_LLD_V,0,,12B,12B6,Centres d'action medico-sociale precoce
IR_LLD_V,0,,12B,12B8,Autres Prestations medico-sociales
IR_LLD_V,0,,12C,12C1,Cliniques privees sous OQN hors consommations intermediaires
IR_LLD_V,0,,12C,12C2,Cliniques privees Hors OQN
IR_LLD_V,0,,12C,12C3,Remboursement IVG a l'acte - Cliniques privees - I.V.G.
IR_LLD_V,0,,12C,12C4,Cliniques privees sous OQN - Urgence
IR_LLD_V,0,,12D,12D1,Experimentations
IR_LLD_V,0,,21A,21A1,Prestations Maternite en especes
IR_LLD_V,0,,21B,21B1,Incapacite permanente
IR_LLD_V,0,,21C,21C1,Autres charges techniques AT
IR_LLD_V,0,,21D,21D1,Prestations Invalidite
IR_LLD_V,0,,21G,21G1,Prestations Deces
IR_LLD_V,1,,999,9999,Valeur inconnue
