nom_table,TEC_COL,CPT_COP_NUM,CPT_LFS_COD,CPT_LLD_COD,CPT_LFS_LIB
IR_LFS_V,0,,21D11,21D1,Prestations Invalidite
IR_LFS_V,0,,21G11,21G1,Prestations Deces
IR_LFS_V,1,,99999,9999,Valeur inconnue
IR_LFS_V,0,,21H11,21H1,Prestations ASS
IR_LFS_V,0,,11A11,11A1,Honoraires Medicaux-Omnipraticiens liberaux
IR_LFS_V,0,,11A12,11A1,Honoraires Medicaux-Omnipraticiens salaries
IR_LFS_V,0,,11A21,11A2,Honoraires Medicaux-Specialistes liberaux
IR_LFS_V,0,,11A22,11A2,Honoraires Medicaux-Specialistes salaries
IR_LFS_V,0,,11A31,11A3,Honoraires Medicaux des Sages-femmes liberales
IR_LFS_V,0,,11A32,11A3,Honoraires Medicaux des Sages-femmes salariees
IR_LFS_V,0,,11B11,11B1,Honoraires Paramedicaux Infirmiers Liberaux
IR_LFS_V,0,,11B12,11B1,Honoraires Paramedicaux Infirmiers Salaries
IR_LFS_V,0,,11B21,11B2,Honoraires Paramedicaux Masseurs Kinesitherapeutes Liberaux
IR_LFS_V,0,,11B22,11B2,Honoraires Paramedicaux Masseurs Kinesitherapeutes Salaries
IR_LFS_V,0,,11B31,11B3,Honoraires Paramedicaux Orthophonistes Liberaux
IR_LFS_V,0,,11B32,11B3,Honoraires Paramedicaux Orthophonistes Salaries
IR_LFS_V,0,,11B41,11B4,Honoraires Paramedicaux Orthoptistes Liberaux
IR_LFS_V,0,,11B42,11B4,Honoraires Paramedicaux Orthoptistes Salaries
IR_LFS_V,0,,11B51,11B5,Honoraires Paramedicaux Pedicures
IR_LFS_V,0,,11B61,11B6,Honoraires Paramedicaux Sages-Femmes Liberales
IR_LFS_V,0,,11B62,11B6,Honoraires Paramedicaux Sages-Femmes Salariees
IR_LFS_V,0,,11C11,11C1,Honoraires des Dentistes Omnipraticiens liberaux
IR_LFS_V,0,,11C12,11C1,Honoraires des Dentistes Omnipraticiens salaries
IR_LFS_V,0,,11C21,11C2,Honoraires des Dentistes Specialistes liberaux
IR_LFS_V,0,,11C22,11C2,Honoraires des Dentistes Specialistes salaries
IR_LFS_V,0,,11D11,11D1,Honoraires du secteur public
IR_LFS_V,0,,11G11,11G1,Forfaits option et contrat conv.
IR_LFS_V,0,,11H11,11H1,Honoraires Autres professionnels
IR_LFS_V,0,,11J11,11J1,Actes de laboratoire effectues par les laboratoires
IR_LFS_V,0,,11J12,11J1,Actes de laboratoire effectues par les pharmacies
IR_LFS_V,0,,11J13,11J1,Actes de laboratoire effectues par les centres de sante
IR_LFS_V,0,,11J21,11J2,Actes de laboratoire hors OQN (dont Prelevements)
IR_LFS_V,0,,11J31,11J3,Actes  Hors OQN   des Directeurs de laboratoire
IR_LFS_V,0,,11K11,11K1,Medicaments
IR_LFS_V,0,,11L11,11L1,Produits humains - OQN Cliniques privees
IR_LFS_V,0,,11L21,11L2,Produits humains - Hors OQN
IR_LFS_V,0,,11M11,11M1,Appareils et materiels de traitement
IR_LFS_V,0,,11N11,11N1,Optique medicale
IR_LFS_V,0,,11P11,11P1,Ortheses et protheses externes - OQN Cliniques privees
IR_LFS_V,0,,11P21,11P2,Ortheses et protheses externes - Hors OQN
IR_LFS_V,0,,11Q11,11Q1,Protheses internes - OQN Cliniques privees
IR_LFS_V,0,,11Q21,11Q2,Protheses internes - Hors OQN
IR_LFS_V,0,,11R11,11R1,Vehicules pour handicapes physiques
IR_LFS_V,0,,11S11,11S1,Autres frais
IR_LFS_V,0,,11T11,11T1,Transports
IR_LFS_V,0,,11U11,11U1,Cures thermales
IR_LFS_V,0,,11U21,11U2,autres Prestations en nature - Autres
IR_LFS_V,0,,11V11,11V1,Prestations en especes
IR_LFS_V,0,,12A11,12A1,Dotation globale
IR_LFS_V,0,,12A21,12A2,Autres frais d'hospitalisation Publique
IR_LFS_V,0,,12A31,12A3,Honoraires du secteur public
IR_LFS_V,0,,12A41,12A4,Remboursement IVG a l'acte - Etablissements publics I.V.G.
IR_LFS_V,0,,12B11,12B1,Enfance inadaptee
IR_LFS_V,0,,12B21,12B2,Adultes Handicapes
IR_LFS_V,0,,12B31,12B3,Et. d'hebergement Personnes agees (medicalisation)
IR_LFS_V,0,,12B41,12B4,Autres Prestations Personnes agees
IR_LFS_V,0,,12B51,12B5,Services de soins a domicile
IR_LFS_V,0,,12B61,12B6,Centres d'action medico-sociale precoce
IR_LFS_V,0,,12B81,12B8,Autres Prestations medico-sociales
IR_LFS_V,0,,12C11,12C1,Cliniques privees sous OQN hors consommations intermediaires
IR_LFS_V,0,,12C21,12C2,Cliniques privees Hors OQN
IR_LFS_V,0,,12C31,12C3,Remboursement IVG a l'acte - Cliniques privees - I.V.G.
IR_LFS_V,0,,12C41,12C4,Cliniques privees sous OQN - Urgence
IR_LFS_V,0,,12D11,12D1,Experimentations
IR_LFS_V,0,,21A11,21A1,Prestations Maternite en especes
IR_LFS_V,0,,21B11,21B1,Incapacite permanente
IR_LFS_V,0,,21C11,21C1,Autres charges techniques AT
