nom_table,TEC_COL,LSM_COD,CPT_COP_NUM,LSM_COD_LIB
IR_LSM_V,2,0,,SANS OBJET
IR_LSM_V,0,11,,BOURGENBRESSE
IR_LSM_V,0,21,,LAON
IR_LSM_V,0,22,,SAINTQUENTIN
IR_LSM_V,0,31,,MOULINS
IR_LSM_V,0,41,,DIGNE
IR_LSM_V,0,51,,GAP
IR_LSM_V,0,61,,NICE
IR_LSM_V,0,71,,ANNONAY
IR_LSM_V,0,72,,PRIVAS
IR_LSM_V,0,81,,CHARLEVILLEMEZIERES
IR_LSM_V,0,91,,FOIX
IR_LSM_V,0,101,,TROYES
IR_LSM_V,0,111,,CARCASSONNE
IR_LSM_V,0,121,,RODEZ
IR_LSM_V,0,131,,MARSEILLE
IR_LSM_V,0,141,,CAEN
IR_LSM_V,0,151,,AURILLAC
IR_LSM_V,0,161,,ANGOULEME
IR_LSM_V,0,171,,LAROCHELLE
IR_LSM_V,0,181,,BOURGES
IR_LSM_V,0,191,,TULLE
IR_LSM_V,0,201,,AJACCIO
IR_LSM_V,0,202,,BASTIA
IR_LSM_V,0,211,,DIJON
IR_LSM_V,0,221,,SAINTBRIEUC
IR_LSM_V,0,231,,GUERET
IR_LSM_V,0,241,,PERIGUEUX
IR_LSM_V,0,251,,BESANCON
IR_LSM_V,0,252,,MONTBELIARD
IR_LSM_V,0,261,,VALENCE
IR_LSM_V,0,271,,EVREUX
IR_LSM_V,0,281,,CHARTRES
IR_LSM_V,0,291,,BREST
IR_LSM_V,0,292,,QUIMPER
IR_LSM_V,0,301,,NIMES
IR_LSM_V,0,311,,TOULOUSE
IR_LSM_V,0,321,,AUCH
IR_LSM_V,0,331,,BORDEAUX
IR_LSM_V,0,341,,BEZIERS
IR_LSM_V,0,342,,MONTPELLIER
IR_LSM_V,0,351,,RENNES
IR_LSM_V,0,361,,CHATEAUROUX
IR_LSM_V,0,371,,TOURS
IR_LSM_V,0,381,,GRENOBLE
IR_LSM_V,0,382,,VIENNE
IR_LSM_V,0,391,,LONSLESAUNIER
IR_LSM_V,0,401,,MONTMARSAN
IR_LSM_V,0,411,,BLOIS
IR_LSM_V,0,421,,ROANNE
IR_LSM_V,0,422,,SAINTETIENNE
IR_LSM_V,0,431,,LEPUY
IR_LSM_V,0,441,,NANTES
IR_LSM_V,0,442,,SAINTNAZAIRE
IR_LSM_V,0,451,,ORLEANS
IR_LSM_V,0,461,,CAHORS
IR_LSM_V,0,471,,AGEN
IR_LSM_V,0,481,,MENDE
IR_LSM_V,0,491,,ANGERS
IR_LSM_V,0,492,,CHOLET
IR_LSM_V,0,501,,SAINTLO
IR_LSM_V,0,511,,REIMS
IR_LSM_V,0,521,,CHAUMONT
IR_LSM_V,0,531,,LAVAL
IR_LSM_V,0,541,,LONGWY
IR_LSM_V,0,542,,NANCY
IR_LSM_V,0,551,,BARLEDUC
IR_LSM_V,0,561,,VANNES
IR_LSM_V,0,571,,METZ
IR_LSM_V,0,572,,SARREGUEMINES
IR_LSM_V,0,573,,THIONVILLE
IR_LSM_V,0,581,,NEVERS
IR_LSM_V,0,591,,ARMENTIERES
IR_LSM_V,0,592,,CAMBRAI
IR_LSM_V,0,593,,DOUAI
IR_LSM_V,0,594,,DUNKERQUE
IR_LSM_V,0,595,,LILLE
IR_LSM_V,0,596,,MAUBEUGE
IR_LSM_V,0,597,,ROUBAIX
IR_LSM_V,0,598,,TOURCOING
IR_LSM_V,0,599,,VALENCIENNES
IR_LSM_V,0,601,,BEAUVAIS
IR_LSM_V,0,602,,CREIL
IR_LSM_V,0,611,,ALENCON
IR_LSM_V,0,621,,ARRAS
IR_LSM_V,0,622,,BOULOGNESURMER
IR_LSM_V,0,623,,CALAIS
IR_LSM_V,0,624,,LENS
IR_LSM_V,0,631,,CLERMONTFD
IR_LSM_V,0,641,,BAYONNE
IR_LSM_V,0,642,,PAU
IR_LSM_V,0,651,,TARBES
IR_LSM_V,0,661,,PERPIGNAN
IR_LSM_V,0,671,,HAGUENAU
IR_LSM_V,0,672,,SELESTAT
IR_LSM_V,0,673,,STRASBOURG
IR_LSM_V,0,681,,COLMAR
IR_LSM_V,0,682,,MULHOUSE
IR_LSM_V,0,691,,LYON
IR_LSM_V,0,692,,VILLEFRANCHESURSAONE
IR_LSM_V,0,701,,VESOUL
IR_LSM_V,0,711,,MACON
IR_LSM_V,0,721,,LEMANS
IR_LSM_V,0,731,,CHAMBERY
IR_LSM_V,0,741,,ANNECY
IR_LSM_V,0,751,,PARIS
IR_LSM_V,0,761,,DIEPPE
IR_LSM_V,0,762,,ELBEUF
IR_LSM_V,0,763,,LEHAVRE
IR_LSM_V,0,764,,ROUEN
IR_LSM_V,0,771,,MELUN
IR_LSM_V,0,781,,VERSAILLES
IR_LSM_V,0,791,,NIORT
IR_LSM_V,0,801,,AMIENS
IR_LSM_V,0,811,,ALBI
IR_LSM_V,0,821,,MONTAUBAN
IR_LSM_V,0,831,,TOULON
IR_LSM_V,0,841,,AVIGNON
IR_LSM_V,0,851,,LAROCHESURYON
IR_LSM_V,0,861,,POITIERS
IR_LSM_V,0,871,,LIMOGES
IR_LSM_V,0,881,,EPINAL
IR_LSM_V,0,891,,AUXERRE
IR_LSM_V,0,901,,BELFORT
IR_LSM_V,0,911,,EVRY
IR_LSM_V,0,921,,NANTERRE
IR_LSM_V,0,931,,BOBIGNY
IR_LSM_V,0,941,,CRETEIL
IR_LSM_V,0,951,,CERGYPONTOISE
IR_LSM_V,0,971,,GUADELOUPE
IR_LSM_V,0,972,,MARTINIQUE
IR_LSM_V,0,973,,GUYANE
IR_LSM_V,0,974,,REUNION
IR_LSM_V,1,999,,VALEUR INCONNUE
IR_LSM_V,0,225,,CANSSM
