nom_table,TEC_COL,CPT_COP_NUM,PFS_MEP_COD,PFS_MEP_LIB
IR_MEP_V,2,,0,SANS OBJET
IR_MEP_V,0,,40,AUDIOMETRIE
IR_MEP_V,0,,41,ACUPUNCTURE
IR_MEP_V,0,,42,ALLERGOLOGIE
IR_MEP_V,0,,43,ANESTHESIE-REANIMATION
IR_MEP_V,0,,44,ANGEIOLOGIE
IR_MEP_V,0,,45,BIOLOGIE
IR_MEP_V,0,,46,CARCINOLOGIE
IR_MEP_V,0,,47,CARDIOLOGIE
IR_MEP_V,0,,48,CHIRURGIE ESTHETIQUE
IR_MEP_V,0,,49,CHIRURGIE GENERALE
IR_MEP_V,0,,50,CHIRURGIE MAXILLO-FACIALE
IR_MEP_V,0,,51,CHIRURGIE VASCULAIRE
IR_MEP_V,0,,52,DERMATOLOGIE ET VENEROLOGIE
IR_MEP_V,0,,53,ELECTROENCEPHALOGRAPHIE ET ELECTROMYOGRAPHIE
IR_MEP_V,0,,54,ELECTRORADIOLOGIE
IR_MEP_V,0,,55,ENDOCRINOLOGIE ET METABOLISME
IR_MEP_V,0,,56,GASTRO-ENTEROLOGIE
IR_MEP_V,0,,57,GERIATRIE
IR_MEP_V,0,,58,GYNECOLOGIE
IR_MEP_V,0,,59,HEMATOLOGIE
IR_MEP_V,0,,60,HOMEOPATHIE
IR_MEP_V,0,,61,IMMUNOLOGIE
IR_MEP_V,0,,62,MALADIE DU  DIABETE ET DE LA NUTRITION DIETETIQUE
IR_MEP_V,0,,63,MEDECINE PSYCHOSOMATIQUE
IR_MEP_V,0,,64,MEDECINE EXOTIQUE
IR_MEP_V,0,,65,MEDECINE INTERNE
IR_MEP_V,0,,66,MEDECINE PHYSIQUE
IR_MEP_V,0,,67,NEPHROLOGIE
IR_MEP_V,0,,68,NEURO-CHIRURGIE
IR_MEP_V,0,,69,NEUROLOGIE
IR_MEP_V,0,,70,PEDIATRIE
IR_MEP_V,0,,71,PHONIATRIE
IR_MEP_V,0,,72,PHLEBOLOGIE
IR_MEP_V,0,,73,PNEUMO-PHTISIOLOGIE
IR_MEP_V,0,,74,PODOLOGIE
IR_MEP_V,0,,75,PROCTOLOGIE
IR_MEP_V,0,,76,PSYCHANALYSE
IR_MEP_V,0,,77,PSYCHIATRIE
IR_MEP_V,0,,78,PSYCHOTHERAPIE
IR_MEP_V,0,,79,OBSTETRIQUE
IR_MEP_V,0,,80,OPHTALMOLOGIE
IR_MEP_V,0,,81,OTO-RHINO-LARINGOLOGIE
IR_MEP_V,0,,82,ORTHODONTIE
IR_MEP_V,0,,83,ORTHOPEDIE
IR_MEP_V,0,,84,STERILITE
IR_MEP_V,0,,85,STOMATOLOGIE
IR_MEP_V,0,,86,THERMALISME
IR_MEP_V,0,,87,VERTEBROTHERAPIE-CHIROPRAXIE
IR_MEP_V,0,,88,CHIRURGIE DENTAIRE
IR_MEP_V,0,,89,ORTHOPEDIE DENTO-FACIALE EXCLUSIVE
IR_MEP_V,0,,90,SEXOLOGIE
IR_MEP_V,0,,91,ECHOTOMOGRAPHIE
IR_MEP_V,0,,92,MEDECINE D URGENCE
IR_MEP_V,1,,99,VALEUR INCONNUE
IR_MEP_V,0,,1,ACUPUNCTURE EX. EXCLUSIF
IR_MEP_V,0,,2,HOMEOPATHIE EX. EXCLUSIF
IR_MEP_V,0,,3,THERMALISME EX. EXCLUSIF
IR_MEP_V,0,,4,ALLERGOLOGIE EX. EXCLUSIF
IR_MEP_V,0,,5,ANGEIOLOGIE EX. EXCLUSIF
IR_MEP_V,0,,6,MEDECINE PHYSIQUE EX. EXCLUSIF
IR_MEP_V,0,,7,PHONIATRIE EX. EXCLUSIF
IR_MEP_V,0,,8,ECHOTOMOGRAPHIE EX. EXCLUSIF
IR_MEP_V,0,,9,MEDECINE D'URGENCE EX. EXCLUSIF
IR_MEP_V,0,,10,MEDECINE LEGALE EX. EXCLUSIF
IR_MEP_V,0,,93,SOS MEDECIN
