nom_table,TEC_COL,CPT_COP_NUM,GES_GRG_COD,GES_CPT_COD,GES_CPT_NUM
IR_NGC_V,0,,17,MF6,23
IR_NGC_V,0,,17,MG,24
IR_NGC_V,0,,17,MH,26
IR_NGC_V,0,,17,MI1,28
IR_NGC_V,0,,17,MI2,29
IR_NGC_V,0,,17,MOC,30
IR_NGC_V,0,,17,MW,34
IR_NGC_V,0,,17,AI1,35
IR_NGC_V,0,,17,AI2,36
IR_NGC_V,0,,17,AN,37
IR_NGC_V,0,,17,EXN,39
IR_NGC_V,0,,17,PM,41
IR_NGC_V,0,,17,SM,43
IR_NGC_V,0,,17,SM,44
IR_NGC_V,0,,17,SM,45
IR_NGC_V,0,,17,T,54
IR_NGC_V,0,,17,TM,55
IR_NGC_V,0,,17,TA,56
IR_NGC_V,0,,90,TL,0
IR_NGC_V,0,,90,MA1,1
IR_NGC_V,0,,90,MA2,2
IR_NGC_V,0,,90,MA3,3
IR_NGC_V,0,,90,MB1,6
IR_NGC_V,0,,90,MB2,7
IR_NGC_V,0,,90,MB3,8
IR_NGC_V,0,,90,MC,11
IR_NGC_V,0,,90,MD,13
IR_NGC_V,0,,90,ME,15
IR_NGC_V,0,,90,MF1,17
IR_NGC_V,0,,90,MF2,18
IR_NGC_V,0,,2,001,0
IR_NGC_V,0,,2,002,0
IR_NGC_V,0,,2,003,0
IR_NGC_V,0,,2,004,0
IR_NGC_V,0,,3,T,0
IR_NGC_V,0,,3,MA,0
IR_NGC_V,0,,3,JA,0
IR_NGC_V,0,,3,JC,0
IR_NGC_V,0,,3,E1,0
IR_NGC_V,0,,3,CS,0
IR_NGC_V,0,,3,SM,0
IR_NGC_V,0,,6,MIM,9
IR_NGC_V,0,,1,MF8,21
IR_NGC_V,0,,4,001,0
IR_NGC_V,0,,4,002,0
IR_NGC_V,0,,1,XXX,99
IR_NGC_V,0,,5,MB3,8
IR_NGC_V,0,,5,MC,11
IR_NGC_V,0,,5,MD,13
IR_NGC_V,0,,5,ME,15
IR_NGC_V,0,,5,MF1,17
IR_NGC_V,0,,5,MF2,18
IR_NGC_V,0,,5,MF3,19
IR_NGC_V,0,,5,MF4,20
IR_NGC_V,0,,5,MF5,22
IR_NGC_V,0,,5,MF6,23
IR_NGC_V,0,,5,MG,24
IR_NGC_V,0,,5,MH,26
IR_NGC_V,0,,5,MI1,28
IR_NGC_V,0,,5,MI2,29
IR_NGC_V,0,,5,MOC,30
IR_NGC_V,0,,5,MW,34
IR_NGC_V,0,,5,AI1,35
IR_NGC_V,0,,5,AI2,36
IR_NGC_V,0,,5,AN,37
IR_NGC_V,0,,5,EXN,39
IR_NGC_V,0,,5,PM,41
IR_NGC_V,0,,5,SM,43
IR_NGC_V,0,,5,SM,44
IR_NGC_V,0,,5,SM,45
IR_NGC_V,0,,5,T,54
IR_NGC_V,0,,5,TM,55
IR_NGC_V,0,,5,TA,56
IR_NGC_V,0,,6,TL,0
IR_NGC_V,0,,6,MA1,1
IR_NGC_V,0,,6,MA2,2
IR_NGC_V,0,,6,MA3,3
IR_NGC_V,0,,6,MB1,6
IR_NGC_V,0,,6,MB2,7
IR_NGC_V,0,,6,MB3,8
IR_NGC_V,0,,6,MC,11
IR_NGC_V,0,,6,MD,13
IR_NGC_V,0,,6,ME,15
IR_NGC_V,0,,6,MF1,17
IR_NGC_V,0,,6,MF2,18
IR_NGC_V,0,,6,MF3,19
IR_NGC_V,0,,90,SM,43
IR_NGC_V,0,,90,SM,44
IR_NGC_V,0,,90,SM,45
IR_NGC_V,0,,90,T,54
IR_NGC_V,0,,90,TM,55
IR_NGC_V,0,,90,TA,56
IR_NGC_V,1,,99,XXX,99
IR_NGC_V,0,,90,MF3,19
IR_NGC_V,0,,90,MF4,20
IR_NGC_V,0,,90,MF5,22
IR_NGC_V,0,,90,MF6,23
IR_NGC_V,0,,90,MG,24
IR_NGC_V,0,,90,MH,26
IR_NGC_V,0,,90,MI1,28
IR_NGC_V,0,,90,MI2,29
IR_NGC_V,0,,90,MOC,30
IR_NGC_V,0,,90,MW,34
IR_NGC_V,0,,90,AI1,35
IR_NGC_V,0,,90,AI2,36
IR_NGC_V,0,,90,AN,37
IR_NGC_V,0,,90,EXN,39
IR_NGC_V,0,,90,PM,41
IR_NGC_V,0,,1,G2,90
IR_NGC_V,0,,1,GMA,94
IR_NGC_V,0,,1,GMA,95
IR_NGC_V,0,,1,GMA,96
IR_NGC_V,0,,1,GMA,97
IR_NGC_V,0,,4,TL,0
IR_NGC_V,0,,4,MA1,1
IR_NGC_V,0,,1,TL,0
IR_NGC_V,0,,1,MA1,1
IR_NGC_V,0,,1,MA2,2
IR_NGC_V,0,,1,MA3,3
IR_NGC_V,0,,1,MB1,6
IR_NGC_V,0,,1,MB2,7
IR_NGC_V,0,,1,MB3,8
IR_NGC_V,0,,1,MC,11
IR_NGC_V,0,,1,MD,13
IR_NGC_V,0,,1,ME,15
IR_NGC_V,0,,1,MF1,17
IR_NGC_V,0,,1,MF2,18
IR_NGC_V,0,,1,MF3,19
IR_NGC_V,0,,1,MF4,20
IR_NGC_V,0,,1,MF5,22
IR_NGC_V,0,,1,MF6,23
IR_NGC_V,0,,1,MF7,25
IR_NGC_V,0,,1,MG,24
IR_NGC_V,0,,1,MH,26
IR_NGC_V,0,,1,MI1,28
IR_NGC_V,0,,1,MI2,29
IR_NGC_V,0,,1,MOC,30
IR_NGC_V,0,,1,MW,34
IR_NGC_V,0,,1,AI1,35
IR_NGC_V,0,,1,AI2,36
IR_NGC_V,0,,1,AN,37
IR_NGC_V,0,,1,EXN,39
IR_NGC_V,0,,1,PM,41
IR_NGC_V,0,,1,SM,43
IR_NGC_V,0,,1,SM,44
IR_NGC_V,0,,1,SM,45
IR_NGC_V,0,,1,T,54
IR_NGC_V,0,,1,TM,55
IR_NGC_V,0,,1,TA,56
IR_NGC_V,0,,1,E,58
IR_NGC_V,0,,1,E,59
IR_NGC_V,0,,1,E,60
IR_NGC_V,0,,1,E,61
IR_NGC_V,0,,1,E,62
IR_NGC_V,0,,1,E,63
IR_NGC_V,0,,1,E,64
IR_NGC_V,0,,1,E,65
IR_NGC_V,0,,1,E,66
IR_NGC_V,0,,1,E,67
IR_NGC_V,0,,1,E,68
IR_NGC_V,0,,1,E,69
IR_NGC_V,0,,1,E,70
IR_NGC_V,0,,1,E,71
IR_NGC_V,0,,1,E,72
IR_NGC_V,0,,1,E,73
IR_NGC_V,0,,1,E,74
IR_NGC_V,0,,1,E,75
IR_NGC_V,0,,1,E,76
IR_NGC_V,0,,1,E,77
IR_NGC_V,0,,1,E,78
IR_NGC_V,0,,1,E,79
IR_NGC_V,0,,1,E,80
IR_NGC_V,0,,1,G1,85
IR_NGC_V,0,,1,G1,86
IR_NGC_V,0,,1,G1,87
IR_NGC_V,0,,1,EZ,88
IR_NGC_V,0,,1,G2,89
IR_NGC_V,0,,4,MA2,2
IR_NGC_V,0,,4,MA3,3
IR_NGC_V,0,,4,MB1,6
IR_NGC_V,0,,4,MB2,7
IR_NGC_V,0,,4,MB3,8
IR_NGC_V,0,,4,MC,11
IR_NGC_V,0,,4,MD,13
IR_NGC_V,0,,4,ME,15
IR_NGC_V,0,,4,MF1,17
IR_NGC_V,0,,4,MF2,18
IR_NGC_V,0,,4,MF3,19
IR_NGC_V,0,,4,MF4,20
IR_NGC_V,0,,4,MF5,22
IR_NGC_V,0,,4,MF6,23
IR_NGC_V,0,,4,MG,24
IR_NGC_V,0,,4,MH,26
IR_NGC_V,0,,4,MI1,28
IR_NGC_V,0,,4,MI2,29
IR_NGC_V,0,,4,MOC,30
IR_NGC_V,0,,4,MW,34
IR_NGC_V,0,,4,AI1,35
IR_NGC_V,0,,4,AI2,36
IR_NGC_V,0,,4,AN,37
IR_NGC_V,0,,4,EXN,39
IR_NGC_V,0,,4,PM,41
IR_NGC_V,0,,4,SM,43
IR_NGC_V,0,,4,SM,44
IR_NGC_V,0,,4,SM,45
IR_NGC_V,0,,4,T,54
IR_NGC_V,0,,4,TM,55
IR_NGC_V,0,,4,TA,56
IR_NGC_V,0,,5,TL,0
IR_NGC_V,0,,5,MA1,1
IR_NGC_V,0,,5,MA2,2
IR_NGC_V,0,,5,MA3,3
IR_NGC_V,0,,5,MB1,6
IR_NGC_V,0,,5,MB2,7
IR_NGC_V,0,,6,MF4,20
IR_NGC_V,0,,6,MF5,22
IR_NGC_V,0,,6,MF6,23
IR_NGC_V,0,,6,MG,24
IR_NGC_V,0,,6,MH,26
IR_NGC_V,0,,6,MI1,28
IR_NGC_V,0,,6,MI2,29
IR_NGC_V,0,,6,MOC,30
IR_NGC_V,0,,6,MW,34
IR_NGC_V,0,,6,AI1,35
IR_NGC_V,0,,6,AI2,36
IR_NGC_V,0,,6,AN,37
IR_NGC_V,0,,6,EXN,39
IR_NGC_V,0,,6,PM,41
IR_NGC_V,0,,6,SM,43
IR_NGC_V,0,,6,SM,44
IR_NGC_V,0,,6,SM,45
IR_NGC_V,0,,6,T,54
IR_NGC_V,0,,6,TM,55
IR_NGC_V,0,,6,TA,56
IR_NGC_V,0,,7,TL,0
IR_NGC_V,0,,7,MA1,1
IR_NGC_V,0,,7,MA2,2
IR_NGC_V,0,,7,MA3,3
IR_NGC_V,0,,7,MB1,6
IR_NGC_V,0,,7,MB2,7
IR_NGC_V,0,,7,MB3,8
IR_NGC_V,0,,7,MC,11
IR_NGC_V,0,,7,MD,13
IR_NGC_V,0,,7,ME,15
IR_NGC_V,0,,7,MF1,17
IR_NGC_V,0,,7,MF2,18
IR_NGC_V,0,,7,MF3,19
IR_NGC_V,0,,7,MF4,20
IR_NGC_V,0,,7,MF5,22
IR_NGC_V,0,,7,MF6,23
IR_NGC_V,0,,7,MG,24
IR_NGC_V,0,,7,MH,26
IR_NGC_V,0,,7,MI1,28
IR_NGC_V,0,,7,MI2,29
IR_NGC_V,0,,7,MOC,30
IR_NGC_V,0,,7,MW,34
IR_NGC_V,0,,7,AI1,35
IR_NGC_V,0,,7,AI2,36
IR_NGC_V,0,,7,AN,37
IR_NGC_V,0,,7,EXN,39
IR_NGC_V,0,,7,PM,41
IR_NGC_V,0,,7,SM,43
IR_NGC_V,0,,7,SM,44
IR_NGC_V,0,,7,SM,45
IR_NGC_V,0,,7,T,54
IR_NGC_V,0,,7,TM,55
IR_NGC_V,0,,7,TA,56
IR_NGC_V,0,,8,TL,0
IR_NGC_V,0,,8,MA1,1
IR_NGC_V,0,,8,MA2,2
IR_NGC_V,0,,8,MA3,3
IR_NGC_V,0,,8,MB1,6
IR_NGC_V,0,,8,MB2,7
IR_NGC_V,0,,8,MB3,8
IR_NGC_V,0,,8,MC,11
IR_NGC_V,0,,8,MD,13
IR_NGC_V,0,,8,ME,15
IR_NGC_V,0,,8,MF1,17
IR_NGC_V,0,,8,MF2,18
IR_NGC_V,0,,8,MF3,19
IR_NGC_V,0,,8,MF4,20
IR_NGC_V,0,,8,MF5,22
IR_NGC_V,0,,8,MF6,23
IR_NGC_V,0,,8,MG,24
IR_NGC_V,0,,8,MH,26
IR_NGC_V,0,,8,MI1,28
IR_NGC_V,0,,8,MI2,29
IR_NGC_V,0,,8,MOC,30
IR_NGC_V,0,,8,MW,34
IR_NGC_V,0,,8,AI1,35
IR_NGC_V,0,,8,AI2,36
IR_NGC_V,0,,8,AN,37
IR_NGC_V,0,,8,EXN,39
IR_NGC_V,0,,8,PM,41
IR_NGC_V,0,,8,SM,43
IR_NGC_V,0,,8,SM,44
IR_NGC_V,0,,8,SM,45
IR_NGC_V,0,,8,T,54
IR_NGC_V,0,,8,TM,55
IR_NGC_V,0,,8,TA,56
IR_NGC_V,0,,9,TL,0
IR_NGC_V,0,,9,MA1,1
IR_NGC_V,0,,9,MA2,2
IR_NGC_V,0,,9,MA3,3
IR_NGC_V,0,,9,MB1,6
IR_NGC_V,0,,9,MB2,7
IR_NGC_V,0,,9,MB3,8
IR_NGC_V,0,,9,MC,11
IR_NGC_V,0,,9,MD,13
IR_NGC_V,0,,9,ME,15
IR_NGC_V,0,,9,MF1,17
IR_NGC_V,0,,9,MF2,18
IR_NGC_V,0,,9,MF3,19
IR_NGC_V,0,,9,MF4,20
IR_NGC_V,0,,9,MF5,22
IR_NGC_V,0,,9,MF6,23
IR_NGC_V,0,,9,MG,24
IR_NGC_V,0,,9,MH,26
IR_NGC_V,0,,9,MI1,28
IR_NGC_V,0,,9,MI2,29
IR_NGC_V,0,,9,MOC,30
IR_NGC_V,0,,9,MW,34
IR_NGC_V,0,,9,AI1,35
IR_NGC_V,0,,9,AI2,36
IR_NGC_V,0,,9,AN,37
IR_NGC_V,0,,9,EXN,39
IR_NGC_V,0,,9,PM,41
IR_NGC_V,0,,9,SM,43
IR_NGC_V,0,,9,SM,44
IR_NGC_V,0,,9,SM,45
IR_NGC_V,0,,9,T,54
IR_NGC_V,0,,9,TM,55
IR_NGC_V,0,,9,TA,56
IR_NGC_V,0,,10,TL,0
IR_NGC_V,0,,10,MA1,1
IR_NGC_V,0,,10,MA2,2
IR_NGC_V,0,,10,MA3,3
IR_NGC_V,0,,10,MB1,6
IR_NGC_V,0,,10,MB2,7
IR_NGC_V,0,,10,MB3,8
IR_NGC_V,0,,10,MC,11
IR_NGC_V,0,,10,MD,13
IR_NGC_V,0,,10,ME,15
IR_NGC_V,0,,10,MF1,17
IR_NGC_V,0,,10,MF2,18
IR_NGC_V,0,,10,MF3,19
IR_NGC_V,0,,10,MF4,20
IR_NGC_V,0,,10,MF5,22
IR_NGC_V,0,,10,MF6,23
IR_NGC_V,0,,10,MG,24
IR_NGC_V,0,,10,MH,26
IR_NGC_V,0,,10,MI1,28
IR_NGC_V,0,,10,MI2,29
IR_NGC_V,0,,10,MOC,30
IR_NGC_V,0,,10,MW,34
IR_NGC_V,0,,10,AI1,35
IR_NGC_V,0,,10,AI2,36
IR_NGC_V,0,,10,AN,37
IR_NGC_V,0,,10,EXN,39
IR_NGC_V,0,,10,PM,41
IR_NGC_V,0,,10,SM,43
IR_NGC_V,0,,10,SM,44
IR_NGC_V,0,,10,SM,45
IR_NGC_V,0,,10,T,54
IR_NGC_V,0,,10,TM,55
IR_NGC_V,0,,10,TA,56
IR_NGC_V,0,,12,TL,0
IR_NGC_V,0,,12,MA1,1
IR_NGC_V,0,,12,MA2,2
IR_NGC_V,0,,12,MA3,3
IR_NGC_V,0,,12,MB1,6
IR_NGC_V,0,,12,MB2,7
IR_NGC_V,0,,12,MB3,8
IR_NGC_V,0,,12,MC,11
IR_NGC_V,0,,12,MD,13
IR_NGC_V,0,,12,ME,15
IR_NGC_V,0,,12,MF1,17
IR_NGC_V,0,,12,MF2,18
IR_NGC_V,0,,12,MF3,19
IR_NGC_V,0,,12,MF4,20
IR_NGC_V,0,,12,MF5,22
IR_NGC_V,0,,12,MF6,23
IR_NGC_V,0,,12,MG,24
IR_NGC_V,0,,12,MH,26
IR_NGC_V,0,,12,MI1,28
IR_NGC_V,0,,12,MI2,29
IR_NGC_V,0,,12,MOC,30
IR_NGC_V,0,,12,MW,34
IR_NGC_V,0,,12,AI1,35
IR_NGC_V,0,,12,AI2,36
IR_NGC_V,0,,12,AN,37
IR_NGC_V,0,,12,EXN,39
IR_NGC_V,0,,12,PM,41
IR_NGC_V,0,,12,SM,43
IR_NGC_V,0,,12,SM,44
IR_NGC_V,0,,12,SM,45
IR_NGC_V,0,,12,T,54
IR_NGC_V,0,,12,TM,55
IR_NGC_V,0,,12,TA,56
IR_NGC_V,0,,14,TL,0
IR_NGC_V,0,,14,MA1,1
IR_NGC_V,0,,14,MA2,2
IR_NGC_V,0,,14,MA3,3
IR_NGC_V,0,,14,MB1,6
IR_NGC_V,0,,14,MB2,7
IR_NGC_V,0,,14,MB3,8
IR_NGC_V,0,,14,MC,11
IR_NGC_V,0,,14,MD,13
IR_NGC_V,0,,14,ME,15
IR_NGC_V,0,,14,MF1,17
IR_NGC_V,0,,14,MF2,18
IR_NGC_V,0,,14,MF3,19
IR_NGC_V,0,,14,MF4,20
IR_NGC_V,0,,14,MF5,22
IR_NGC_V,0,,14,MF6,23
IR_NGC_V,0,,14,MG,24
IR_NGC_V,0,,14,MH,26
IR_NGC_V,0,,14,MI1,28
IR_NGC_V,0,,14,MI2,29
IR_NGC_V,0,,14,MOC,30
IR_NGC_V,0,,14,MW,34
IR_NGC_V,0,,14,AI1,35
IR_NGC_V,0,,14,AI2,36
IR_NGC_V,0,,14,AN,37
IR_NGC_V,0,,14,EXN,39
IR_NGC_V,0,,14,PM,41
IR_NGC_V,0,,14,SM,43
IR_NGC_V,0,,14,SM,44
IR_NGC_V,0,,14,SM,45
IR_NGC_V,0,,14,T,54
IR_NGC_V,0,,14,TM,55
IR_NGC_V,0,,14,TA,56
IR_NGC_V,0,,15,TL,0
IR_NGC_V,0,,15,MA1,1
IR_NGC_V,0,,15,MA2,2
IR_NGC_V,0,,15,MA3,3
IR_NGC_V,0,,15,MB1,6
IR_NGC_V,0,,15,MB2,7
IR_NGC_V,0,,15,MB3,8
IR_NGC_V,0,,15,MC,11
IR_NGC_V,0,,15,MD,13
IR_NGC_V,0,,15,ME,15
IR_NGC_V,0,,15,MF1,17
IR_NGC_V,0,,15,MF2,18
IR_NGC_V,0,,15,MF3,19
IR_NGC_V,0,,15,MF4,20
IR_NGC_V,0,,15,MF5,22
IR_NGC_V,0,,15,MF6,23
IR_NGC_V,0,,15,MG,24
IR_NGC_V,0,,15,MH,26
IR_NGC_V,0,,15,MI1,28
IR_NGC_V,0,,15,MI2,29
IR_NGC_V,0,,15,MOC,30
IR_NGC_V,0,,15,MW,34
IR_NGC_V,0,,15,AI1,35
IR_NGC_V,0,,15,AI2,36
IR_NGC_V,0,,15,AN,37
IR_NGC_V,0,,15,EXN,39
IR_NGC_V,0,,15,PM,41
IR_NGC_V,0,,15,SM,43
IR_NGC_V,0,,15,SM,44
IR_NGC_V,0,,15,SM,45
IR_NGC_V,0,,15,T,54
IR_NGC_V,0,,15,TM,55
IR_NGC_V,0,,15,TA,56
IR_NGC_V,0,,16,TL,0
IR_NGC_V,0,,16,MA1,1
IR_NGC_V,0,,16,MA2,2
IR_NGC_V,0,,16,MA3,3
IR_NGC_V,0,,16,MB1,6
IR_NGC_V,0,,16,MB2,7
IR_NGC_V,0,,16,MB3,8
IR_NGC_V,0,,16,MC,11
IR_NGC_V,0,,16,MD,13
IR_NGC_V,0,,16,ME,15
IR_NGC_V,0,,16,MF1,17
IR_NGC_V,0,,16,MF2,18
IR_NGC_V,0,,16,MF3,19
IR_NGC_V,0,,16,MF4,20
IR_NGC_V,0,,16,MF5,22
IR_NGC_V,0,,16,MF6,23
IR_NGC_V,0,,16,MG,24
IR_NGC_V,0,,16,MH,26
IR_NGC_V,0,,16,MI1,28
IR_NGC_V,0,,16,MI2,29
IR_NGC_V,0,,16,MOC,30
IR_NGC_V,0,,16,MW,34
IR_NGC_V,0,,16,AI1,35
IR_NGC_V,0,,16,AI2,36
IR_NGC_V,0,,16,AN,37
IR_NGC_V,0,,16,EXN,39
IR_NGC_V,0,,16,PM,41
IR_NGC_V,0,,16,SM,43
IR_NGC_V,0,,16,SM,44
IR_NGC_V,0,,16,SM,45
IR_NGC_V,0,,16,T,54
IR_NGC_V,0,,16,TM,55
IR_NGC_V,0,,16,TA,56
IR_NGC_V,0,,17,TL,0
IR_NGC_V,0,,17,MA1,1
IR_NGC_V,0,,17,MA2,2
IR_NGC_V,0,,17,MA3,3
IR_NGC_V,0,,17,MB1,6
IR_NGC_V,0,,17,MB2,7
IR_NGC_V,0,,17,MB3,8
IR_NGC_V,0,,17,MC,11
IR_NGC_V,0,,17,MD,13
IR_NGC_V,0,,17,ME,15
IR_NGC_V,0,,17,MF1,17
IR_NGC_V,0,,17,MF2,18
IR_NGC_V,0,,17,MF3,19
IR_NGC_V,0,,17,MF4,20
IR_NGC_V,0,,17,MF5,22
