nom_table,CPT_COP_NUM,PRS_NAT_REF,NAT_DEP_TOP
IR_NAT_PDE_C,,4382,1
IR_NAT_PDE_C,,4392,1
IR_NAT_PDE_C,,4393,1
IR_NAT_PDE_C,,4394,1
IR_NAT_PDE_C,,4395,1
IR_NAT_PDE_C,,4396,1
IR_NAT_PDE_C,,4397,1
IR_NAT_PDE_C,,4611,1
IR_NAT_PDE_C,,4612,1
IR_NAT_PDE_C,,5101,1
IR_NAT_PDE_C,,5102,1
IR_NAT_PDE_C,,5103,1
IR_NAT_PDE_C,,5104,1
IR_NAT_PDE_C,,5105,1
IR_NAT_PDE_C,,5106,1
IR_NAT_PDE_C,,5107,1
IR_NAT_PDE_C,,5108,1
IR_NAT_PDE_C,,5109,1
IR_NAT_PDE_C,,5110,1
IR_NAT_PDE_C,,5111,1
IR_NAT_PDE_C,,5112,1
IR_NAT_PDE_C,,5113,1
IR_NAT_PDE_C,,5114,1
IR_NAT_PDE_C,,5115,1
IR_NAT_PDE_C,,5116,1
IR_NAT_PDE_C,,5117,1
IR_NAT_PDE_C,,5118,1
IR_NAT_PDE_C,,5119,1
IR_NAT_PDE_C,,5120,1
IR_NAT_PDE_C,,5201,1
IR_NAT_PDE_C,,5202,1
IR_NAT_PDE_C,,5203,1
IR_NAT_PDE_C,,5204,1
IR_NAT_PDE_C,,5205,1
IR_NAT_PDE_C,,5206,1
IR_NAT_PDE_C,,5401,1
IR_NAT_PDE_C,,6121,1
IR_NAT_PDE_C,,7111,1
IR_NAT_PDE_C,,8113,1
IR_NAT_PDE_C,,8115,1
IR_NAT_PDE_C,,8222,1
IR_NAT_PDE_C,,9133,1
IR_NAT_PDE_C,,9151,1
IR_NAT_PDE_C,,9152,1
IR_NAT_PDE_C,,9201,1
IR_NAT_PDE_C,,9202,1
IR_NAT_PDE_C,,9203,1
IR_NAT_PDE_C,,9221,1
IR_NAT_PDE_C,,9311,1
IR_NAT_PDE_C,,9313,1
IR_NAT_PDE_C,,9421,1
IR_NAT_PDE_C,,9422,1
IR_NAT_PDE_C,,9423,1
IR_NAT_PDE_C,,9429,1
IR_NAT_PDE_C,,9430,1
IR_NAT_PDE_C,,9431,1
IR_NAT_PDE_C,,9432,1
IR_NAT_PDE_C,,9433,1
IR_NAT_PDE_C,,9434,1
IR_NAT_PDE_C,,9512,1
IR_NAT_PDE_C,,9522,1
IR_NAT_PDE_C,,9523,1
IR_NAT_PDE_C,,9524,1
IR_NAT_PDE_C,,9525,1
IR_NAT_PDE_C,,9526,1
IR_NAT_PDE_C,,9527,1
IR_NAT_PDE_C,,9528,1
IR_NAT_PDE_C,,9529,1
IR_NAT_PDE_C,,9530,1
IR_NAT_PDE_C,,9531,1
IR_NAT_PDE_C,,9532,1
IR_NAT_PDE_C,,9533,1
IR_NAT_PDE_C,,9534,1
IR_NAT_PDE_C,,9535,1
IR_NAT_PDE_C,,9536,1
IR_NAT_PDE_C,,9537,1
IR_NAT_PDE_C,,9538,1
IR_NAT_PDE_C,,9539,1
IR_NAT_PDE_C,,9540,1
IR_NAT_PDE_C,,9541,1
IR_NAT_PDE_C,,9542,1
IR_NAT_PDE_C,,9543,1
IR_NAT_PDE_C,,9544,1
IR_NAT_PDE_C,,9545,1
IR_NAT_PDE_C,,9546,1
IR_NAT_PDE_C,,9547,1
IR_NAT_PDE_C,,9548,1
IR_NAT_PDE_C,,9549,1
IR_NAT_PDE_C,,9550,1
IR_NAT_PDE_C,,9551,1
IR_NAT_PDE_C,,9552,1
IR_NAT_PDE_C,,9553,1
IR_NAT_PDE_C,,9554,1
IR_NAT_PDE_C,,9555,1
IR_NAT_PDE_C,,9556,1
IR_NAT_PDE_C,,9557,1
IR_NAT_PDE_C,,9558,1
IR_NAT_PDE_C,,9559,1
IR_NAT_PDE_C,,9560,1
IR_NAT_PDE_C,,9561,1
IR_NAT_PDE_C,,9562,1
IR_NAT_PDE_C,,9563,1
IR_NAT_PDE_C,,9564,1
IR_NAT_PDE_C,,9565,1
IR_NAT_PDE_C,,9566,1
IR_NAT_PDE_C,,9567,1
IR_NAT_PDE_C,,9568,1
IR_NAT_PDE_C,,9569,1
IR_NAT_PDE_C,,9570,1
IR_NAT_PDE_C,,9715,1
IR_NAT_PDE_C,,9716,1
IR_NAT_PDE_C,,9717,1
IR_NAT_PDE_C,,9719,1
IR_NAT_PDE_C,,9721,1
IR_NAT_PDE_C,,9722,1
IR_NAT_PDE_C,,9724,1
IR_NAT_PDE_C,,9725,1
IR_NAT_PDE_C,,9731,1
IR_NAT_PDE_C,,9732,1
IR_NAT_PDE_C,,9741,1
IR_NAT_PDE_C,,9742,1
IR_NAT_PDE_C,,9743,1
IR_NAT_PDE_C,,9744,1
IR_NAT_PDE_C,,9751,1
IR_NAT_PDE_C,,9752,1
IR_NAT_PDE_C,,9761,1
IR_NAT_PDE_C,,9762,1
IR_NAT_PDE_C,,9763,1
IR_NAT_PDE_C,,9764,1
IR_NAT_PDE_C,,9765,1
IR_NAT_PDE_C,,9766,1
IR_NAT_PDE_C,,9767,1
IR_NAT_PDE_C,,9768,1
IR_NAT_PDE_C,,9769,1
IR_NAT_PDE_C,,9771,1
IR_NAT_PDE_C,,9772,1
IR_NAT_PDE_C,,9773,1
IR_NAT_PDE_C,,9774,1
IR_NAT_PDE_C,,9775,1
IR_NAT_PDE_C,,9776,1
IR_NAT_PDE_C,,9777,1
IR_NAT_PDE_C,,9778,1
IR_NAT_PDE_C,,9911,1
IR_NAT_PDE_C,,4205,1
IR_NAT_PDE_C,,4204,1
IR_NAT_PDE_C,,3302,1
IR_NAT_PDE_C,,3303,1
IR_NAT_PDE_C,,3304,1
IR_NAT_PDE_C,,3305,1
IR_NAT_PDE_C,,1095,1
IR_NAT_PDE_C,,2107,1
IR_NAT_PDE_C,,2106,1
IR_NAT_PDE_C,,1940,1
IR_NAT_PDE_C,,3540,1
IR_NAT_PDE_C,,5400,1
IR_NAT_PDE_C,,1193,1
IR_NAT_PDE_C,,1401,1
IR_NAT_PDE_C,,1402,1
IR_NAT_PDE_C,,1403,1
IR_NAT_PDE_C,,1939,1
IR_NAT_PDE_C,,1194,1
IR_NAT_PDE_C,,3306,1
IR_NAT_PDE_C,,3307,1
IR_NAT_PDE_C,,1096,1
IR_NAT_PDE_C,,1097,1
IR_NAT_PDE_C,,1098,1
IR_NAT_PDE_C,,1099,1
IR_NAT_PDE_C,,1100,1
IR_NAT_PDE_C,,1101,1
IR_NAT_PDE_C,,1102,1
IR_NAT_PDE_C,,1103,1
IR_NAT_PDE_C,,1104,1
IR_NAT_PDE_C,,1105,1
IR_NAT_PDE_C,,1106,1
IR_NAT_PDE_C,,1107,1
IR_NAT_PDE_C,,1108,1
IR_NAT_PDE_C,,1109,1
IR_NAT_PDE_C,,1110,1
IR_NAT_PDE_C,,1111,1
IR_NAT_PDE_C,,1112,1
IR_NAT_PDE_C,,1113,1
IR_NAT_PDE_C,,1114,1
IR_NAT_PDE_C,,1115,1
IR_NAT_PDE_C,,1116,1
IR_NAT_PDE_C,,1117,1
IR_NAT_PDE_C,,1118,1
IR_NAT_PDE_C,,1119,1
IR_NAT_PDE_C,,1120,1
IR_NAT_PDE_C,,1121,1
IR_NAT_PDE_C,,1122,1
IR_NAT_PDE_C,,1123,1
IR_NAT_PDE_C,,1124,1
IR_NAT_PDE_C,,1125,1
IR_NAT_PDE_C,,1126,1
IR_NAT_PDE_C,,1127,1
IR_NAT_PDE_C,,1128,1
IR_NAT_PDE_C,,1129,1
IR_NAT_PDE_C,,1130,1
IR_NAT_PDE_C,,1131,1
IR_NAT_PDE_C,,1132,1
IR_NAT_PDE_C,,1133,1
IR_NAT_PDE_C,,1134,1
IR_NAT_PDE_C,,1135,1
IR_NAT_PDE_C,,1136,1
IR_NAT_PDE_C,,1137,1
IR_NAT_PDE_C,,1139,1
IR_NAT_PDE_C,,1140,1
IR_NAT_PDE_C,,1141,1
IR_NAT_PDE_C,,1142,1
IR_NAT_PDE_C,,1143,1
IR_NAT_PDE_C,,1144,1
IR_NAT_PDE_C,,1145,1
IR_NAT_PDE_C,,1146,1
IR_NAT_PDE_C,,1147,1
IR_NAT_PDE_C,,1148,1
IR_NAT_PDE_C,,1149,1
IR_NAT_PDE_C,,1150,1
IR_NAT_PDE_C,,1152,1
IR_NAT_PDE_C,,1153,1
IR_NAT_PDE_C,,1154,1
IR_NAT_PDE_C,,1155,1
IR_NAT_PDE_C,,1156,1
IR_NAT_PDE_C,,1157,1
IR_NAT_PDE_C,,1158,1
IR_NAT_PDE_C,,1159,1
IR_NAT_PDE_C,,1160,1
IR_NAT_PDE_C,,1161,1
IR_NAT_PDE_C,,1162,1
IR_NAT_PDE_C,,1163,1
IR_NAT_PDE_C,,1164,1
IR_NAT_PDE_C,,1165,1
IR_NAT_PDE_C,,1166,1
IR_NAT_PDE_C,,1167,1
IR_NAT_PDE_C,,1168,1
IR_NAT_PDE_C,,1169,1
IR_NAT_PDE_C,,1170,1
IR_NAT_PDE_C,,1171,1
IR_NAT_PDE_C,,1172,1
IR_NAT_PDE_C,,1173,1
IR_NAT_PDE_C,,1174,1
IR_NAT_PDE_C,,1175,1
IR_NAT_PDE_C,,1176,1
IR_NAT_PDE_C,,1177,1
IR_NAT_PDE_C,,1178,1
IR_NAT_PDE_C,,1179,1
IR_NAT_PDE_C,,1180,1
IR_NAT_PDE_C,,1181,1
IR_NAT_PDE_C,,1184,1
IR_NAT_PDE_C,,1185,1
IR_NAT_PDE_C,,1186,1
IR_NAT_PDE_C,,1187,1
IR_NAT_PDE_C,,1188,1
IR_NAT_PDE_C,,1189,1
IR_NAT_PDE_C,,1190,1
IR_NAT_PDE_C,,1191,1
IR_NAT_PDE_C,,1192,1
IR_NAT_PDE_C,,1209,1
IR_NAT_PDE_C,,1210,1
IR_NAT_PDE_C,,1211,1
IR_NAT_PDE_C,,1212,1
IR_NAT_PDE_C,,1213,1
IR_NAT_PDE_C,,1214,1
IR_NAT_PDE_C,,1215,1
IR_NAT_PDE_C,,1216,1
IR_NAT_PDE_C,,1221,1
IR_NAT_PDE_C,,1222,1
IR_NAT_PDE_C,,1224,1
IR_NAT_PDE_C,,1226,1
IR_NAT_PDE_C,,1227,1
IR_NAT_PDE_C,,1228,1
IR_NAT_PDE_C,,1311,1
IR_NAT_PDE_C,,1312,1
IR_NAT_PDE_C,,1313,1
IR_NAT_PDE_C,,1316,1
IR_NAT_PDE_C,,1318,1
IR_NAT_PDE_C,,1321,1
IR_NAT_PDE_C,,1322,1
IR_NAT_PDE_C,,1323,1
IR_NAT_PDE_C,,1324,1
IR_NAT_PDE_C,,1331,1
IR_NAT_PDE_C,,1335,1
IR_NAT_PDE_C,,1336,1
IR_NAT_PDE_C,,1341,1
IR_NAT_PDE_C,,1351,1
IR_NAT_PDE_C,,1352,1
IR_NAT_PDE_C,,1361,1
IR_NAT_PDE_C,,1411,1
IR_NAT_PDE_C,,1421,1
IR_NAT_PDE_C,,1422,1
IR_NAT_PDE_C,,1423,1
IR_NAT_PDE_C,,1424,1
IR_NAT_PDE_C,,1425,1
IR_NAT_PDE_C,,1426,1
IR_NAT_PDE_C,,1427,1
IR_NAT_PDE_C,,1431,1
IR_NAT_PDE_C,,1432,1
IR_NAT_PDE_C,,1433,1
IR_NAT_PDE_C,,1434,1
IR_NAT_PDE_C,,1435,1
IR_NAT_PDE_C,,1436,1
IR_NAT_PDE_C,,1437,1
IR_NAT_PDE_C,,1451,1
IR_NAT_PDE_C,,1452,1
IR_NAT_PDE_C,,1453,1
IR_NAT_PDE_C,,1462,1
IR_NAT_PDE_C,,1465,1
IR_NAT_PDE_C,,1470,1
IR_NAT_PDE_C,,1471,1
IR_NAT_PDE_C,,1472,1
IR_NAT_PDE_C,,1473,1
IR_NAT_PDE_C,,1474,1
IR_NAT_PDE_C,,1475,1
IR_NAT_PDE_C,,1476,1
IR_NAT_PDE_C,,1477,1
IR_NAT_PDE_C,,1523,1
IR_NAT_PDE_C,,1601,1
IR_NAT_PDE_C,,1602,1
IR_NAT_PDE_C,,1605,1
IR_NAT_PDE_C,,1606,1
IR_NAT_PDE_C,,1607,1
IR_NAT_PDE_C,,1608,1
IR_NAT_PDE_C,,1609,1
IR_NAT_PDE_C,,1610,1
IR_NAT_PDE_C,,1611,1
IR_NAT_PDE_C,,1612,1
IR_NAT_PDE_C,,1613,1
IR_NAT_PDE_C,,1614,1
IR_NAT_PDE_C,,1615,1
IR_NAT_PDE_C,,1616,1
IR_NAT_PDE_C,,1617,1
IR_NAT_PDE_C,,1618,1
IR_NAT_PDE_C,,1619,1
IR_NAT_PDE_C,,1621,1
IR_NAT_PDE_C,,1622,1
IR_NAT_PDE_C,,1623,1
IR_NAT_PDE_C,,1624,1
IR_NAT_PDE_C,,1625,1
IR_NAT_PDE_C,,1626,1
IR_NAT_PDE_C,,1627,1
IR_NAT_PDE_C,,1628,1
IR_NAT_PDE_C,,1629,1
IR_NAT_PDE_C,,1630,1
IR_NAT_PDE_C,,1631,1
IR_NAT_PDE_C,,1632,1
IR_NAT_PDE_C,,1633,1
IR_NAT_PDE_C,,1634,1
IR_NAT_PDE_C,,1635,1
IR_NAT_PDE_C,,1636,1
IR_NAT_PDE_C,,1637,1
IR_NAT_PDE_C,,1638,1
IR_NAT_PDE_C,,1639,1
IR_NAT_PDE_C,,1640,1
IR_NAT_PDE_C,,1641,1
IR_NAT_PDE_C,,1642,1
IR_NAT_PDE_C,,1643,1
IR_NAT_PDE_C,,1644,1
IR_NAT_PDE_C,,1645,1
IR_NAT_PDE_C,,1646,1
IR_NAT_PDE_C,,1647,1
IR_NAT_PDE_C,,1648,1
IR_NAT_PDE_C,,1649,1
IR_NAT_PDE_C,,1650,1
IR_NAT_PDE_C,,1651,1
IR_NAT_PDE_C,,1652,1
IR_NAT_PDE_C,,1653,1
IR_NAT_PDE_C,,1701,1
IR_NAT_PDE_C,,1702,1
IR_NAT_PDE_C,,1703,1
IR_NAT_PDE_C,,1704,1
IR_NAT_PDE_C,,1705,1
IR_NAT_PDE_C,,1706,1
IR_NAT_PDE_C,,1707,1
IR_NAT_PDE_C,,1708,1
IR_NAT_PDE_C,,1715,1
IR_NAT_PDE_C,,1716,1
IR_NAT_PDE_C,,1717,1
IR_NAT_PDE_C,,1718,1
IR_NAT_PDE_C,,1721,1
IR_NAT_PDE_C,,1722,1
IR_NAT_PDE_C,,1723,1
IR_NAT_PDE_C,,1724,1
IR_NAT_PDE_C,,1725,1
IR_NAT_PDE_C,,1726,1
IR_NAT_PDE_C,,1727,1
IR_NAT_PDE_C,,1728,1
IR_NAT_PDE_C,,1729,1
IR_NAT_PDE_C,,1731,1
IR_NAT_PDE_C,,1732,1
IR_NAT_PDE_C,,1733,1
IR_NAT_PDE_C,,1734,1
IR_NAT_PDE_C,,1735,1
IR_NAT_PDE_C,,1736,1
IR_NAT_PDE_C,,1741,1
IR_NAT_PDE_C,,1742,1
IR_NAT_PDE_C,,1743,1
IR_NAT_PDE_C,,1744,1
IR_NAT_PDE_C,,1745,1
IR_NAT_PDE_C,,1746,1
IR_NAT_PDE_C,,1747,1
IR_NAT_PDE_C,,1748,1
IR_NAT_PDE_C,,1749,1
IR_NAT_PDE_C,,1751,1
IR_NAT_PDE_C,,1761,1
IR_NAT_PDE_C,,1762,1
IR_NAT_PDE_C,,1763,1
IR_NAT_PDE_C,,1764,1
IR_NAT_PDE_C,,1765,1
IR_NAT_PDE_C,,1766,1
IR_NAT_PDE_C,,1767,1
IR_NAT_PDE_C,,1768,1
IR_NAT_PDE_C,,1769,1
IR_NAT_PDE_C,,1771,1
IR_NAT_PDE_C,,1781,1
IR_NAT_PDE_C,,1782,1
IR_NAT_PDE_C,,1783,1
IR_NAT_PDE_C,,1784,1
IR_NAT_PDE_C,,1785,1
IR_NAT_PDE_C,,1786,1
IR_NAT_PDE_C,,1787,1
IR_NAT_PDE_C,,1788,1
IR_NAT_PDE_C,,1789,1
IR_NAT_PDE_C,,1791,1
IR_NAT_PDE_C,,1811,1
IR_NAT_PDE_C,,1812,1
IR_NAT_PDE_C,,1813,1
IR_NAT_PDE_C,,1821,1
IR_NAT_PDE_C,,1841,1
IR_NAT_PDE_C,,1842,1
IR_NAT_PDE_C,,1843,1
IR_NAT_PDE_C,,1844,1
IR_NAT_PDE_C,,1845,1
IR_NAT_PDE_C,,1846,1
IR_NAT_PDE_C,,1847,1
IR_NAT_PDE_C,,1903,1
IR_NAT_PDE_C,,1904,1
IR_NAT_PDE_C,,1905,1
IR_NAT_PDE_C,,1906,1
IR_NAT_PDE_C,,1907,1
IR_NAT_PDE_C,,1908,1
IR_NAT_PDE_C,,1909,1
IR_NAT_PDE_C,,1910,1
IR_NAT_PDE_C,,1911,1
IR_NAT_PDE_C,,1912,1
IR_NAT_PDE_C,,1913,1
IR_NAT_PDE_C,,1914,1
IR_NAT_PDE_C,,1915,1
IR_NAT_PDE_C,,1916,1
IR_NAT_PDE_C,,1917,1
IR_NAT_PDE_C,,1918,1
IR_NAT_PDE_C,,1919,1
IR_NAT_PDE_C,,1920,1
IR_NAT_PDE_C,,1922,1
IR_NAT_PDE_C,,1923,1
IR_NAT_PDE_C,,1926,1
IR_NAT_PDE_C,,1931,1
IR_NAT_PDE_C,,1932,1
IR_NAT_PDE_C,,1933,1
IR_NAT_PDE_C,,1934,1
IR_NAT_PDE_C,,1935,1
IR_NAT_PDE_C,,1936,1
IR_NAT_PDE_C,,1937,1
IR_NAT_PDE_C,,1938,1
IR_NAT_PDE_C,,1941,1
IR_NAT_PDE_C,,1942,1
IR_NAT_PDE_C,,1943,1
IR_NAT_PDE_C,,1944,1
IR_NAT_PDE_C,,1945,1
IR_NAT_PDE_C,,1981,1
IR_NAT_PDE_C,,1990,1
IR_NAT_PDE_C,,1991,1
IR_NAT_PDE_C,,1992,1
IR_NAT_PDE_C,,1993,1
IR_NAT_PDE_C,,1994,1
IR_NAT_PDE_C,,1995,1
IR_NAT_PDE_C,,1996,1
IR_NAT_PDE_C,,1997,1
IR_NAT_PDE_C,,1998,1
IR_NAT_PDE_C,,1999,1
IR_NAT_PDE_C,,2108,1
IR_NAT_PDE_C,,2109,1
IR_NAT_PDE_C,,2111,1
IR_NAT_PDE_C,,2112,1
IR_NAT_PDE_C,,2113,1
IR_NAT_PDE_C,,2114,1
IR_NAT_PDE_C,,2115,1
IR_NAT_PDE_C,,2116,1
IR_NAT_PDE_C,,2117,1
IR_NAT_PDE_C,,2118,1
IR_NAT_PDE_C,,2119,1
IR_NAT_PDE_C,,2120,1
IR_NAT_PDE_C,,2129,1
IR_NAT_PDE_C,,2131,1
IR_NAT_PDE_C,,2132,1
IR_NAT_PDE_C,,2133,1
IR_NAT_PDE_C,,2134,1
IR_NAT_PDE_C,,2135,1
IR_NAT_PDE_C,,2136,1
IR_NAT_PDE_C,,2137,1
IR_NAT_PDE_C,,2138,1
IR_NAT_PDE_C,,2139,1
IR_NAT_PDE_C,,2140,1
IR_NAT_PDE_C,,2141,1
IR_NAT_PDE_C,,2142,1
IR_NAT_PDE_C,,2143,1
IR_NAT_PDE_C,,2144,1
IR_NAT_PDE_C,,2145,1
IR_NAT_PDE_C,,2146,1
IR_NAT_PDE_C,,2147,1
IR_NAT_PDE_C,,2150,1
IR_NAT_PDE_C,,2151,1
IR_NAT_PDE_C,,2152,1
IR_NAT_PDE_C,,2153,1
IR_NAT_PDE_C,,2154,1
IR_NAT_PDE_C,,2155,1
IR_NAT_PDE_C,,2156,1
IR_NAT_PDE_C,,2157,1
IR_NAT_PDE_C,,2158,1
IR_NAT_PDE_C,,2159,1
IR_NAT_PDE_C,,2160,1
IR_NAT_PDE_C,,2161,1
IR_NAT_PDE_C,,2162,1
IR_NAT_PDE_C,,2163,1
IR_NAT_PDE_C,,2164,1
IR_NAT_PDE_C,,2165,1
IR_NAT_PDE_C,,2166,1
IR_NAT_PDE_C,,2167,1
IR_NAT_PDE_C,,2168,1
IR_NAT_PDE_C,,2170,1
IR_NAT_PDE_C,,2171,1
IR_NAT_PDE_C,,2172,1
IR_NAT_PDE_C,,2173,1
IR_NAT_PDE_C,,2174,1
IR_NAT_PDE_C,,2175,1
IR_NAT_PDE_C,,2176,1
IR_NAT_PDE_C,,2177,1
IR_NAT_PDE_C,,2178,1
IR_NAT_PDE_C,,2181,1
IR_NAT_PDE_C,,2182,1
IR_NAT_PDE_C,,2183,1
IR_NAT_PDE_C,,2184,1
IR_NAT_PDE_C,,2185,1
IR_NAT_PDE_C,,2186,1
IR_NAT_PDE_C,,2187,1
IR_NAT_PDE_C,,2188,1
IR_NAT_PDE_C,,2189,1
IR_NAT_PDE_C,,2190,1
IR_NAT_PDE_C,,2191,1
IR_NAT_PDE_C,,2195,1
IR_NAT_PDE_C,,2196,1
IR_NAT_PDE_C,,2211,1
IR_NAT_PDE_C,,2212,1
IR_NAT_PDE_C,,2213,1
IR_NAT_PDE_C,,2221,1
IR_NAT_PDE_C,,2222,1
IR_NAT_PDE_C,,2230,1
IR_NAT_PDE_C,,2231,1
IR_NAT_PDE_C,,2232,1
IR_NAT_PDE_C,,2234,1
IR_NAT_PDE_C,,2235,1
IR_NAT_PDE_C,,2236,1
IR_NAT_PDE_C,,2237,1
IR_NAT_PDE_C,,2238,1
IR_NAT_PDE_C,,2239,1
IR_NAT_PDE_C,,2240,1
IR_NAT_PDE_C,,2241,1
IR_NAT_PDE_C,,2242,1
IR_NAT_PDE_C,,2243,1
IR_NAT_PDE_C,,2244,1
IR_NAT_PDE_C,,2245,1
IR_NAT_PDE_C,,2246,1
IR_NAT_PDE_C,,2247,1
IR_NAT_PDE_C,,2248,1
IR_NAT_PDE_C,,2249,1
IR_NAT_PDE_C,,2251,1
IR_NAT_PDE_C,,2258,1
IR_NAT_PDE_C,,2259,1
IR_NAT_PDE_C,,2260,1
IR_NAT_PDE_C,,2261,1
IR_NAT_PDE_C,,2262,1
IR_NAT_PDE_C,,2263,1
IR_NAT_PDE_C,,2264,1
IR_NAT_PDE_C,,2265,1
IR_NAT_PDE_C,,2271,1
IR_NAT_PDE_C,,2272,1
IR_NAT_PDE_C,,2273,1
IR_NAT_PDE_C,,2274,1
IR_NAT_PDE_C,,2275,1
IR_NAT_PDE_C,,2283,1
IR_NAT_PDE_C,,2284,1
IR_NAT_PDE_C,,2285,1
IR_NAT_PDE_C,,2321,1
IR_NAT_PDE_C,,2331,1
IR_NAT_PDE_C,,2333,1
IR_NAT_PDE_C,,2334,1
IR_NAT_PDE_C,,2335,1
IR_NAT_PDE_C,,2337,1
IR_NAT_PDE_C,,2338,1
IR_NAT_PDE_C,,2339,1
IR_NAT_PDE_C,,2341,1
IR_NAT_PDE_C,,2342,1
IR_NAT_PDE_C,,2343,1
IR_NAT_PDE_C,,2344,1
IR_NAT_PDE_C,,2345,1
IR_NAT_PDE_C,,2346,1
IR_NAT_PDE_C,,2347,1
IR_NAT_PDE_C,,2351,1
IR_NAT_PDE_C,,2352,1
IR_NAT_PDE_C,,2353,1
IR_NAT_PDE_C,,2354,1
IR_NAT_PDE_C,,2380,1
IR_NAT_PDE_C,,2381,1
IR_NAT_PDE_C,,2382,1
IR_NAT_PDE_C,,2383,1
IR_NAT_PDE_C,,2384,1
IR_NAT_PDE_C,,2385,1
IR_NAT_PDE_C,,2386,1
IR_NAT_PDE_C,,2387,1
IR_NAT_PDE_C,,2388,1
IR_NAT_PDE_C,,2389,1
IR_NAT_PDE_C,,2391,1
IR_NAT_PDE_C,,2392,1
IR_NAT_PDE_C,,2411,1
IR_NAT_PDE_C,,2412,1
IR_NAT_PDE_C,,2413,1
IR_NAT_PDE_C,,2414,1
IR_NAT_PDE_C,,2415,1
IR_NAT_PDE_C,,2416,1
IR_NAT_PDE_C,,2417,1
IR_NAT_PDE_C,,2418,1
IR_NAT_PDE_C,,2419,1
IR_NAT_PDE_C,,2420,1
IR_NAT_PDE_C,,2421,1
IR_NAT_PDE_C,,2422,1
IR_NAT_PDE_C,,2423,1
IR_NAT_PDE_C,,2424,1
IR_NAT_PDE_C,,2425,1
IR_NAT_PDE_C,,2426,1
IR_NAT_PDE_C,,2428,1
IR_NAT_PDE_C,,2501,1
IR_NAT_PDE_C,,2502,1
IR_NAT_PDE_C,,2503,1
IR_NAT_PDE_C,,2504,1
IR_NAT_PDE_C,,3110,1
IR_NAT_PDE_C,,3111,1
IR_NAT_PDE_C,,3112,1
IR_NAT_PDE_C,,3113,1
IR_NAT_PDE_C,,3115,1
IR_NAT_PDE_C,,3116,1
IR_NAT_PDE_C,,3117,1
IR_NAT_PDE_C,,3121,1
IR_NAT_PDE_C,,3122,1
IR_NAT_PDE_C,,3125,1
IR_NAT_PDE_C,,3126,1
IR_NAT_PDE_C,,3127,1
IR_NAT_PDE_C,,3128,1
IR_NAT_PDE_C,,3131,1
IR_NAT_PDE_C,,3132,1
IR_NAT_PDE_C,,3133,1
IR_NAT_PDE_C,,3134,1
IR_NAT_PDE_C,,3135,1
IR_NAT_PDE_C,,3139,1
IR_NAT_PDE_C,,3211,1
IR_NAT_PDE_C,,3213,1
IR_NAT_PDE_C,,3216,1
IR_NAT_PDE_C,,3221,1
IR_NAT_PDE_C,,3222,1
IR_NAT_PDE_C,,3223,1
IR_NAT_PDE_C,,3225,1
IR_NAT_PDE_C,,3311,1
IR_NAT_PDE_C,,3312,1
IR_NAT_PDE_C,,3313,1
IR_NAT_PDE_C,,3314,1
IR_NAT_PDE_C,,3315,1
IR_NAT_PDE_C,,3316,1
IR_NAT_PDE_C,,3317,1
IR_NAT_PDE_C,,3321,1
IR_NAT_PDE_C,,3322,1
IR_NAT_PDE_C,,3323,1
IR_NAT_PDE_C,,3325,1
IR_NAT_PDE_C,,3326,1
IR_NAT_PDE_C,,3327,1
IR_NAT_PDE_C,,3329,1
IR_NAT_PDE_C,,3330,1
IR_NAT_PDE_C,,3331,1
IR_NAT_PDE_C,,3332,1
IR_NAT_PDE_C,,3334,1
IR_NAT_PDE_C,,3335,1
IR_NAT_PDE_C,,3336,1
IR_NAT_PDE_C,,3337,1
IR_NAT_PDE_C,,3338,1
IR_NAT_PDE_C,,3339,1
IR_NAT_PDE_C,,3340,1
IR_NAT_PDE_C,,3341,1
IR_NAT_PDE_C,,3342,1
IR_NAT_PDE_C,,3343,1
IR_NAT_PDE_C,,3351,1
IR_NAT_PDE_C,,3352,1
IR_NAT_PDE_C,,3353,1
IR_NAT_PDE_C,,3354,1
IR_NAT_PDE_C,,3355,1
IR_NAT_PDE_C,,3356,1
IR_NAT_PDE_C,,3357,1
IR_NAT_PDE_C,,3361,1
IR_NAT_PDE_C,,3362,1
IR_NAT_PDE_C,,3363,1
IR_NAT_PDE_C,,3364,1
IR_NAT_PDE_C,,3365,1
IR_NAT_PDE_C,,3366,1
IR_NAT_PDE_C,,3371,1
IR_NAT_PDE_C,,3372,1
IR_NAT_PDE_C,,3373,1
IR_NAT_PDE_C,,3374,1
IR_NAT_PDE_C,,3375,1
IR_NAT_PDE_C,,3378,1
IR_NAT_PDE_C,,3379,1
IR_NAT_PDE_C,,3380,1
IR_NAT_PDE_C,,3381,1
IR_NAT_PDE_C,,3382,1
IR_NAT_PDE_C,,3383,1
IR_NAT_PDE_C,,3384,1
IR_NAT_PDE_C,,3385,1
IR_NAT_PDE_C,,3386,1
IR_NAT_PDE_C,,3387,1
IR_NAT_PDE_C,,3388,1
IR_NAT_PDE_C,,3389,1
IR_NAT_PDE_C,,3390,1
IR_NAT_PDE_C,,3392,1
IR_NAT_PDE_C,,3394,1
IR_NAT_PDE_C,,3395,1
IR_NAT_PDE_C,,3397,1
IR_NAT_PDE_C,,3398,1
IR_NAT_PDE_C,,3399,1
IR_NAT_PDE_C,,3411,1
IR_NAT_PDE_C,,3412,1
IR_NAT_PDE_C,,3413,1
IR_NAT_PDE_C,,3414,1
IR_NAT_PDE_C,,3511,1
IR_NAT_PDE_C,,3512,1
IR_NAT_PDE_C,,3513,1
IR_NAT_PDE_C,,3514,1
IR_NAT_PDE_C,,3515,1
IR_NAT_PDE_C,,3516,1
IR_NAT_PDE_C,,3517,1
IR_NAT_PDE_C,,3518,1
IR_NAT_PDE_C,,3521,1
IR_NAT_PDE_C,,3522,1
IR_NAT_PDE_C,,3523,1
IR_NAT_PDE_C,,3524,1
IR_NAT_PDE_C,,3525,1
IR_NAT_PDE_C,,3526,1
IR_NAT_PDE_C,,3527,1
IR_NAT_PDE_C,,3528,1
IR_NAT_PDE_C,,3529,1
IR_NAT_PDE_C,,3530,1
IR_NAT_PDE_C,,3531,1
IR_NAT_PDE_C,,3532,1
IR_NAT_PDE_C,,3533,1
IR_NAT_PDE_C,,3534,1
IR_NAT_PDE_C,,3535,1
IR_NAT_PDE_C,,3536,1
IR_NAT_PDE_C,,3537,1
IR_NAT_PDE_C,,3538,1
IR_NAT_PDE_C,,3539,1
IR_NAT_PDE_C,,3541,1
IR_NAT_PDE_C,,3542,1
IR_NAT_PDE_C,,3543,1
IR_NAT_PDE_C,,3544,1
IR_NAT_PDE_C,,3545,1
IR_NAT_PDE_C,,3548,1
IR_NAT_PDE_C,,3549,1
IR_NAT_PDE_C,,3551,1
IR_NAT_PDE_C,,3552,1
IR_NAT_PDE_C,,3553,1
IR_NAT_PDE_C,,3554,1
IR_NAT_PDE_C,,3555,1
IR_NAT_PDE_C,,3556,1
IR_NAT_PDE_C,,3557,1
IR_NAT_PDE_C,,3561,1
IR_NAT_PDE_C,,3572,1
IR_NAT_PDE_C,,3573,1
IR_NAT_PDE_C,,3574,1
IR_NAT_PDE_C,,3575,1
IR_NAT_PDE_C,,3576,1
IR_NAT_PDE_C,,3581,1
IR_NAT_PDE_C,,3582,1
IR_NAT_PDE_C,,3583,1
IR_NAT_PDE_C,,3591,1
IR_NAT_PDE_C,,3592,1
IR_NAT_PDE_C,,3593,1
IR_NAT_PDE_C,,3594,1
IR_NAT_PDE_C,,4111,1
IR_NAT_PDE_C,,4112,1
IR_NAT_PDE_C,,4113,1
IR_NAT_PDE_C,,4114,1
IR_NAT_PDE_C,,4131,1
IR_NAT_PDE_C,,4132,1
IR_NAT_PDE_C,,4141,1
IR_NAT_PDE_C,,4142,1
IR_NAT_PDE_C,,4143,1
IR_NAT_PDE_C,,4144,1
IR_NAT_PDE_C,,4145,1
IR_NAT_PDE_C,,4151,1
IR_NAT_PDE_C,,4152,1
IR_NAT_PDE_C,,4153,1
IR_NAT_PDE_C,,4154,1
IR_NAT_PDE_C,,4155,1
IR_NAT_PDE_C,,4156,1
IR_NAT_PDE_C,,4157,1
IR_NAT_PDE_C,,4158,1
IR_NAT_PDE_C,,4206,1
IR_NAT_PDE_C,,4207,1
IR_NAT_PDE_C,,4208,1
IR_NAT_PDE_C,,4209,1
IR_NAT_PDE_C,,4210,1
IR_NAT_PDE_C,,4211,1
IR_NAT_PDE_C,,4212,1
IR_NAT_PDE_C,,4213,1
IR_NAT_PDE_C,,4214,1
IR_NAT_PDE_C,,4215,1
IR_NAT_PDE_C,,4216,1
IR_NAT_PDE_C,,4217,1
IR_NAT_PDE_C,,4218,1
IR_NAT_PDE_C,,4219,1
IR_NAT_PDE_C,,4220,1
IR_NAT_PDE_C,,4221,1
IR_NAT_PDE_C,,4222,1
IR_NAT_PDE_C,,4223,1
IR_NAT_PDE_C,,4224,1
IR_NAT_PDE_C,,4225,1
IR_NAT_PDE_C,,4226,1
IR_NAT_PDE_C,,4227,1
IR_NAT_PDE_C,,4228,1
IR_NAT_PDE_C,,4229,1
IR_NAT_PDE_C,,4316,1
IR_NAT_PDE_C,,4317,1
IR_NAT_PDE_C,,4318,1
IR_NAT_PDE_C,,4319,1
IR_NAT_PDE_C,,4320,1
IR_NAT_PDE_C,,4322,1
IR_NAT_PDE_C,,4326,1
IR_NAT_PDE_C,,4327,1
IR_NAT_PDE_C,,4328,1
IR_NAT_PDE_C,,4329,1
IR_NAT_PDE_C,,4330,1
IR_NAT_PDE_C,,4331,1
IR_NAT_PDE_C,,4332,1
IR_NAT_PDE_C,,4339,1
IR_NAT_PDE_C,,4367,1
IR_NAT_PDE_C,,4368,1
IR_NAT_PDE_C,,4369,1
IR_NAT_PDE_C,,4371,1
IR_NAT_PDE_C,,4372,1
IR_NAT_PDE_C,,4374,1
IR_NAT_PDE_C,,4375,1
IR_NAT_PDE_C,,4376,1
IR_NAT_PDE_C,,4377,1
IR_NAT_PDE_C,,4378,1
IR_NAT_PDE_C,,4379,1
IR_NAT_PDE_C,,4380,1
IR_NAT_PDE_C,,4381,1
