nom_table,CPT_COP_NUM,PRS_NAT_REF,NAT_REM_MAX
IR_NAT_REM_C,,1422,2290
IR_NAT_REM_C,,3325,55
IR_NAT_REM_C,,3326,550
IR_NAT_REM_C,,3414,1525
IR_NAT_REM_C,,3511,2290
IR_NAT_REM_C,,3512,1525
IR_NAT_REM_C,,3513,460
IR_NAT_REM_C,,3514,765
IR_NAT_REM_C,,3515,765
IR_NAT_REM_C,,3516,610
IR_NAT_REM_C,,3531,15250
IR_NAT_REM_C,,3541,3815
IR_NAT_REM_C,,3542,152450
IR_NAT_REM_C,,3543,15250
IR_NAT_REM_C,,3544,1525
IR_NAT_REM_C,,3545,18295
IR_NAT_REM_C,,3546,765
IR_NAT_REM_C,,3561,15250
IR_NAT_REM_C,,4211,152450
IR_NAT_REM_C,,4212,152450
IR_NAT_REM_C,,4213,152450
IR_NAT_REM_C,,4214,152450
IR_NAT_REM_C,,4219,152450
IR_NAT_REM_C,,4382,275
