nom_table,BEN_QLT_COD,CPT_COP_NUM,PRS_NAT
IR_NAT_BEQ_C,1,,3611
IR_NAT_BEQ_C,1,,3612
IR_NAT_BEQ_C,1,,4111
IR_NAT_BEQ_C,1,,4112
IR_NAT_BEQ_C,1,,4113
IR_NAT_BEQ_C,1,,4114
IR_NAT_BEQ_C,1,,4131
IR_NAT_BEQ_C,1,,4132
IR_NAT_BEQ_C,1,,4141
IR_NAT_BEQ_C,1,,4142
IR_NAT_BEQ_C,1,,4143
IR_NAT_BEQ_C,1,,4144
IR_NAT_BEQ_C,1,,4145
IR_NAT_BEQ_C,1,,4151
IR_NAT_BEQ_C,1,,4152
IR_NAT_BEQ_C,1,,4153
IR_NAT_BEQ_C,1,,4154
IR_NAT_BEQ_C,1,,4155
IR_NAT_BEQ_C,1,,4156
IR_NAT_BEQ_C,1,,4157
IR_NAT_BEQ_C,1,,4158
IR_NAT_BEQ_C,1,,4204
IR_NAT_BEQ_C,1,,4205
IR_NAT_BEQ_C,1,,4206
IR_NAT_BEQ_C,1,,4207
IR_NAT_BEQ_C,1,,4208
IR_NAT_BEQ_C,1,,4209
IR_NAT_BEQ_C,1,,4210
IR_NAT_BEQ_C,1,,4211
IR_NAT_BEQ_C,1,,4212
IR_NAT_BEQ_C,1,,4213
IR_NAT_BEQ_C,1,,4214
IR_NAT_BEQ_C,1,,4215
IR_NAT_BEQ_C,1,,4216
IR_NAT_BEQ_C,1,,4217
IR_NAT_BEQ_C,1,,4218
IR_NAT_BEQ_C,1,,4219
IR_NAT_BEQ_C,1,,4220
IR_NAT_BEQ_C,1,,4221
IR_NAT_BEQ_C,1,,4222
IR_NAT_BEQ_C,1,,4223
IR_NAT_BEQ_C,1,,4224
IR_NAT_BEQ_C,1,,4225
IR_NAT_BEQ_C,1,,4226
IR_NAT_BEQ_C,1,,4227
IR_NAT_BEQ_C,1,,4228
IR_NAT_BEQ_C,1,,4229
IR_NAT_BEQ_C,1,,4315
IR_NAT_BEQ_C,1,,4316
IR_NAT_BEQ_C,1,,4317
IR_NAT_BEQ_C,1,,4318
IR_NAT_BEQ_C,1,,4319
IR_NAT_BEQ_C,1,,4320
IR_NAT_BEQ_C,1,,4321
IR_NAT_BEQ_C,1,,4322
IR_NAT_BEQ_C,1,,4323
IR_NAT_BEQ_C,1,,4324
IR_NAT_BEQ_C,1,,4325
IR_NAT_BEQ_C,1,,4326
IR_NAT_BEQ_C,1,,4327
IR_NAT_BEQ_C,1,,4328
IR_NAT_BEQ_C,1,,4329
IR_NAT_BEQ_C,1,,4330
IR_NAT_BEQ_C,1,,4331
IR_NAT_BEQ_C,1,,4332
IR_NAT_BEQ_C,1,,4339
IR_NAT_BEQ_C,1,,4341
IR_NAT_BEQ_C,1,,4342
IR_NAT_BEQ_C,1,,4343
IR_NAT_BEQ_C,1,,4351
IR_NAT_BEQ_C,1,,4352
IR_NAT_BEQ_C,1,,4353
IR_NAT_BEQ_C,1,,4359
IR_NAT_BEQ_C,1,,4360
IR_NAT_BEQ_C,1,,4361
IR_NAT_BEQ_C,1,,4363
IR_NAT_BEQ_C,1,,4364
IR_NAT_BEQ_C,1,,4365
IR_NAT_BEQ_C,1,,4366
IR_NAT_BEQ_C,1,,4367
IR_NAT_BEQ_C,1,,4368
IR_NAT_BEQ_C,1,,4369
IR_NAT_BEQ_C,1,,4370
IR_NAT_BEQ_C,1,,4371
IR_NAT_BEQ_C,1,,4372
IR_NAT_BEQ_C,1,,4373
IR_NAT_BEQ_C,1,,4374
IR_NAT_BEQ_C,1,,4375
IR_NAT_BEQ_C,1,,4376
IR_NAT_BEQ_C,1,,4377
IR_NAT_BEQ_C,1,,4378
IR_NAT_BEQ_C,1,,4379
IR_NAT_BEQ_C,1,,4380
IR_NAT_BEQ_C,1,,4381
IR_NAT_BEQ_C,1,,4382
IR_NAT_BEQ_C,1,,4392
IR_NAT_BEQ_C,1,,4393
IR_NAT_BEQ_C,1,,4394
IR_NAT_BEQ_C,1,,4395
IR_NAT_BEQ_C,1,,4396
IR_NAT_BEQ_C,1,,4397
IR_NAT_BEQ_C,1,,4411
IR_NAT_BEQ_C,1,,4412
IR_NAT_BEQ_C,1,,4413
IR_NAT_BEQ_C,1,,4414
IR_NAT_BEQ_C,1,,4415
IR_NAT_BEQ_C,1,,4416
IR_NAT_BEQ_C,1,,4417
IR_NAT_BEQ_C,1,,4419
IR_NAT_BEQ_C,1,,4501
IR_NAT_BEQ_C,1,,4511
IR_NAT_BEQ_C,1,,4512
IR_NAT_BEQ_C,1,,4513
IR_NAT_BEQ_C,1,,4514
IR_NAT_BEQ_C,1,,4515
IR_NAT_BEQ_C,1,,4611
IR_NAT_BEQ_C,1,,4612
IR_NAT_BEQ_C,1,,5101
IR_NAT_BEQ_C,1,,5102
IR_NAT_BEQ_C,1,,5103
IR_NAT_BEQ_C,1,,5104
IR_NAT_BEQ_C,1,,5105
IR_NAT_BEQ_C,1,,5106
IR_NAT_BEQ_C,1,,5107
IR_NAT_BEQ_C,1,,5108
IR_NAT_BEQ_C,1,,5109
IR_NAT_BEQ_C,1,,5110
IR_NAT_BEQ_C,1,,5111
IR_NAT_BEQ_C,1,,5112
IR_NAT_BEQ_C,1,,5113
IR_NAT_BEQ_C,1,,5114
IR_NAT_BEQ_C,1,,5115
IR_NAT_BEQ_C,1,,5116
IR_NAT_BEQ_C,1,,5117
IR_NAT_BEQ_C,1,,5118
IR_NAT_BEQ_C,1,,5119
IR_NAT_BEQ_C,1,,5120
IR_NAT_BEQ_C,1,,5201
IR_NAT_BEQ_C,1,,5202
IR_NAT_BEQ_C,1,,5203
IR_NAT_BEQ_C,1,,5204
IR_NAT_BEQ_C,1,,5205
IR_NAT_BEQ_C,1,,5206
IR_NAT_BEQ_C,1,,5400
IR_NAT_BEQ_C,1,,5401
IR_NAT_BEQ_C,1,,6011
IR_NAT_BEQ_C,1,,6012
IR_NAT_BEQ_C,1,,6013
IR_NAT_BEQ_C,1,,6014
IR_NAT_BEQ_C,1,,6110
IR_NAT_BEQ_C,1,,6111
IR_NAT_BEQ_C,1,,6112
IR_NAT_BEQ_C,1,,6113
IR_NAT_BEQ_C,1,,6114
IR_NAT_BEQ_C,1,,6115
IR_NAT_BEQ_C,1,,6116
IR_NAT_BEQ_C,1,,6117
IR_NAT_BEQ_C,1,,6118
IR_NAT_BEQ_C,1,,6119
IR_NAT_BEQ_C,1,,6120
IR_NAT_BEQ_C,1,,6121
IR_NAT_BEQ_C,1,,6122
IR_NAT_BEQ_C,1,,6123
IR_NAT_BEQ_C,1,,6124
IR_NAT_BEQ_C,1,,6125
IR_NAT_BEQ_C,1,,6126
IR_NAT_BEQ_C,1,,6127
IR_NAT_BEQ_C,1,,6128
IR_NAT_BEQ_C,1,,6129
IR_NAT_BEQ_C,1,,6131
IR_NAT_BEQ_C,1,,6132
IR_NAT_BEQ_C,1,,6133
IR_NAT_BEQ_C,1,,6134
IR_NAT_BEQ_C,1,,6135
IR_NAT_BEQ_C,1,,6191
IR_NAT_BEQ_C,1,,6211
IR_NAT_BEQ_C,1,,6212
IR_NAT_BEQ_C,1,,6213
IR_NAT_BEQ_C,1,,6214
IR_NAT_BEQ_C,1,,6215
IR_NAT_BEQ_C,1,,6221
IR_NAT_BEQ_C,1,,6222
IR_NAT_BEQ_C,1,,6231
IR_NAT_BEQ_C,1,,6232
IR_NAT_BEQ_C,1,,6233
IR_NAT_BEQ_C,1,,6234
IR_NAT_BEQ_C,1,,6235
IR_NAT_BEQ_C,1,,6236
IR_NAT_BEQ_C,1,,6237
IR_NAT_BEQ_C,1,,6238
IR_NAT_BEQ_C,1,,6239
IR_NAT_BEQ_C,1,,6241
IR_NAT_BEQ_C,1,,6242
IR_NAT_BEQ_C,1,,6251
IR_NAT_BEQ_C,1,,6252
IR_NAT_BEQ_C,1,,6253
IR_NAT_BEQ_C,1,,6254
IR_NAT_BEQ_C,1,,6257
IR_NAT_BEQ_C,1,,6258
IR_NAT_BEQ_C,1,,6261
IR_NAT_BEQ_C,1,,6262
IR_NAT_BEQ_C,1,,6311
IR_NAT_BEQ_C,1,,6312
IR_NAT_BEQ_C,1,,7111
IR_NAT_BEQ_C,1,,7112
IR_NAT_BEQ_C,1,,7113
IR_NAT_BEQ_C,1,,7119
IR_NAT_BEQ_C,1,,7201
IR_NAT_BEQ_C,1,,8111
IR_NAT_BEQ_C,1,,8112
IR_NAT_BEQ_C,1,,8113
IR_NAT_BEQ_C,1,,8114
IR_NAT_BEQ_C,1,,8115
IR_NAT_BEQ_C,1,,8116
IR_NAT_BEQ_C,1,,8117
IR_NAT_BEQ_C,1,,8118
IR_NAT_BEQ_C,1,,8119
IR_NAT_BEQ_C,1,,8120
IR_NAT_BEQ_C,1,,8121
IR_NAT_BEQ_C,1,,8222
IR_NAT_BEQ_C,1,,8223
IR_NAT_BEQ_C,1,,8224
IR_NAT_BEQ_C,1,,8226
IR_NAT_BEQ_C,1,,8227
IR_NAT_BEQ_C,1,,9111
IR_NAT_BEQ_C,1,,9112
IR_NAT_BEQ_C,1,,9113
IR_NAT_BEQ_C,1,,9114
IR_NAT_BEQ_C,1,,9115
IR_NAT_BEQ_C,1,,9116
IR_NAT_BEQ_C,1,,9118
IR_NAT_BEQ_C,1,,9119
IR_NAT_BEQ_C,1,,9121
IR_NAT_BEQ_C,1,,9122
IR_NAT_BEQ_C,1,,9123
IR_NAT_BEQ_C,1,,9129
IR_NAT_BEQ_C,1,,9131
IR_NAT_BEQ_C,1,,9132
IR_NAT_BEQ_C,1,,9133
IR_NAT_BEQ_C,1,,9134
IR_NAT_BEQ_C,2,,3341
IR_NAT_BEQ_C,2,,3342
IR_NAT_BEQ_C,2,,3343
IR_NAT_BEQ_C,2,,3351
IR_NAT_BEQ_C,2,,3352
IR_NAT_BEQ_C,2,,3353
IR_NAT_BEQ_C,2,,3354
IR_NAT_BEQ_C,2,,3355
IR_NAT_BEQ_C,2,,3356
IR_NAT_BEQ_C,2,,3357
IR_NAT_BEQ_C,2,,3364
IR_NAT_BEQ_C,2,,3365
IR_NAT_BEQ_C,2,,3366
IR_NAT_BEQ_C,2,,3371
IR_NAT_BEQ_C,2,,3372
IR_NAT_BEQ_C,2,,3373
IR_NAT_BEQ_C,2,,3374
IR_NAT_BEQ_C,2,,3375
IR_NAT_BEQ_C,2,,3379
IR_NAT_BEQ_C,2,,3380
IR_NAT_BEQ_C,2,,3381
IR_NAT_BEQ_C,2,,3382
IR_NAT_BEQ_C,2,,3383
IR_NAT_BEQ_C,2,,3384
IR_NAT_BEQ_C,2,,3385
IR_NAT_BEQ_C,2,,3386
IR_NAT_BEQ_C,2,,3387
IR_NAT_BEQ_C,2,,3388
IR_NAT_BEQ_C,2,,3389
IR_NAT_BEQ_C,2,,3390
IR_NAT_BEQ_C,2,,3395
IR_NAT_BEQ_C,2,,3399
IR_NAT_BEQ_C,2,,3411
IR_NAT_BEQ_C,2,,3412
IR_NAT_BEQ_C,2,,3413
IR_NAT_BEQ_C,2,,3414
IR_NAT_BEQ_C,2,,3511
IR_NAT_BEQ_C,2,,3512
IR_NAT_BEQ_C,2,,3513
IR_NAT_BEQ_C,2,,3514
IR_NAT_BEQ_C,2,,3515
IR_NAT_BEQ_C,2,,3516
IR_NAT_BEQ_C,2,,3517
IR_NAT_BEQ_C,2,,3518
IR_NAT_BEQ_C,2,,3521
IR_NAT_BEQ_C,2,,3522
IR_NAT_BEQ_C,2,,3523
IR_NAT_BEQ_C,2,,3524
IR_NAT_BEQ_C,2,,3525
IR_NAT_BEQ_C,2,,3526
IR_NAT_BEQ_C,2,,3527
IR_NAT_BEQ_C,2,,3528
IR_NAT_BEQ_C,2,,3529
IR_NAT_BEQ_C,2,,3530
IR_NAT_BEQ_C,2,,3531
IR_NAT_BEQ_C,2,,3532
IR_NAT_BEQ_C,2,,3533
IR_NAT_BEQ_C,2,,3534
IR_NAT_BEQ_C,2,,3535
IR_NAT_BEQ_C,2,,3536
IR_NAT_BEQ_C,2,,3537
IR_NAT_BEQ_C,2,,3538
IR_NAT_BEQ_C,2,,3539
IR_NAT_BEQ_C,2,,3540
IR_NAT_BEQ_C,2,,3541
IR_NAT_BEQ_C,2,,3542
IR_NAT_BEQ_C,2,,3543
IR_NAT_BEQ_C,2,,3544
IR_NAT_BEQ_C,2,,3545
IR_NAT_BEQ_C,2,,3547
IR_NAT_BEQ_C,2,,3548
IR_NAT_BEQ_C,2,,3549
IR_NAT_BEQ_C,2,,3551
IR_NAT_BEQ_C,2,,3552
IR_NAT_BEQ_C,2,,3553
IR_NAT_BEQ_C,2,,3554
IR_NAT_BEQ_C,2,,3555
IR_NAT_BEQ_C,2,,3556
IR_NAT_BEQ_C,2,,3557
IR_NAT_BEQ_C,2,,3561
IR_NAT_BEQ_C,2,,3572
IR_NAT_BEQ_C,2,,3573
IR_NAT_BEQ_C,2,,3574
IR_NAT_BEQ_C,2,,3575
IR_NAT_BEQ_C,2,,3576
IR_NAT_BEQ_C,2,,3581
IR_NAT_BEQ_C,2,,3582
IR_NAT_BEQ_C,2,,3583
IR_NAT_BEQ_C,2,,3591
IR_NAT_BEQ_C,2,,3592
IR_NAT_BEQ_C,2,,3593
IR_NAT_BEQ_C,2,,3594
IR_NAT_BEQ_C,2,,4111
IR_NAT_BEQ_C,2,,4112
IR_NAT_BEQ_C,2,,4113
IR_NAT_BEQ_C,2,,4114
IR_NAT_BEQ_C,2,,4131
IR_NAT_BEQ_C,2,,4132
IR_NAT_BEQ_C,2,,4141
IR_NAT_BEQ_C,2,,4142
IR_NAT_BEQ_C,2,,4143
IR_NAT_BEQ_C,2,,4144
IR_NAT_BEQ_C,2,,4145
IR_NAT_BEQ_C,2,,4151
IR_NAT_BEQ_C,2,,4152
IR_NAT_BEQ_C,2,,4153
IR_NAT_BEQ_C,2,,4154
IR_NAT_BEQ_C,2,,4155
IR_NAT_BEQ_C,2,,4156
IR_NAT_BEQ_C,2,,4157
IR_NAT_BEQ_C,2,,4158
IR_NAT_BEQ_C,2,,4204
IR_NAT_BEQ_C,2,,4205
IR_NAT_BEQ_C,2,,4206
IR_NAT_BEQ_C,2,,4207
IR_NAT_BEQ_C,2,,4208
IR_NAT_BEQ_C,2,,4210
IR_NAT_BEQ_C,2,,4211
IR_NAT_BEQ_C,2,,4212
IR_NAT_BEQ_C,2,,4213
IR_NAT_BEQ_C,2,,4214
IR_NAT_BEQ_C,2,,4215
IR_NAT_BEQ_C,2,,4216
IR_NAT_BEQ_C,2,,4217
IR_NAT_BEQ_C,2,,4218
IR_NAT_BEQ_C,2,,4219
IR_NAT_BEQ_C,2,,4220
IR_NAT_BEQ_C,2,,4221
IR_NAT_BEQ_C,2,,4222
IR_NAT_BEQ_C,2,,4223
IR_NAT_BEQ_C,2,,4225
IR_NAT_BEQ_C,2,,4226
IR_NAT_BEQ_C,2,,4229
IR_NAT_BEQ_C,2,,4315
IR_NAT_BEQ_C,2,,4316
IR_NAT_BEQ_C,2,,4325
IR_NAT_BEQ_C,2,,4326
IR_NAT_BEQ_C,2,,4327
IR_NAT_BEQ_C,2,,4328
IR_NAT_BEQ_C,2,,4329
IR_NAT_BEQ_C,2,,4330
IR_NAT_BEQ_C,2,,4331
IR_NAT_BEQ_C,2,,4332
IR_NAT_BEQ_C,2,,4339
IR_NAT_BEQ_C,2,,4351
IR_NAT_BEQ_C,2,,4352
IR_NAT_BEQ_C,2,,4353
IR_NAT_BEQ_C,2,,4359
IR_NAT_BEQ_C,2,,4360
IR_NAT_BEQ_C,2,,4361
IR_NAT_BEQ_C,2,,4363
IR_NAT_BEQ_C,2,,4364
IR_NAT_BEQ_C,2,,4365
IR_NAT_BEQ_C,2,,4366
IR_NAT_BEQ_C,2,,4367
IR_NAT_BEQ_C,2,,4368
IR_NAT_BEQ_C,2,,4369
IR_NAT_BEQ_C,2,,4370
IR_NAT_BEQ_C,2,,4371
IR_NAT_BEQ_C,2,,4372
IR_NAT_BEQ_C,2,,4373
IR_NAT_BEQ_C,2,,4374
IR_NAT_BEQ_C,2,,4375
IR_NAT_BEQ_C,2,,4376
IR_NAT_BEQ_C,2,,4377
IR_NAT_BEQ_C,2,,4378
IR_NAT_BEQ_C,2,,4379
IR_NAT_BEQ_C,2,,4380
IR_NAT_BEQ_C,2,,4381
IR_NAT_BEQ_C,2,,4382
IR_NAT_BEQ_C,2,,4392
IR_NAT_BEQ_C,2,,4393
IR_NAT_BEQ_C,2,,4394
IR_NAT_BEQ_C,2,,4395
IR_NAT_BEQ_C,2,,4396
IR_NAT_BEQ_C,2,,4397
IR_NAT_BEQ_C,2,,4411
IR_NAT_BEQ_C,2,,4412
IR_NAT_BEQ_C,2,,4413
IR_NAT_BEQ_C,2,,4414
IR_NAT_BEQ_C,2,,4415
IR_NAT_BEQ_C,2,,4416
IR_NAT_BEQ_C,2,,4417
IR_NAT_BEQ_C,2,,4419
IR_NAT_BEQ_C,2,,4501
IR_NAT_BEQ_C,2,,4511
IR_NAT_BEQ_C,2,,4611
IR_NAT_BEQ_C,2,,4612
IR_NAT_BEQ_C,2,,5101
IR_NAT_BEQ_C,2,,5102
IR_NAT_BEQ_C,2,,5103
IR_NAT_BEQ_C,2,,5104
IR_NAT_BEQ_C,2,,5105
IR_NAT_BEQ_C,2,,5106
IR_NAT_BEQ_C,2,,5107
IR_NAT_BEQ_C,2,,5108
IR_NAT_BEQ_C,2,,5109
IR_NAT_BEQ_C,2,,5110
IR_NAT_BEQ_C,2,,5111
IR_NAT_BEQ_C,2,,5112
IR_NAT_BEQ_C,2,,5113
IR_NAT_BEQ_C,2,,5114
IR_NAT_BEQ_C,2,,5115
IR_NAT_BEQ_C,2,,5116
IR_NAT_BEQ_C,2,,5117
IR_NAT_BEQ_C,2,,5118
IR_NAT_BEQ_C,2,,5119
IR_NAT_BEQ_C,2,,5120
IR_NAT_BEQ_C,2,,5201
IR_NAT_BEQ_C,2,,5202
IR_NAT_BEQ_C,2,,5203
IR_NAT_BEQ_C,2,,5204
IR_NAT_BEQ_C,2,,5205
IR_NAT_BEQ_C,2,,5206
IR_NAT_BEQ_C,2,,5400
IR_NAT_BEQ_C,2,,5401
IR_NAT_BEQ_C,2,,6111
IR_NAT_BEQ_C,2,,6122
IR_NAT_BEQ_C,2,,6123
IR_NAT_BEQ_C,2,,6212
IR_NAT_BEQ_C,2,,6221
IR_NAT_BEQ_C,2,,6222
IR_NAT_BEQ_C,2,,6235
IR_NAT_BEQ_C,2,,6237
IR_NAT_BEQ_C,2,,6238
IR_NAT_BEQ_C,2,,6251
IR_NAT_BEQ_C,2,,6252
IR_NAT_BEQ_C,2,,6253
IR_NAT_BEQ_C,2,,6254
IR_NAT_BEQ_C,2,,6257
IR_NAT_BEQ_C,2,,6258
IR_NAT_BEQ_C,2,,6261
IR_NAT_BEQ_C,2,,6262
IR_NAT_BEQ_C,2,,7111
IR_NAT_BEQ_C,2,,7112
IR_NAT_BEQ_C,2,,7113
IR_NAT_BEQ_C,2,,7119
IR_NAT_BEQ_C,3,,3225
IR_NAT_BEQ_C,3,,3311
IR_NAT_BEQ_C,3,,3312
IR_NAT_BEQ_C,3,,3313
IR_NAT_BEQ_C,3,,3314
IR_NAT_BEQ_C,3,,3315
IR_NAT_BEQ_C,3,,3316
IR_NAT_BEQ_C,3,,3317
IR_NAT_BEQ_C,3,,3318
IR_NAT_BEQ_C,3,,3319
IR_NAT_BEQ_C,3,,3320
IR_NAT_BEQ_C,3,,3321
IR_NAT_BEQ_C,3,,3322
IR_NAT_BEQ_C,3,,3323
IR_NAT_BEQ_C,3,,3324
IR_NAT_BEQ_C,3,,3325
IR_NAT_BEQ_C,3,,3326
IR_NAT_BEQ_C,3,,3327
IR_NAT_BEQ_C,3,,3328
IR_NAT_BEQ_C,3,,3329
IR_NAT_BEQ_C,3,,3330
IR_NAT_BEQ_C,3,,3331
IR_NAT_BEQ_C,3,,3332
IR_NAT_BEQ_C,3,,3334
IR_NAT_BEQ_C,3,,3335
IR_NAT_BEQ_C,3,,3336
IR_NAT_BEQ_C,3,,3337
IR_NAT_BEQ_C,3,,3338
IR_NAT_BEQ_C,3,,3339
IR_NAT_BEQ_C,3,,3340
IR_NAT_BEQ_C,3,,3341
IR_NAT_BEQ_C,3,,3342
IR_NAT_BEQ_C,3,,3343
IR_NAT_BEQ_C,3,,3351
IR_NAT_BEQ_C,3,,3352
IR_NAT_BEQ_C,3,,3353
IR_NAT_BEQ_C,3,,3354
IR_NAT_BEQ_C,3,,3355
IR_NAT_BEQ_C,3,,3356
IR_NAT_BEQ_C,3,,3357
IR_NAT_BEQ_C,3,,3364
IR_NAT_BEQ_C,3,,3365
IR_NAT_BEQ_C,3,,3366
IR_NAT_BEQ_C,3,,3371
IR_NAT_BEQ_C,3,,3372
IR_NAT_BEQ_C,3,,3373
IR_NAT_BEQ_C,3,,3374
IR_NAT_BEQ_C,3,,3375
IR_NAT_BEQ_C,3,,3379
IR_NAT_BEQ_C,3,,3380
IR_NAT_BEQ_C,3,,3381
IR_NAT_BEQ_C,3,,3382
IR_NAT_BEQ_C,3,,3383
IR_NAT_BEQ_C,3,,3384
IR_NAT_BEQ_C,3,,3385
IR_NAT_BEQ_C,3,,3386
IR_NAT_BEQ_C,3,,3387
IR_NAT_BEQ_C,3,,3388
IR_NAT_BEQ_C,3,,3389
IR_NAT_BEQ_C,3,,3390
IR_NAT_BEQ_C,3,,3395
IR_NAT_BEQ_C,3,,3399
IR_NAT_BEQ_C,3,,3411
IR_NAT_BEQ_C,3,,3412
IR_NAT_BEQ_C,3,,3413
IR_NAT_BEQ_C,3,,3414
IR_NAT_BEQ_C,3,,3511
IR_NAT_BEQ_C,3,,3512
IR_NAT_BEQ_C,3,,3513
IR_NAT_BEQ_C,3,,3514
IR_NAT_BEQ_C,3,,3515
IR_NAT_BEQ_C,3,,3516
IR_NAT_BEQ_C,3,,3517
IR_NAT_BEQ_C,3,,3518
IR_NAT_BEQ_C,3,,3521
IR_NAT_BEQ_C,3,,3522
IR_NAT_BEQ_C,3,,3523
IR_NAT_BEQ_C,3,,3524
IR_NAT_BEQ_C,3,,3525
IR_NAT_BEQ_C,3,,3526
IR_NAT_BEQ_C,3,,3527
IR_NAT_BEQ_C,3,,3528
IR_NAT_BEQ_C,3,,3529
IR_NAT_BEQ_C,3,,3530
IR_NAT_BEQ_C,3,,3531
IR_NAT_BEQ_C,3,,3532
IR_NAT_BEQ_C,3,,3533
IR_NAT_BEQ_C,3,,3534
IR_NAT_BEQ_C,3,,3535
IR_NAT_BEQ_C,3,,3536
IR_NAT_BEQ_C,3,,3537
IR_NAT_BEQ_C,3,,3538
IR_NAT_BEQ_C,3,,3539
IR_NAT_BEQ_C,3,,3540
IR_NAT_BEQ_C,3,,3541
IR_NAT_BEQ_C,3,,3542
IR_NAT_BEQ_C,3,,3543
IR_NAT_BEQ_C,3,,3544
IR_NAT_BEQ_C,3,,3545
IR_NAT_BEQ_C,3,,3547
IR_NAT_BEQ_C,3,,3548
IR_NAT_BEQ_C,3,,3549
IR_NAT_BEQ_C,3,,3551
IR_NAT_BEQ_C,3,,3552
IR_NAT_BEQ_C,3,,3553
IR_NAT_BEQ_C,3,,3554
IR_NAT_BEQ_C,3,,3555
IR_NAT_BEQ_C,3,,3556
IR_NAT_BEQ_C,3,,3557
IR_NAT_BEQ_C,3,,3561
IR_NAT_BEQ_C,3,,3572
IR_NAT_BEQ_C,3,,3573
IR_NAT_BEQ_C,3,,3574
IR_NAT_BEQ_C,3,,3575
IR_NAT_BEQ_C,3,,3576
IR_NAT_BEQ_C,3,,3581
IR_NAT_BEQ_C,3,,3582
IR_NAT_BEQ_C,3,,3583
IR_NAT_BEQ_C,3,,3591
IR_NAT_BEQ_C,3,,3592
IR_NAT_BEQ_C,3,,3593
IR_NAT_BEQ_C,3,,3594
IR_NAT_BEQ_C,3,,4111
IR_NAT_BEQ_C,3,,4112
IR_NAT_BEQ_C,3,,4113
IR_NAT_BEQ_C,3,,4114
IR_NAT_BEQ_C,3,,4131
IR_NAT_BEQ_C,3,,4132
IR_NAT_BEQ_C,3,,4141
IR_NAT_BEQ_C,3,,4142
IR_NAT_BEQ_C,3,,4143
IR_NAT_BEQ_C,3,,4144
IR_NAT_BEQ_C,3,,4145
IR_NAT_BEQ_C,3,,4151
IR_NAT_BEQ_C,3,,4152
IR_NAT_BEQ_C,3,,4153
IR_NAT_BEQ_C,3,,4154
IR_NAT_BEQ_C,3,,4155
IR_NAT_BEQ_C,3,,4156
IR_NAT_BEQ_C,3,,4157
IR_NAT_BEQ_C,3,,4158
IR_NAT_BEQ_C,3,,4204
IR_NAT_BEQ_C,3,,4205
IR_NAT_BEQ_C,3,,4206
IR_NAT_BEQ_C,3,,4207
IR_NAT_BEQ_C,3,,4208
IR_NAT_BEQ_C,3,,4210
IR_NAT_BEQ_C,3,,4211
IR_NAT_BEQ_C,3,,4212
IR_NAT_BEQ_C,3,,4213
IR_NAT_BEQ_C,3,,4214
IR_NAT_BEQ_C,3,,4215
IR_NAT_BEQ_C,3,,4216
IR_NAT_BEQ_C,3,,4217
IR_NAT_BEQ_C,3,,4218
IR_NAT_BEQ_C,3,,4219
IR_NAT_BEQ_C,3,,4220
IR_NAT_BEQ_C,3,,4221
IR_NAT_BEQ_C,3,,4222
IR_NAT_BEQ_C,3,,4223
IR_NAT_BEQ_C,3,,4225
IR_NAT_BEQ_C,3,,4226
IR_NAT_BEQ_C,3,,4229
IR_NAT_BEQ_C,3,,4315
IR_NAT_BEQ_C,3,,4316
IR_NAT_BEQ_C,3,,4325
IR_NAT_BEQ_C,3,,4326
IR_NAT_BEQ_C,3,,4327
IR_NAT_BEQ_C,3,,4328
IR_NAT_BEQ_C,3,,4329
IR_NAT_BEQ_C,3,,4330
IR_NAT_BEQ_C,3,,4331
IR_NAT_BEQ_C,3,,4332
IR_NAT_BEQ_C,3,,4339
IR_NAT_BEQ_C,3,,4351
IR_NAT_BEQ_C,3,,4352
IR_NAT_BEQ_C,3,,4353
IR_NAT_BEQ_C,3,,4359
IR_NAT_BEQ_C,3,,4360
IR_NAT_BEQ_C,3,,4361
IR_NAT_BEQ_C,3,,4363
IR_NAT_BEQ_C,3,,4364
IR_NAT_BEQ_C,3,,4365
IR_NAT_BEQ_C,3,,4366
IR_NAT_BEQ_C,3,,4367
IR_NAT_BEQ_C,3,,4368
IR_NAT_BEQ_C,3,,4369
IR_NAT_BEQ_C,3,,4370
IR_NAT_BEQ_C,3,,4371
IR_NAT_BEQ_C,3,,4372
IR_NAT_BEQ_C,3,,4373
IR_NAT_BEQ_C,3,,4374
IR_NAT_BEQ_C,3,,4375
IR_NAT_BEQ_C,3,,4376
IR_NAT_BEQ_C,3,,4377
IR_NAT_BEQ_C,3,,4378
IR_NAT_BEQ_C,3,,4379
IR_NAT_BEQ_C,3,,4380
IR_NAT_BEQ_C,3,,4381
IR_NAT_BEQ_C,3,,4382
IR_NAT_BEQ_C,3,,4392
IR_NAT_BEQ_C,3,,4393
IR_NAT_BEQ_C,3,,4394
IR_NAT_BEQ_C,3,,4395
IR_NAT_BEQ_C,3,,4396
IR_NAT_BEQ_C,3,,4397
IR_NAT_BEQ_C,3,,4411
IR_NAT_BEQ_C,3,,4412
IR_NAT_BEQ_C,3,,4413
IR_NAT_BEQ_C,3,,4414
IR_NAT_BEQ_C,3,,4415
IR_NAT_BEQ_C,3,,4416
IR_NAT_BEQ_C,3,,4417
IR_NAT_BEQ_C,3,,4419
IR_NAT_BEQ_C,3,,4501
IR_NAT_BEQ_C,3,,4511
IR_NAT_BEQ_C,3,,4611
IR_NAT_BEQ_C,3,,4612
IR_NAT_BEQ_C,3,,5101
IR_NAT_BEQ_C,3,,5102
IR_NAT_BEQ_C,3,,5103
IR_NAT_BEQ_C,3,,5104
IR_NAT_BEQ_C,3,,5105
IR_NAT_BEQ_C,3,,5106
IR_NAT_BEQ_C,3,,5107
IR_NAT_BEQ_C,3,,5108
IR_NAT_BEQ_C,3,,5109
IR_NAT_BEQ_C,3,,5110
IR_NAT_BEQ_C,3,,5111
IR_NAT_BEQ_C,3,,5112
IR_NAT_BEQ_C,3,,5113
IR_NAT_BEQ_C,3,,5114
IR_NAT_BEQ_C,3,,5115
IR_NAT_BEQ_C,3,,5116
IR_NAT_BEQ_C,3,,5117
IR_NAT_BEQ_C,3,,5118
IR_NAT_BEQ_C,3,,5119
IR_NAT_BEQ_C,3,,5120
IR_NAT_BEQ_C,3,,5201
IR_NAT_BEQ_C,3,,5202
IR_NAT_BEQ_C,3,,5203
IR_NAT_BEQ_C,3,,5204
IR_NAT_BEQ_C,3,,5205
IR_NAT_BEQ_C,3,,5206
IR_NAT_BEQ_C,3,,5400
IR_NAT_BEQ_C,3,,5401
IR_NAT_BEQ_C,3,,6251
IR_NAT_BEQ_C,3,,6252
IR_NAT_BEQ_C,3,,6253
IR_NAT_BEQ_C,3,,6254
IR_NAT_BEQ_C,3,,6257
IR_NAT_BEQ_C,3,,6258
IR_NAT_BEQ_C,3,,6261
IR_NAT_BEQ_C,3,,6262
IR_NAT_BEQ_C,3,,7113
IR_NAT_BEQ_C,3,,7119
IR_NAT_BEQ_C,3,,8111
IR_NAT_BEQ_C,3,,8112
IR_NAT_BEQ_C,3,,8113
IR_NAT_BEQ_C,3,,8114
IR_NAT_BEQ_C,3,,8115
IR_NAT_BEQ_C,3,,8116
IR_NAT_BEQ_C,3,,8117
IR_NAT_BEQ_C,3,,8118
IR_NAT_BEQ_C,3,,8119
IR_NAT_BEQ_C,3,,8120
IR_NAT_BEQ_C,3,,8222
IR_NAT_BEQ_C,3,,8223
IR_NAT_BEQ_C,3,,8224
IR_NAT_BEQ_C,3,,9111
IR_NAT_BEQ_C,3,,9112
IR_NAT_BEQ_C,3,,9113
IR_NAT_BEQ_C,3,,9114
IR_NAT_BEQ_C,3,,9118
IR_NAT_BEQ_C,3,,9119
IR_NAT_BEQ_C,3,,9121
IR_NAT_BEQ_C,3,,9122
IR_NAT_BEQ_C,3,,9123
IR_NAT_BEQ_C,3,,9131
IR_NAT_BEQ_C,3,,9132
IR_NAT_BEQ_C,3,,9133
IR_NAT_BEQ_C,3,,9134
IR_NAT_BEQ_C,3,,9141
IR_NAT_BEQ_C,3,,9142
IR_NAT_BEQ_C,3,,9143
IR_NAT_BEQ_C,3,,9144
IR_NAT_BEQ_C,3,,9151
IR_NAT_BEQ_C,3,,9152
IR_NAT_BEQ_C,3,,9161
IR_NAT_BEQ_C,3,,9162
IR_NAT_BEQ_C,3,,9163
IR_NAT_BEQ_C,3,,9164
IR_NAT_BEQ_C,3,,9165
IR_NAT_BEQ_C,3,,9166
IR_NAT_BEQ_C,3,,9167
IR_NAT_BEQ_C,3,,9168
IR_NAT_BEQ_C,3,,9169
IR_NAT_BEQ_C,3,,9170
IR_NAT_BEQ_C,3,,9191
IR_NAT_BEQ_C,3,,9201
IR_NAT_BEQ_C,3,,9202
IR_NAT_BEQ_C,3,,9203
IR_NAT_BEQ_C,3,,9211
IR_NAT_BEQ_C,3,,9221
IR_NAT_BEQ_C,3,,9311
IR_NAT_BEQ_C,3,,9313
IR_NAT_BEQ_C,3,,9411
IR_NAT_BEQ_C,3,,9421
IR_NAT_BEQ_C,3,,9422
IR_NAT_BEQ_C,3,,9423
IR_NAT_BEQ_C,3,,9429
IR_NAT_BEQ_C,3,,9430
IR_NAT_BEQ_C,3,,9431
IR_NAT_BEQ_C,3,,9432
IR_NAT_BEQ_C,3,,9433
IR_NAT_BEQ_C,3,,9434
IR_NAT_BEQ_C,3,,9511
IR_NAT_BEQ_C,3,,9512
IR_NAT_BEQ_C,3,,9521
IR_NAT_BEQ_C,3,,9522
IR_NAT_BEQ_C,3,,9523
IR_NAT_BEQ_C,3,,9524
IR_NAT_BEQ_C,3,,9525
IR_NAT_BEQ_C,3,,9526
IR_NAT_BEQ_C,3,,9527
IR_NAT_BEQ_C,3,,9529
IR_NAT_BEQ_C,3,,9530
IR_NAT_BEQ_C,3,,9531
IR_NAT_BEQ_C,3,,9532
IR_NAT_BEQ_C,3,,9533
IR_NAT_BEQ_C,3,,9534
IR_NAT_BEQ_C,3,,9535
IR_NAT_BEQ_C,3,,9536
IR_NAT_BEQ_C,3,,9537
IR_NAT_BEQ_C,3,,9538
IR_NAT_BEQ_C,3,,9539
IR_NAT_BEQ_C,3,,9540
IR_NAT_BEQ_C,3,,9541
IR_NAT_BEQ_C,3,,9542
IR_NAT_BEQ_C,3,,9543
IR_NAT_BEQ_C,3,,9544
IR_NAT_BEQ_C,3,,9545
IR_NAT_BEQ_C,3,,9546
IR_NAT_BEQ_C,3,,9547
IR_NAT_BEQ_C,3,,9548
IR_NAT_BEQ_C,3,,9549
IR_NAT_BEQ_C,3,,9550
IR_NAT_BEQ_C,3,,9551
IR_NAT_BEQ_C,3,,9552
IR_NAT_BEQ_C,3,,9553
IR_NAT_BEQ_C,3,,9554
IR_NAT_BEQ_C,3,,9555
IR_NAT_BEQ_C,3,,9556
IR_NAT_BEQ_C,3,,9557
IR_NAT_BEQ_C,3,,9558
IR_NAT_BEQ_C,3,,9559
IR_NAT_BEQ_C,3,,9560
IR_NAT_BEQ_C,3,,9561
IR_NAT_BEQ_C,3,,9562
IR_NAT_BEQ_C,3,,9563
IR_NAT_BEQ_C,3,,9564
IR_NAT_BEQ_C,3,,9565
IR_NAT_BEQ_C,3,,9566
IR_NAT_BEQ_C,3,,9569
IR_NAT_BEQ_C,3,,9570
IR_NAT_BEQ_C,3,,9701
IR_NAT_BEQ_C,3,,9702
IR_NAT_BEQ_C,3,,9703
IR_NAT_BEQ_C,3,,9704
IR_NAT_BEQ_C,3,,9705
IR_NAT_BEQ_C,3,,9706
IR_NAT_BEQ_C,3,,9707
IR_NAT_BEQ_C,3,,9708
IR_NAT_BEQ_C,3,,9709
IR_NAT_BEQ_C,3,,9710
IR_NAT_BEQ_C,3,,9711
IR_NAT_BEQ_C,3,,9713
IR_NAT_BEQ_C,3,,9714
IR_NAT_BEQ_C,3,,9715
IR_NAT_BEQ_C,3,,9716
IR_NAT_BEQ_C,3,,9717
IR_NAT_BEQ_C,3,,9719
IR_NAT_BEQ_C,3,,9721
IR_NAT_BEQ_C,3,,9722
IR_NAT_BEQ_C,3,,9724
IR_NAT_BEQ_C,3,,9725
IR_NAT_BEQ_C,3,,9726
IR_NAT_BEQ_C,3,,9727
IR_NAT_BEQ_C,3,,9731
IR_NAT_BEQ_C,3,,9732
IR_NAT_BEQ_C,3,,9741
IR_NAT_BEQ_C,3,,9742
IR_NAT_BEQ_C,3,,9743
IR_NAT_BEQ_C,3,,9744
IR_NAT_BEQ_C,3,,9751
IR_NAT_BEQ_C,3,,9752
IR_NAT_BEQ_C,3,,9761
IR_NAT_BEQ_C,3,,9762
IR_NAT_BEQ_C,3,,9763
IR_NAT_BEQ_C,3,,9764
IR_NAT_BEQ_C,3,,9765
IR_NAT_BEQ_C,3,,9766
IR_NAT_BEQ_C,3,,9767
IR_NAT_BEQ_C,3,,9768
IR_NAT_BEQ_C,3,,9769
IR_NAT_BEQ_C,3,,9771
IR_NAT_BEQ_C,3,,9772
IR_NAT_BEQ_C,3,,9773
IR_NAT_BEQ_C,3,,9774
IR_NAT_BEQ_C,3,,9775
IR_NAT_BEQ_C,3,,9776
IR_NAT_BEQ_C,3,,9777
IR_NAT_BEQ_C,3,,9778
IR_NAT_BEQ_C,1,,1095
IR_NAT_BEQ_C,1,,1096
IR_NAT_BEQ_C,1,,1097
IR_NAT_BEQ_C,1,,1098
IR_NAT_BEQ_C,1,,1099
IR_NAT_BEQ_C,1,,1100
IR_NAT_BEQ_C,1,,1101
IR_NAT_BEQ_C,1,,1102
IR_NAT_BEQ_C,1,,1103
IR_NAT_BEQ_C,1,,1104
IR_NAT_BEQ_C,1,,1105
IR_NAT_BEQ_C,1,,1106
IR_NAT_BEQ_C,1,,1107
IR_NAT_BEQ_C,1,,1108
IR_NAT_BEQ_C,1,,1109
IR_NAT_BEQ_C,1,,1110
IR_NAT_BEQ_C,1,,1111
IR_NAT_BEQ_C,1,,1112
IR_NAT_BEQ_C,1,,1113
IR_NAT_BEQ_C,1,,1114
IR_NAT_BEQ_C,1,,1115
IR_NAT_BEQ_C,1,,1116
IR_NAT_BEQ_C,1,,1117
IR_NAT_BEQ_C,1,,1118
IR_NAT_BEQ_C,1,,1119
IR_NAT_BEQ_C,1,,1120
IR_NAT_BEQ_C,1,,1121
IR_NAT_BEQ_C,1,,1122
IR_NAT_BEQ_C,1,,1123
IR_NAT_BEQ_C,1,,1124
IR_NAT_BEQ_C,1,,1125
IR_NAT_BEQ_C,1,,1126
IR_NAT_BEQ_C,1,,1127
IR_NAT_BEQ_C,1,,1128
IR_NAT_BEQ_C,1,,1129
IR_NAT_BEQ_C,1,,1130
IR_NAT_BEQ_C,1,,1131
IR_NAT_BEQ_C,1,,1132
IR_NAT_BEQ_C,1,,1133
IR_NAT_BEQ_C,1,,1134
IR_NAT_BEQ_C,1,,1135
IR_NAT_BEQ_C,1,,1136
IR_NAT_BEQ_C,1,,1137
IR_NAT_BEQ_C,1,,1138
IR_NAT_BEQ_C,1,,1139
IR_NAT_BEQ_C,1,,1140
IR_NAT_BEQ_C,1,,1141
IR_NAT_BEQ_C,1,,1142
IR_NAT_BEQ_C,1,,1143
IR_NAT_BEQ_C,1,,1144
IR_NAT_BEQ_C,1,,1145
IR_NAT_BEQ_C,1,,1146
IR_NAT_BEQ_C,1,,1147
IR_NAT_BEQ_C,1,,1148
IR_NAT_BEQ_C,1,,1149
IR_NAT_BEQ_C,1,,1150
IR_NAT_BEQ_C,1,,1152
IR_NAT_BEQ_C,1,,1153
IR_NAT_BEQ_C,1,,1154
IR_NAT_BEQ_C,1,,1155
IR_NAT_BEQ_C,1,,1156
IR_NAT_BEQ_C,1,,1157
IR_NAT_BEQ_C,1,,1158
IR_NAT_BEQ_C,1,,1159
IR_NAT_BEQ_C,1,,1160
IR_NAT_BEQ_C,1,,1161
IR_NAT_BEQ_C,1,,1162
IR_NAT_BEQ_C,1,,1163
IR_NAT_BEQ_C,1,,1164
IR_NAT_BEQ_C,1,,1165
IR_NAT_BEQ_C,1,,1166
IR_NAT_BEQ_C,1,,1167
IR_NAT_BEQ_C,1,,1168
IR_NAT_BEQ_C,1,,1169
IR_NAT_BEQ_C,1,,1170
IR_NAT_BEQ_C,1,,1171
IR_NAT_BEQ_C,1,,1172
IR_NAT_BEQ_C,1,,1173
IR_NAT_BEQ_C,1,,1174
IR_NAT_BEQ_C,1,,1175
IR_NAT_BEQ_C,1,,1176
IR_NAT_BEQ_C,1,,1177
IR_NAT_BEQ_C,1,,1178
IR_NAT_BEQ_C,1,,1179
IR_NAT_BEQ_C,1,,1180
IR_NAT_BEQ_C,1,,1181
IR_NAT_BEQ_C,1,,1182
IR_NAT_BEQ_C,1,,1183
IR_NAT_BEQ_C,1,,1184
IR_NAT_BEQ_C,1,,1185
IR_NAT_BEQ_C,1,,1186
IR_NAT_BEQ_C,1,,1187
IR_NAT_BEQ_C,1,,1188
IR_NAT_BEQ_C,1,,1189
IR_NAT_BEQ_C,1,,1190
IR_NAT_BEQ_C,1,,1191
IR_NAT_BEQ_C,1,,1192
IR_NAT_BEQ_C,1,,1193
IR_NAT_BEQ_C,1,,1194
IR_NAT_BEQ_C,1,,1209
IR_NAT_BEQ_C,1,,1210
IR_NAT_BEQ_C,1,,1211
IR_NAT_BEQ_C,1,,1212
IR_NAT_BEQ_C,1,,1213
IR_NAT_BEQ_C,1,,1214
IR_NAT_BEQ_C,1,,1215
IR_NAT_BEQ_C,1,,1216
IR_NAT_BEQ_C,1,,1221
IR_NAT_BEQ_C,1,,1222
IR_NAT_BEQ_C,1,,1224
IR_NAT_BEQ_C,1,,1226
IR_NAT_BEQ_C,1,,1227
IR_NAT_BEQ_C,1,,1228
IR_NAT_BEQ_C,1,,1311
IR_NAT_BEQ_C,1,,1312
IR_NAT_BEQ_C,1,,1313
IR_NAT_BEQ_C,1,,1316
IR_NAT_BEQ_C,1,,1318
IR_NAT_BEQ_C,1,,1321
IR_NAT_BEQ_C,1,,1322
IR_NAT_BEQ_C,1,,1323
IR_NAT_BEQ_C,1,,1324
IR_NAT_BEQ_C,1,,1331
IR_NAT_BEQ_C,1,,1335
IR_NAT_BEQ_C,1,,1336
IR_NAT_BEQ_C,1,,1341
IR_NAT_BEQ_C,1,,1342
IR_NAT_BEQ_C,1,,1351
IR_NAT_BEQ_C,1,,1352
IR_NAT_BEQ_C,1,,1361
IR_NAT_BEQ_C,1,,1401
IR_NAT_BEQ_C,1,,1402
IR_NAT_BEQ_C,1,,1403
IR_NAT_BEQ_C,1,,1411
IR_NAT_BEQ_C,1,,1421
IR_NAT_BEQ_C,1,,1422
IR_NAT_BEQ_C,1,,1423
IR_NAT_BEQ_C,1,,1424
IR_NAT_BEQ_C,1,,1425
IR_NAT_BEQ_C,1,,1426
IR_NAT_BEQ_C,1,,1427
IR_NAT_BEQ_C,1,,1431
IR_NAT_BEQ_C,1,,1432
IR_NAT_BEQ_C,1,,1433
IR_NAT_BEQ_C,1,,1434
IR_NAT_BEQ_C,1,,1435
IR_NAT_BEQ_C,1,,1436
IR_NAT_BEQ_C,1,,1437
IR_NAT_BEQ_C,1,,1451
IR_NAT_BEQ_C,1,,1452
IR_NAT_BEQ_C,1,,1453
IR_NAT_BEQ_C,1,,1462
IR_NAT_BEQ_C,1,,1465
IR_NAT_BEQ_C,1,,1470
IR_NAT_BEQ_C,1,,1471
IR_NAT_BEQ_C,1,,1472
IR_NAT_BEQ_C,1,,1473
IR_NAT_BEQ_C,1,,1474
IR_NAT_BEQ_C,1,,1475
IR_NAT_BEQ_C,1,,1476
IR_NAT_BEQ_C,1,,1477
IR_NAT_BEQ_C,1,,1521
IR_NAT_BEQ_C,1,,1522
IR_NAT_BEQ_C,1,,1523
IR_NAT_BEQ_C,1,,1601
IR_NAT_BEQ_C,1,,1602
IR_NAT_BEQ_C,1,,1605
IR_NAT_BEQ_C,1,,1606
IR_NAT_BEQ_C,1,,1607
IR_NAT_BEQ_C,1,,1608
IR_NAT_BEQ_C,1,,1609
IR_NAT_BEQ_C,1,,1610
IR_NAT_BEQ_C,1,,1611
IR_NAT_BEQ_C,1,,1612
IR_NAT_BEQ_C,1,,1613
IR_NAT_BEQ_C,1,,1614
IR_NAT_BEQ_C,1,,1615
IR_NAT_BEQ_C,1,,1616
IR_NAT_BEQ_C,1,,1617
IR_NAT_BEQ_C,1,,1618
IR_NAT_BEQ_C,1,,1619
IR_NAT_BEQ_C,1,,1621
IR_NAT_BEQ_C,1,,1622
IR_NAT_BEQ_C,1,,1623
IR_NAT_BEQ_C,1,,1624
IR_NAT_BEQ_C,1,,1625
IR_NAT_BEQ_C,1,,1626
IR_NAT_BEQ_C,1,,1627
IR_NAT_BEQ_C,1,,1628
IR_NAT_BEQ_C,1,,1629
IR_NAT_BEQ_C,1,,1630
IR_NAT_BEQ_C,1,,1631
IR_NAT_BEQ_C,1,,1632
IR_NAT_BEQ_C,1,,1633
IR_NAT_BEQ_C,1,,1634
IR_NAT_BEQ_C,1,,1635
IR_NAT_BEQ_C,1,,1636
IR_NAT_BEQ_C,1,,1637
IR_NAT_BEQ_C,1,,1638
IR_NAT_BEQ_C,1,,1639
IR_NAT_BEQ_C,1,,1640
IR_NAT_BEQ_C,1,,1641
IR_NAT_BEQ_C,1,,1642
IR_NAT_BEQ_C,1,,1643
IR_NAT_BEQ_C,1,,1644
IR_NAT_BEQ_C,1,,1645
IR_NAT_BEQ_C,1,,1646
IR_NAT_BEQ_C,1,,1647
IR_NAT_BEQ_C,1,,1648
IR_NAT_BEQ_C,1,,1649
IR_NAT_BEQ_C,1,,1650
IR_NAT_BEQ_C,1,,1651
IR_NAT_BEQ_C,1,,1652
IR_NAT_BEQ_C,1,,1653
IR_NAT_BEQ_C,1,,1701
IR_NAT_BEQ_C,1,,1702
IR_NAT_BEQ_C,1,,1703
IR_NAT_BEQ_C,1,,1704
IR_NAT_BEQ_C,1,,1705
IR_NAT_BEQ_C,1,,1706
IR_NAT_BEQ_C,1,,1707
IR_NAT_BEQ_C,1,,1708
IR_NAT_BEQ_C,1,,1715
IR_NAT_BEQ_C,1,,1716
IR_NAT_BEQ_C,1,,1717
IR_NAT_BEQ_C,1,,1718
IR_NAT_BEQ_C,1,,1721
IR_NAT_BEQ_C,1,,1722
IR_NAT_BEQ_C,1,,1723
IR_NAT_BEQ_C,1,,1724
IR_NAT_BEQ_C,1,,1725
IR_NAT_BEQ_C,1,,1726
IR_NAT_BEQ_C,1,,1727
IR_NAT_BEQ_C,1,,1728
IR_NAT_BEQ_C,1,,1729
IR_NAT_BEQ_C,1,,1731
IR_NAT_BEQ_C,1,,1732
IR_NAT_BEQ_C,1,,1733
IR_NAT_BEQ_C,1,,1734
IR_NAT_BEQ_C,1,,1735
IR_NAT_BEQ_C,2,,1113
IR_NAT_BEQ_C,2,,1114
IR_NAT_BEQ_C,2,,1115
IR_NAT_BEQ_C,2,,1116
IR_NAT_BEQ_C,2,,1117
IR_NAT_BEQ_C,2,,1118
IR_NAT_BEQ_C,2,,1119
IR_NAT_BEQ_C,2,,1120
IR_NAT_BEQ_C,2,,1121
IR_NAT_BEQ_C,2,,1122
IR_NAT_BEQ_C,2,,1123
IR_NAT_BEQ_C,2,,1124
IR_NAT_BEQ_C,2,,1125
IR_NAT_BEQ_C,2,,1126
IR_NAT_BEQ_C,2,,1127
IR_NAT_BEQ_C,2,,1128
IR_NAT_BEQ_C,2,,1129
IR_NAT_BEQ_C,2,,1130
IR_NAT_BEQ_C,2,,1131
IR_NAT_BEQ_C,2,,1132
IR_NAT_BEQ_C,2,,1133
IR_NAT_BEQ_C,2,,1134
IR_NAT_BEQ_C,2,,1135
IR_NAT_BEQ_C,2,,1136
IR_NAT_BEQ_C,2,,1137
IR_NAT_BEQ_C,2,,1140
IR_NAT_BEQ_C,2,,1141
IR_NAT_BEQ_C,2,,1144
IR_NAT_BEQ_C,2,,1147
IR_NAT_BEQ_C,2,,1148
IR_NAT_BEQ_C,2,,1149
IR_NAT_BEQ_C,2,,1152
IR_NAT_BEQ_C,2,,1153
IR_NAT_BEQ_C,2,,1154
IR_NAT_BEQ_C,2,,1157
IR_NAT_BEQ_C,2,,1158
IR_NAT_BEQ_C,2,,1159
IR_NAT_BEQ_C,2,,1163
IR_NAT_BEQ_C,2,,1164
IR_NAT_BEQ_C,2,,1165
IR_NAT_BEQ_C,2,,1168
IR_NAT_BEQ_C,2,,1170
IR_NAT_BEQ_C,2,,1172
IR_NAT_BEQ_C,2,,1174
IR_NAT_BEQ_C,2,,1175
IR_NAT_BEQ_C,2,,1191
IR_NAT_BEQ_C,2,,1192
IR_NAT_BEQ_C,2,,1193
IR_NAT_BEQ_C,2,,1194
IR_NAT_BEQ_C,2,,1209
IR_NAT_BEQ_C,2,,1210
IR_NAT_BEQ_C,2,,1211
IR_NAT_BEQ_C,2,,1212
IR_NAT_BEQ_C,2,,1213
IR_NAT_BEQ_C,2,,1214
IR_NAT_BEQ_C,2,,1215
IR_NAT_BEQ_C,2,,1216
IR_NAT_BEQ_C,2,,1221
IR_NAT_BEQ_C,2,,1222
IR_NAT_BEQ_C,2,,1224
IR_NAT_BEQ_C,2,,1226
IR_NAT_BEQ_C,2,,1227
IR_NAT_BEQ_C,2,,1228
IR_NAT_BEQ_C,2,,1311
IR_NAT_BEQ_C,2,,1312
IR_NAT_BEQ_C,2,,1313
IR_NAT_BEQ_C,2,,1316
IR_NAT_BEQ_C,2,,1318
IR_NAT_BEQ_C,2,,1321
IR_NAT_BEQ_C,2,,1322
IR_NAT_BEQ_C,2,,1323
IR_NAT_BEQ_C,2,,1324
IR_NAT_BEQ_C,2,,1331
IR_NAT_BEQ_C,2,,1335
IR_NAT_BEQ_C,2,,1336
IR_NAT_BEQ_C,2,,1341
IR_NAT_BEQ_C,2,,1342
IR_NAT_BEQ_C,2,,1351
IR_NAT_BEQ_C,2,,1352
IR_NAT_BEQ_C,2,,1361
IR_NAT_BEQ_C,2,,1401
IR_NAT_BEQ_C,2,,1402
IR_NAT_BEQ_C,2,,1403
IR_NAT_BEQ_C,2,,1411
IR_NAT_BEQ_C,2,,1421
IR_NAT_BEQ_C,2,,1422
IR_NAT_BEQ_C,2,,1423
IR_NAT_BEQ_C,2,,1424
IR_NAT_BEQ_C,2,,1425
IR_NAT_BEQ_C,2,,1426
IR_NAT_BEQ_C,2,,1427
IR_NAT_BEQ_C,2,,1431
IR_NAT_BEQ_C,2,,1432
IR_NAT_BEQ_C,2,,1433
IR_NAT_BEQ_C,2,,1434
IR_NAT_BEQ_C,2,,1435
IR_NAT_BEQ_C,2,,1436
IR_NAT_BEQ_C,2,,1437
IR_NAT_BEQ_C,2,,1451
IR_NAT_BEQ_C,2,,1452
IR_NAT_BEQ_C,2,,1453
IR_NAT_BEQ_C,2,,1462
IR_NAT_BEQ_C,2,,1465
IR_NAT_BEQ_C,2,,1470
IR_NAT_BEQ_C,2,,1471
IR_NAT_BEQ_C,2,,1472
IR_NAT_BEQ_C,2,,1473
IR_NAT_BEQ_C,2,,1474
IR_NAT_BEQ_C,2,,1475
IR_NAT_BEQ_C,2,,1476
IR_NAT_BEQ_C,2,,1477
IR_NAT_BEQ_C,2,,1521
IR_NAT_BEQ_C,2,,1522
IR_NAT_BEQ_C,2,,1608
IR_NAT_BEQ_C,2,,1610
IR_NAT_BEQ_C,2,,1701
IR_NAT_BEQ_C,2,,1702
IR_NAT_BEQ_C,2,,1703
IR_NAT_BEQ_C,2,,1704
IR_NAT_BEQ_C,2,,1705
IR_NAT_BEQ_C,2,,1706
IR_NAT_BEQ_C,2,,1707
IR_NAT_BEQ_C,2,,1708
IR_NAT_BEQ_C,2,,1715
IR_NAT_BEQ_C,2,,1716
IR_NAT_BEQ_C,2,,1717
IR_NAT_BEQ_C,2,,1721
IR_NAT_BEQ_C,2,,1722
IR_NAT_BEQ_C,2,,1723
IR_NAT_BEQ_C,2,,1724
IR_NAT_BEQ_C,2,,1725
IR_NAT_BEQ_C,2,,1726
IR_NAT_BEQ_C,2,,1727
IR_NAT_BEQ_C,2,,1728
IR_NAT_BEQ_C,2,,1729
IR_NAT_BEQ_C,2,,1731
IR_NAT_BEQ_C,2,,1732
IR_NAT_BEQ_C,2,,1733
IR_NAT_BEQ_C,2,,1734
IR_NAT_BEQ_C,2,,1735
IR_NAT_BEQ_C,2,,1736
IR_NAT_BEQ_C,2,,1741
IR_NAT_BEQ_C,2,,1742
IR_NAT_BEQ_C,2,,1743
IR_NAT_BEQ_C,2,,1744
IR_NAT_BEQ_C,2,,1745
IR_NAT_BEQ_C,2,,1746
IR_NAT_BEQ_C,2,,1747
IR_NAT_BEQ_C,2,,1748
IR_NAT_BEQ_C,2,,1749
IR_NAT_BEQ_C,2,,1751
IR_NAT_BEQ_C,2,,1761
IR_NAT_BEQ_C,2,,1762
IR_NAT_BEQ_C,2,,1763
IR_NAT_BEQ_C,2,,1764
IR_NAT_BEQ_C,2,,1765
IR_NAT_BEQ_C,2,,1766
IR_NAT_BEQ_C,2,,1767
IR_NAT_BEQ_C,2,,1768
IR_NAT_BEQ_C,2,,1769
IR_NAT_BEQ_C,2,,1771
IR_NAT_BEQ_C,2,,1781
IR_NAT_BEQ_C,2,,1782
IR_NAT_BEQ_C,2,,1783
IR_NAT_BEQ_C,2,,1784
IR_NAT_BEQ_C,2,,1785
IR_NAT_BEQ_C,2,,1786
IR_NAT_BEQ_C,2,,1787
IR_NAT_BEQ_C,2,,1788
IR_NAT_BEQ_C,2,,1789
IR_NAT_BEQ_C,2,,1791
IR_NAT_BEQ_C,2,,1811
IR_NAT_BEQ_C,2,,1812
IR_NAT_BEQ_C,2,,1813
IR_NAT_BEQ_C,2,,1821
IR_NAT_BEQ_C,2,,1841
IR_NAT_BEQ_C,2,,1842
IR_NAT_BEQ_C,2,,1843
IR_NAT_BEQ_C,2,,1844
IR_NAT_BEQ_C,2,,1845
IR_NAT_BEQ_C,2,,1846
IR_NAT_BEQ_C,2,,1847
IR_NAT_BEQ_C,2,,1903
IR_NAT_BEQ_C,2,,1904
IR_NAT_BEQ_C,2,,1905
IR_NAT_BEQ_C,2,,1906
IR_NAT_BEQ_C,2,,1907
IR_NAT_BEQ_C,2,,1908
IR_NAT_BEQ_C,2,,1909
IR_NAT_BEQ_C,2,,1910
IR_NAT_BEQ_C,2,,1911
IR_NAT_BEQ_C,2,,1912
IR_NAT_BEQ_C,2,,1913
IR_NAT_BEQ_C,2,,1914
IR_NAT_BEQ_C,2,,1915
IR_NAT_BEQ_C,2,,1918
IR_NAT_BEQ_C,2,,1919
IR_NAT_BEQ_C,2,,1921
IR_NAT_BEQ_C,2,,1922
IR_NAT_BEQ_C,2,,1923
IR_NAT_BEQ_C,2,,1926
IR_NAT_BEQ_C,2,,1931
IR_NAT_BEQ_C,2,,1932
IR_NAT_BEQ_C,2,,1933
IR_NAT_BEQ_C,2,,1934
IR_NAT_BEQ_C,2,,1935
IR_NAT_BEQ_C,2,,1936
IR_NAT_BEQ_C,2,,1937
IR_NAT_BEQ_C,2,,1938
IR_NAT_BEQ_C,2,,1939
IR_NAT_BEQ_C,2,,1940
IR_NAT_BEQ_C,2,,1941
IR_NAT_BEQ_C,2,,1942
IR_NAT_BEQ_C,2,,1943
IR_NAT_BEQ_C,2,,1944
IR_NAT_BEQ_C,2,,1945
IR_NAT_BEQ_C,2,,1951
IR_NAT_BEQ_C,2,,1952
IR_NAT_BEQ_C,2,,1954
IR_NAT_BEQ_C,2,,1955
IR_NAT_BEQ_C,2,,1956
IR_NAT_BEQ_C,2,,1957
IR_NAT_BEQ_C,2,,1971
IR_NAT_BEQ_C,2,,1972
IR_NAT_BEQ_C,2,,1973
IR_NAT_BEQ_C,2,,1974
IR_NAT_BEQ_C,2,,1975
IR_NAT_BEQ_C,2,,1976
IR_NAT_BEQ_C,2,,1977
IR_NAT_BEQ_C,2,,1978
IR_NAT_BEQ_C,2,,1981
IR_NAT_BEQ_C,2,,1990
IR_NAT_BEQ_C,2,,1998
IR_NAT_BEQ_C,2,,1999
IR_NAT_BEQ_C,1,,9141
IR_NAT_BEQ_C,1,,9142
IR_NAT_BEQ_C,1,,9143
IR_NAT_BEQ_C,1,,9144
IR_NAT_BEQ_C,1,,9151
IR_NAT_BEQ_C,1,,9152
IR_NAT_BEQ_C,1,,9161
IR_NAT_BEQ_C,1,,9162
IR_NAT_BEQ_C,1,,9163
IR_NAT_BEQ_C,1,,9164
IR_NAT_BEQ_C,1,,9165
IR_NAT_BEQ_C,1,,9166
IR_NAT_BEQ_C,1,,9167
IR_NAT_BEQ_C,1,,9168
IR_NAT_BEQ_C,1,,9169
IR_NAT_BEQ_C,1,,9170
IR_NAT_BEQ_C,1,,9191
IR_NAT_BEQ_C,1,,9201
IR_NAT_BEQ_C,1,,9202
IR_NAT_BEQ_C,1,,9203
IR_NAT_BEQ_C,1,,9211
IR_NAT_BEQ_C,1,,9221
IR_NAT_BEQ_C,1,,9311
IR_NAT_BEQ_C,1,,9313
IR_NAT_BEQ_C,1,,9411
IR_NAT_BEQ_C,1,,9421
IR_NAT_BEQ_C,1,,9422
IR_NAT_BEQ_C,1,,9423
IR_NAT_BEQ_C,1,,9429
IR_NAT_BEQ_C,1,,9430
IR_NAT_BEQ_C,1,,9431
IR_NAT_BEQ_C,1,,9432
IR_NAT_BEQ_C,1,,9433
IR_NAT_BEQ_C,1,,9434
IR_NAT_BEQ_C,1,,9511
IR_NAT_BEQ_C,1,,9512
IR_NAT_BEQ_C,1,,9521
IR_NAT_BEQ_C,1,,9522
IR_NAT_BEQ_C,1,,9523
IR_NAT_BEQ_C,1,,9524
IR_NAT_BEQ_C,1,,9525
IR_NAT_BEQ_C,1,,9526
IR_NAT_BEQ_C,1,,9527
IR_NAT_BEQ_C,1,,9529
IR_NAT_BEQ_C,1,,9530
IR_NAT_BEQ_C,1,,9531
IR_NAT_BEQ_C,1,,9532
IR_NAT_BEQ_C,1,,9533
IR_NAT_BEQ_C,1,,9534
IR_NAT_BEQ_C,1,,9535
IR_NAT_BEQ_C,1,,9536
IR_NAT_BEQ_C,1,,9537
IR_NAT_BEQ_C,1,,9538
IR_NAT_BEQ_C,1,,9539
IR_NAT_BEQ_C,1,,9540
IR_NAT_BEQ_C,1,,9541
IR_NAT_BEQ_C,1,,9542
IR_NAT_BEQ_C,1,,9543
IR_NAT_BEQ_C,1,,9544
IR_NAT_BEQ_C,1,,9545
IR_NAT_BEQ_C,1,,9546
IR_NAT_BEQ_C,1,,9547
IR_NAT_BEQ_C,1,,9548
IR_NAT_BEQ_C,1,,9549
IR_NAT_BEQ_C,1,,9550
IR_NAT_BEQ_C,1,,9551
IR_NAT_BEQ_C,1,,9552
IR_NAT_BEQ_C,1,,9553
IR_NAT_BEQ_C,1,,9554
IR_NAT_BEQ_C,1,,9555
IR_NAT_BEQ_C,1,,9556
IR_NAT_BEQ_C,1,,9557
IR_NAT_BEQ_C,1,,9558
IR_NAT_BEQ_C,1,,9559
IR_NAT_BEQ_C,1,,9560
IR_NAT_BEQ_C,1,,9561
IR_NAT_BEQ_C,1,,9562
IR_NAT_BEQ_C,1,,9563
IR_NAT_BEQ_C,1,,9564
IR_NAT_BEQ_C,1,,9565
IR_NAT_BEQ_C,1,,9566
IR_NAT_BEQ_C,1,,9567
IR_NAT_BEQ_C,1,,9568
IR_NAT_BEQ_C,1,,9569
IR_NAT_BEQ_C,1,,9570
IR_NAT_BEQ_C,1,,9701
IR_NAT_BEQ_C,1,,9702
IR_NAT_BEQ_C,1,,9703
IR_NAT_BEQ_C,1,,9704
IR_NAT_BEQ_C,1,,9705
IR_NAT_BEQ_C,1,,9706
IR_NAT_BEQ_C,1,,9707
IR_NAT_BEQ_C,1,,9708
IR_NAT_BEQ_C,1,,9709
IR_NAT_BEQ_C,1,,9710
IR_NAT_BEQ_C,1,,9711
IR_NAT_BEQ_C,1,,9713
IR_NAT_BEQ_C,1,,9714
IR_NAT_BEQ_C,1,,9715
IR_NAT_BEQ_C,1,,9716
IR_NAT_BEQ_C,1,,9717
IR_NAT_BEQ_C,1,,9719
IR_NAT_BEQ_C,1,,9721
IR_NAT_BEQ_C,1,,9722
IR_NAT_BEQ_C,1,,9724
IR_NAT_BEQ_C,1,,9725
IR_NAT_BEQ_C,1,,9726
IR_NAT_BEQ_C,1,,9727
IR_NAT_BEQ_C,1,,9731
IR_NAT_BEQ_C,1,,9732
IR_NAT_BEQ_C,1,,9741
IR_NAT_BEQ_C,1,,9742
IR_NAT_BEQ_C,1,,9743
IR_NAT_BEQ_C,1,,9744
IR_NAT_BEQ_C,1,,9751
IR_NAT_BEQ_C,1,,9752
IR_NAT_BEQ_C,1,,9761
IR_NAT_BEQ_C,1,,9762
IR_NAT_BEQ_C,1,,9763
IR_NAT_BEQ_C,1,,9764
IR_NAT_BEQ_C,1,,9765
IR_NAT_BEQ_C,1,,9766
IR_NAT_BEQ_C,1,,9767
IR_NAT_BEQ_C,1,,9768
IR_NAT_BEQ_C,1,,9769
IR_NAT_BEQ_C,1,,9771
IR_NAT_BEQ_C,1,,9772
IR_NAT_BEQ_C,1,,9773
IR_NAT_BEQ_C,1,,9774
IR_NAT_BEQ_C,1,,9775
IR_NAT_BEQ_C,1,,9776
IR_NAT_BEQ_C,1,,9777
IR_NAT_BEQ_C,1,,9778
IR_NAT_BEQ_C,1,,9801
IR_NAT_BEQ_C,1,,9802
IR_NAT_BEQ_C,1,,9803
IR_NAT_BEQ_C,1,,9804
IR_NAT_BEQ_C,1,,9805
IR_NAT_BEQ_C,1,,9806
IR_NAT_BEQ_C,1,,9807
IR_NAT_BEQ_C,1,,9808
IR_NAT_BEQ_C,1,,9809
IR_NAT_BEQ_C,1,,9810
IR_NAT_BEQ_C,1,,9811
IR_NAT_BEQ_C,1,,9812
IR_NAT_BEQ_C,1,,9813
IR_NAT_BEQ_C,1,,9814
IR_NAT_BEQ_C,1,,9815
IR_NAT_BEQ_C,1,,9816
IR_NAT_BEQ_C,1,,9817
IR_NAT_BEQ_C,1,,9818
IR_NAT_BEQ_C,1,,9819
IR_NAT_BEQ_C,1,,9820
IR_NAT_BEQ_C,1,,9821
IR_NAT_BEQ_C,1,,9822
IR_NAT_BEQ_C,1,,9823
IR_NAT_BEQ_C,1,,9824
IR_NAT_BEQ_C,1,,9825
IR_NAT_BEQ_C,1,,9826
IR_NAT_BEQ_C,1,,9827
IR_NAT_BEQ_C,1,,9828
IR_NAT_BEQ_C,1,,9829
IR_NAT_BEQ_C,1,,9830
IR_NAT_BEQ_C,1,,9831
IR_NAT_BEQ_C,1,,9832
IR_NAT_BEQ_C,1,,9833
IR_NAT_BEQ_C,1,,9834
IR_NAT_BEQ_C,1,,9835
IR_NAT_BEQ_C,1,,9836
IR_NAT_BEQ_C,1,,9837
IR_NAT_BEQ_C,1,,9838
IR_NAT_BEQ_C,1,,9839
IR_NAT_BEQ_C,1,,9840
IR_NAT_BEQ_C,1,,9841
IR_NAT_BEQ_C,1,,9842
IR_NAT_BEQ_C,1,,9843
IR_NAT_BEQ_C,1,,9844
IR_NAT_BEQ_C,1,,9845
IR_NAT_BEQ_C,1,,9846
IR_NAT_BEQ_C,1,,9847
IR_NAT_BEQ_C,1,,9848
IR_NAT_BEQ_C,1,,9849
IR_NAT_BEQ_C,1,,9850
IR_NAT_BEQ_C,1,,9851
IR_NAT_BEQ_C,1,,9852
IR_NAT_BEQ_C,1,,9853
IR_NAT_BEQ_C,1,,9854
IR_NAT_BEQ_C,1,,9855
IR_NAT_BEQ_C,1,,9856
IR_NAT_BEQ_C,1,,9857
IR_NAT_BEQ_C,1,,9858
IR_NAT_BEQ_C,1,,9859
IR_NAT_BEQ_C,1,,9860
IR_NAT_BEQ_C,1,,9861
IR_NAT_BEQ_C,1,,9862
IR_NAT_BEQ_C,1,,9863
IR_NAT_BEQ_C,1,,9864
IR_NAT_BEQ_C,1,,9865
IR_NAT_BEQ_C,1,,9866
IR_NAT_BEQ_C,1,,9867
IR_NAT_BEQ_C,1,,9868
IR_NAT_BEQ_C,1,,9869
IR_NAT_BEQ_C,1,,9870
IR_NAT_BEQ_C,1,,9871
IR_NAT_BEQ_C,1,,9872
IR_NAT_BEQ_C,1,,9873
IR_NAT_BEQ_C,1,,9874
IR_NAT_BEQ_C,1,,9875
IR_NAT_BEQ_C,1,,9876
IR_NAT_BEQ_C,1,,9877
IR_NAT_BEQ_C,1,,9878
IR_NAT_BEQ_C,1,,9879
IR_NAT_BEQ_C,1,,9880
IR_NAT_BEQ_C,1,,9881
IR_NAT_BEQ_C,1,,9882
IR_NAT_BEQ_C,1,,9883
IR_NAT_BEQ_C,1,,9884
IR_NAT_BEQ_C,1,,9885
IR_NAT_BEQ_C,1,,9886
IR_NAT_BEQ_C,1,,9887
IR_NAT_BEQ_C,1,,9888
IR_NAT_BEQ_C,1,,9889
IR_NAT_BEQ_C,1,,9890
IR_NAT_BEQ_C,1,,9891
IR_NAT_BEQ_C,1,,9892
IR_NAT_BEQ_C,1,,9893
IR_NAT_BEQ_C,1,,9894
IR_NAT_BEQ_C,1,,9895
IR_NAT_BEQ_C,1,,9896
IR_NAT_BEQ_C,1,,9897
IR_NAT_BEQ_C,1,,9898
IR_NAT_BEQ_C,1,,9899
IR_NAT_BEQ_C,1,,9901
IR_NAT_BEQ_C,1,,9902
IR_NAT_BEQ_C,1,,9911
IR_NAT_BEQ_C,1,,9912
IR_NAT_BEQ_C,2,,1095
IR_NAT_BEQ_C,2,,1096
IR_NAT_BEQ_C,2,,1097
IR_NAT_BEQ_C,2,,1098
IR_NAT_BEQ_C,2,,1099
IR_NAT_BEQ_C,2,,1100
IR_NAT_BEQ_C,2,,1101
IR_NAT_BEQ_C,2,,1102
IR_NAT_BEQ_C,2,,1103
IR_NAT_BEQ_C,2,,1104
IR_NAT_BEQ_C,2,,1105
IR_NAT_BEQ_C,2,,1106
IR_NAT_BEQ_C,2,,1107
IR_NAT_BEQ_C,2,,1108
IR_NAT_BEQ_C,2,,1109
IR_NAT_BEQ_C,2,,1110
IR_NAT_BEQ_C,2,,1111
IR_NAT_BEQ_C,2,,1112
IR_NAT_BEQ_C,2,,2106
IR_NAT_BEQ_C,2,,2107
IR_NAT_BEQ_C,2,,2108
IR_NAT_BEQ_C,2,,2109
IR_NAT_BEQ_C,2,,2111
IR_NAT_BEQ_C,2,,2112
IR_NAT_BEQ_C,2,,2113
IR_NAT_BEQ_C,2,,2114
IR_NAT_BEQ_C,2,,2115
IR_NAT_BEQ_C,2,,2116
IR_NAT_BEQ_C,2,,2117
IR_NAT_BEQ_C,2,,2118
IR_NAT_BEQ_C,2,,2119
IR_NAT_BEQ_C,2,,2129
IR_NAT_BEQ_C,2,,2131
IR_NAT_BEQ_C,2,,2132
IR_NAT_BEQ_C,2,,2133
IR_NAT_BEQ_C,2,,2134
IR_NAT_BEQ_C,2,,2135
IR_NAT_BEQ_C,2,,2136
IR_NAT_BEQ_C,2,,2137
IR_NAT_BEQ_C,2,,2138
IR_NAT_BEQ_C,2,,2139
IR_NAT_BEQ_C,2,,2140
IR_NAT_BEQ_C,2,,2141
IR_NAT_BEQ_C,2,,2142
IR_NAT_BEQ_C,2,,2143
IR_NAT_BEQ_C,2,,2144
IR_NAT_BEQ_C,2,,2145
IR_NAT_BEQ_C,2,,2146
IR_NAT_BEQ_C,2,,2147
IR_NAT_BEQ_C,2,,2150
IR_NAT_BEQ_C,2,,2151
IR_NAT_BEQ_C,2,,2152
IR_NAT_BEQ_C,2,,2153
IR_NAT_BEQ_C,2,,2154
IR_NAT_BEQ_C,2,,2155
IR_NAT_BEQ_C,2,,2156
IR_NAT_BEQ_C,2,,2157
IR_NAT_BEQ_C,2,,2158
IR_NAT_BEQ_C,2,,2159
IR_NAT_BEQ_C,2,,2160
IR_NAT_BEQ_C,2,,2161
IR_NAT_BEQ_C,2,,2163
IR_NAT_BEQ_C,2,,2164
IR_NAT_BEQ_C,2,,2165
IR_NAT_BEQ_C,2,,2166
IR_NAT_BEQ_C,2,,2167
IR_NAT_BEQ_C,2,,2168
IR_NAT_BEQ_C,2,,2181
IR_NAT_BEQ_C,2,,2182
IR_NAT_BEQ_C,2,,2183
IR_NAT_BEQ_C,2,,2184
IR_NAT_BEQ_C,2,,2185
IR_NAT_BEQ_C,2,,2186
IR_NAT_BEQ_C,2,,2187
IR_NAT_BEQ_C,2,,2188
IR_NAT_BEQ_C,2,,2189
IR_NAT_BEQ_C,2,,2190
IR_NAT_BEQ_C,2,,2191
IR_NAT_BEQ_C,2,,2195
IR_NAT_BEQ_C,2,,2196
IR_NAT_BEQ_C,2,,2201
IR_NAT_BEQ_C,2,,2202
IR_NAT_BEQ_C,2,,2203
IR_NAT_BEQ_C,2,,2204
IR_NAT_BEQ_C,2,,2205
IR_NAT_BEQ_C,2,,2206
IR_NAT_BEQ_C,2,,2211
IR_NAT_BEQ_C,2,,2212
IR_NAT_BEQ_C,2,,2213
IR_NAT_BEQ_C,2,,2221
IR_NAT_BEQ_C,2,,2222
IR_NAT_BEQ_C,2,,2229
IR_NAT_BEQ_C,2,,2230
IR_NAT_BEQ_C,2,,2231
IR_NAT_BEQ_C,2,,2232
IR_NAT_BEQ_C,2,,2234
IR_NAT_BEQ_C,2,,2235
IR_NAT_BEQ_C,2,,2236
IR_NAT_BEQ_C,2,,2237
IR_NAT_BEQ_C,2,,2238
IR_NAT_BEQ_C,2,,2239
IR_NAT_BEQ_C,2,,2240
IR_NAT_BEQ_C,2,,2241
IR_NAT_BEQ_C,2,,2242
IR_NAT_BEQ_C,2,,2243
IR_NAT_BEQ_C,2,,2244
IR_NAT_BEQ_C,2,,2245
IR_NAT_BEQ_C,2,,2246
IR_NAT_BEQ_C,2,,2247
IR_NAT_BEQ_C,2,,2248
IR_NAT_BEQ_C,2,,2249
IR_NAT_BEQ_C,2,,2250
IR_NAT_BEQ_C,2,,2251
IR_NAT_BEQ_C,2,,2252
IR_NAT_BEQ_C,2,,2257
IR_NAT_BEQ_C,2,,2258
IR_NAT_BEQ_C,2,,2259
IR_NAT_BEQ_C,2,,2260
IR_NAT_BEQ_C,2,,2261
IR_NAT_BEQ_C,2,,2262
IR_NAT_BEQ_C,2,,2263
IR_NAT_BEQ_C,2,,2264
IR_NAT_BEQ_C,2,,2265
IR_NAT_BEQ_C,2,,2271
IR_NAT_BEQ_C,2,,2272
IR_NAT_BEQ_C,2,,2273
IR_NAT_BEQ_C,2,,2274
IR_NAT_BEQ_C,2,,2275
IR_NAT_BEQ_C,2,,2283
IR_NAT_BEQ_C,2,,2284
IR_NAT_BEQ_C,2,,2285
IR_NAT_BEQ_C,2,,2315
IR_NAT_BEQ_C,2,,2321
IR_NAT_BEQ_C,2,,2331
IR_NAT_BEQ_C,2,,2332
IR_NAT_BEQ_C,2,,2333
IR_NAT_BEQ_C,2,,2334
IR_NAT_BEQ_C,2,,2335
IR_NAT_BEQ_C,2,,2336
IR_NAT_BEQ_C,2,,2337
IR_NAT_BEQ_C,2,,2338
IR_NAT_BEQ_C,2,,2339
IR_NAT_BEQ_C,2,,2341
IR_NAT_BEQ_C,2,,2342
IR_NAT_BEQ_C,2,,2343
IR_NAT_BEQ_C,2,,2344
IR_NAT_BEQ_C,2,,2345
IR_NAT_BEQ_C,2,,2346
IR_NAT_BEQ_C,2,,2347
IR_NAT_BEQ_C,2,,2351
IR_NAT_BEQ_C,2,,2352
IR_NAT_BEQ_C,2,,2353
IR_NAT_BEQ_C,2,,2354
IR_NAT_BEQ_C,2,,2355
IR_NAT_BEQ_C,2,,2356
IR_NAT_BEQ_C,2,,2357
IR_NAT_BEQ_C,2,,2358
IR_NAT_BEQ_C,2,,2359
IR_NAT_BEQ_C,2,,2360
IR_NAT_BEQ_C,2,,2361
IR_NAT_BEQ_C,2,,2362
IR_NAT_BEQ_C,2,,2363
IR_NAT_BEQ_C,2,,2364
IR_NAT_BEQ_C,2,,2365
IR_NAT_BEQ_C,2,,2366
IR_NAT_BEQ_C,2,,2367
IR_NAT_BEQ_C,2,,2368
IR_NAT_BEQ_C,2,,2369
IR_NAT_BEQ_C,2,,2371
IR_NAT_BEQ_C,2,,2372
IR_NAT_BEQ_C,2,,2373
IR_NAT_BEQ_C,2,,2380
IR_NAT_BEQ_C,2,,2381
IR_NAT_BEQ_C,2,,2382
IR_NAT_BEQ_C,2,,2383
IR_NAT_BEQ_C,2,,2384
IR_NAT_BEQ_C,2,,2385
IR_NAT_BEQ_C,2,,2386
IR_NAT_BEQ_C,2,,2387
IR_NAT_BEQ_C,2,,2388
IR_NAT_BEQ_C,2,,2389
IR_NAT_BEQ_C,2,,2391
IR_NAT_BEQ_C,2,,2392
IR_NAT_BEQ_C,2,,2411
IR_NAT_BEQ_C,2,,2412
IR_NAT_BEQ_C,2,,2413
IR_NAT_BEQ_C,2,,2414
IR_NAT_BEQ_C,2,,2415
IR_NAT_BEQ_C,2,,2416
IR_NAT_BEQ_C,2,,2417
IR_NAT_BEQ_C,2,,2418
IR_NAT_BEQ_C,2,,2419
IR_NAT_BEQ_C,2,,2420
IR_NAT_BEQ_C,2,,2421
IR_NAT_BEQ_C,2,,2422
IR_NAT_BEQ_C,2,,2423
IR_NAT_BEQ_C,2,,2424
IR_NAT_BEQ_C,2,,2425
IR_NAT_BEQ_C,2,,2426
IR_NAT_BEQ_C,2,,2428
IR_NAT_BEQ_C,2,,2501
IR_NAT_BEQ_C,2,,2502
IR_NAT_BEQ_C,2,,2503
IR_NAT_BEQ_C,2,,2504
IR_NAT_BEQ_C,2,,3111
IR_NAT_BEQ_C,2,,3112
IR_NAT_BEQ_C,2,,3113
IR_NAT_BEQ_C,2,,3115
IR_NAT_BEQ_C,2,,3116
IR_NAT_BEQ_C,2,,3117
IR_NAT_BEQ_C,2,,3121
IR_NAT_BEQ_C,2,,3122
IR_NAT_BEQ_C,2,,3125
IR_NAT_BEQ_C,2,,3127
IR_NAT_BEQ_C,2,,3128
IR_NAT_BEQ_C,2,,3131
IR_NAT_BEQ_C,2,,3132
IR_NAT_BEQ_C,2,,3133
IR_NAT_BEQ_C,2,,3134
IR_NAT_BEQ_C,2,,3135
IR_NAT_BEQ_C,2,,3211
IR_NAT_BEQ_C,2,,3213
IR_NAT_BEQ_C,2,,3216
IR_NAT_BEQ_C,2,,3221
IR_NAT_BEQ_C,2,,3222
IR_NAT_BEQ_C,2,,3223
IR_NAT_BEQ_C,2,,3225
IR_NAT_BEQ_C,2,,3311
IR_NAT_BEQ_C,2,,3312
IR_NAT_BEQ_C,2,,3313
IR_NAT_BEQ_C,2,,3314
IR_NAT_BEQ_C,2,,3315
IR_NAT_BEQ_C,2,,3316
IR_NAT_BEQ_C,2,,3317
IR_NAT_BEQ_C,2,,3318
IR_NAT_BEQ_C,2,,3319
IR_NAT_BEQ_C,2,,3320
IR_NAT_BEQ_C,2,,3321
IR_NAT_BEQ_C,2,,3322
IR_NAT_BEQ_C,2,,3323
IR_NAT_BEQ_C,2,,3324
IR_NAT_BEQ_C,2,,3325
IR_NAT_BEQ_C,2,,3326
IR_NAT_BEQ_C,2,,3327
IR_NAT_BEQ_C,2,,3328
IR_NAT_BEQ_C,2,,3329
IR_NAT_BEQ_C,2,,3330
IR_NAT_BEQ_C,2,,3331
IR_NAT_BEQ_C,2,,3332
IR_NAT_BEQ_C,2,,3334
IR_NAT_BEQ_C,2,,3335
IR_NAT_BEQ_C,2,,3336
IR_NAT_BEQ_C,2,,3337
IR_NAT_BEQ_C,2,,3338
IR_NAT_BEQ_C,2,,3339
IR_NAT_BEQ_C,2,,3340
IR_NAT_BEQ_C,3,,1940
IR_NAT_BEQ_C,3,,1941
IR_NAT_BEQ_C,3,,1942
IR_NAT_BEQ_C,3,,1943
IR_NAT_BEQ_C,3,,1944
IR_NAT_BEQ_C,3,,1945
IR_NAT_BEQ_C,3,,1951
IR_NAT_BEQ_C,3,,1952
IR_NAT_BEQ_C,3,,1954
IR_NAT_BEQ_C,3,,1955
IR_NAT_BEQ_C,3,,1956
IR_NAT_BEQ_C,3,,1957
IR_NAT_BEQ_C,3,,1971
IR_NAT_BEQ_C,3,,1972
IR_NAT_BEQ_C,3,,1973
IR_NAT_BEQ_C,3,,1974
IR_NAT_BEQ_C,3,,1975
IR_NAT_BEQ_C,3,,1976
IR_NAT_BEQ_C,3,,1977
IR_NAT_BEQ_C,3,,1978
IR_NAT_BEQ_C,3,,1981
IR_NAT_BEQ_C,3,,1990
IR_NAT_BEQ_C,3,,1998
IR_NAT_BEQ_C,3,,1999
IR_NAT_BEQ_C,3,,2106
IR_NAT_BEQ_C,3,,2107
IR_NAT_BEQ_C,3,,2108
IR_NAT_BEQ_C,3,,2109
IR_NAT_BEQ_C,3,,2111
IR_NAT_BEQ_C,3,,2112
IR_NAT_BEQ_C,3,,2113
IR_NAT_BEQ_C,3,,2114
IR_NAT_BEQ_C,3,,2115
IR_NAT_BEQ_C,3,,2116
IR_NAT_BEQ_C,3,,2117
IR_NAT_BEQ_C,3,,2118
IR_NAT_BEQ_C,3,,2119
IR_NAT_BEQ_C,3,,2129
IR_NAT_BEQ_C,3,,2131
IR_NAT_BEQ_C,3,,2132
IR_NAT_BEQ_C,3,,2133
IR_NAT_BEQ_C,3,,2134
IR_NAT_BEQ_C,3,,2135
IR_NAT_BEQ_C,3,,2136
IR_NAT_BEQ_C,3,,2137
IR_NAT_BEQ_C,3,,2138
IR_NAT_BEQ_C,3,,2139
IR_NAT_BEQ_C,3,,2140
IR_NAT_BEQ_C,3,,2141
IR_NAT_BEQ_C,3,,2142
IR_NAT_BEQ_C,3,,2143
IR_NAT_BEQ_C,3,,2144
IR_NAT_BEQ_C,3,,2145
IR_NAT_BEQ_C,3,,2146
IR_NAT_BEQ_C,3,,2147
IR_NAT_BEQ_C,3,,2150
IR_NAT_BEQ_C,3,,2151
IR_NAT_BEQ_C,3,,2152
IR_NAT_BEQ_C,3,,2153
IR_NAT_BEQ_C,3,,2154
IR_NAT_BEQ_C,3,,2155
IR_NAT_BEQ_C,3,,2156
IR_NAT_BEQ_C,3,,2157
IR_NAT_BEQ_C,3,,2158
IR_NAT_BEQ_C,3,,2159
IR_NAT_BEQ_C,3,,2160
IR_NAT_BEQ_C,3,,2161
IR_NAT_BEQ_C,3,,2163
IR_NAT_BEQ_C,3,,2164
IR_NAT_BEQ_C,3,,2165
IR_NAT_BEQ_C,3,,2166
IR_NAT_BEQ_C,3,,2167
IR_NAT_BEQ_C,3,,2168
IR_NAT_BEQ_C,3,,2181
IR_NAT_BEQ_C,3,,2182
IR_NAT_BEQ_C,3,,2183
IR_NAT_BEQ_C,3,,2184
IR_NAT_BEQ_C,3,,2185
IR_NAT_BEQ_C,3,,2186
IR_NAT_BEQ_C,3,,2187
IR_NAT_BEQ_C,3,,2188
IR_NAT_BEQ_C,3,,2189
IR_NAT_BEQ_C,3,,2190
IR_NAT_BEQ_C,3,,2191
IR_NAT_BEQ_C,3,,2195
IR_NAT_BEQ_C,3,,2196
IR_NAT_BEQ_C,3,,2201
IR_NAT_BEQ_C,3,,2202
IR_NAT_BEQ_C,3,,2203
IR_NAT_BEQ_C,3,,2204
IR_NAT_BEQ_C,3,,2205
IR_NAT_BEQ_C,3,,2206
IR_NAT_BEQ_C,3,,2211
IR_NAT_BEQ_C,3,,2212
IR_NAT_BEQ_C,3,,2213
IR_NAT_BEQ_C,3,,2221
IR_NAT_BEQ_C,3,,2222
IR_NAT_BEQ_C,3,,2229
IR_NAT_BEQ_C,3,,2230
IR_NAT_BEQ_C,3,,2231
IR_NAT_BEQ_C,3,,2232
IR_NAT_BEQ_C,3,,2234
IR_NAT_BEQ_C,3,,2235
IR_NAT_BEQ_C,3,,2236
IR_NAT_BEQ_C,3,,2237
IR_NAT_BEQ_C,3,,2238
IR_NAT_BEQ_C,3,,2239
IR_NAT_BEQ_C,3,,2240
IR_NAT_BEQ_C,3,,2241
IR_NAT_BEQ_C,3,,2242
IR_NAT_BEQ_C,3,,2243
IR_NAT_BEQ_C,3,,2244
IR_NAT_BEQ_C,3,,2245
IR_NAT_BEQ_C,3,,2246
IR_NAT_BEQ_C,3,,2247
IR_NAT_BEQ_C,3,,2248
IR_NAT_BEQ_C,3,,2249
IR_NAT_BEQ_C,3,,2250
IR_NAT_BEQ_C,3,,2251
IR_NAT_BEQ_C,3,,2252
IR_NAT_BEQ_C,3,,2257
IR_NAT_BEQ_C,3,,2258
IR_NAT_BEQ_C,3,,2259
IR_NAT_BEQ_C,3,,2260
IR_NAT_BEQ_C,3,,2261
IR_NAT_BEQ_C,3,,2262
IR_NAT_BEQ_C,3,,2263
IR_NAT_BEQ_C,3,,2264
IR_NAT_BEQ_C,3,,2265
IR_NAT_BEQ_C,3,,2271
IR_NAT_BEQ_C,3,,2272
IR_NAT_BEQ_C,3,,2273
IR_NAT_BEQ_C,3,,2274
IR_NAT_BEQ_C,3,,2275
IR_NAT_BEQ_C,3,,2283
IR_NAT_BEQ_C,3,,2284
IR_NAT_BEQ_C,3,,2285
IR_NAT_BEQ_C,3,,2315
IR_NAT_BEQ_C,3,,2321
IR_NAT_BEQ_C,3,,2331
IR_NAT_BEQ_C,3,,2332
IR_NAT_BEQ_C,3,,2333
IR_NAT_BEQ_C,3,,2334
IR_NAT_BEQ_C,3,,2335
IR_NAT_BEQ_C,3,,2336
IR_NAT_BEQ_C,3,,2337
IR_NAT_BEQ_C,3,,2338
IR_NAT_BEQ_C,3,,2339
IR_NAT_BEQ_C,3,,2341
IR_NAT_BEQ_C,3,,2342
IR_NAT_BEQ_C,3,,2343
IR_NAT_BEQ_C,3,,2344
IR_NAT_BEQ_C,3,,2345
IR_NAT_BEQ_C,3,,2346
IR_NAT_BEQ_C,3,,2347
IR_NAT_BEQ_C,3,,2351
IR_NAT_BEQ_C,3,,2352
IR_NAT_BEQ_C,3,,2353
IR_NAT_BEQ_C,3,,2354
IR_NAT_BEQ_C,3,,2355
IR_NAT_BEQ_C,3,,2356
IR_NAT_BEQ_C,3,,2357
IR_NAT_BEQ_C,3,,2358
IR_NAT_BEQ_C,3,,2359
IR_NAT_BEQ_C,3,,2360
IR_NAT_BEQ_C,3,,2361
IR_NAT_BEQ_C,3,,2362
IR_NAT_BEQ_C,3,,2363
IR_NAT_BEQ_C,3,,2364
IR_NAT_BEQ_C,3,,2365
IR_NAT_BEQ_C,3,,2366
IR_NAT_BEQ_C,3,,2367
IR_NAT_BEQ_C,3,,2368
IR_NAT_BEQ_C,3,,2369
IR_NAT_BEQ_C,3,,2371
IR_NAT_BEQ_C,3,,2372
IR_NAT_BEQ_C,3,,2373
IR_NAT_BEQ_C,3,,2380
IR_NAT_BEQ_C,3,,2381
IR_NAT_BEQ_C,3,,2382
IR_NAT_BEQ_C,3,,2383
IR_NAT_BEQ_C,3,,2384
IR_NAT_BEQ_C,3,,2385
IR_NAT_BEQ_C,3,,2386
IR_NAT_BEQ_C,3,,2387
IR_NAT_BEQ_C,3,,2388
IR_NAT_BEQ_C,3,,2389
IR_NAT_BEQ_C,3,,2391
IR_NAT_BEQ_C,3,,2392
IR_NAT_BEQ_C,3,,2411
IR_NAT_BEQ_C,3,,2412
IR_NAT_BEQ_C,3,,2413
IR_NAT_BEQ_C,3,,2414
IR_NAT_BEQ_C,3,,2415
IR_NAT_BEQ_C,3,,2416
IR_NAT_BEQ_C,3,,2417
IR_NAT_BEQ_C,3,,2418
IR_NAT_BEQ_C,3,,2419
IR_NAT_BEQ_C,3,,2420
IR_NAT_BEQ_C,3,,2421
IR_NAT_BEQ_C,3,,2422
IR_NAT_BEQ_C,3,,2423
IR_NAT_BEQ_C,3,,2424
IR_NAT_BEQ_C,3,,2425
IR_NAT_BEQ_C,3,,2426
IR_NAT_BEQ_C,3,,2428
IR_NAT_BEQ_C,3,,2501
IR_NAT_BEQ_C,3,,2502
IR_NAT_BEQ_C,3,,2503
IR_NAT_BEQ_C,3,,2504
IR_NAT_BEQ_C,3,,3111
IR_NAT_BEQ_C,3,,3112
IR_NAT_BEQ_C,3,,3113
IR_NAT_BEQ_C,3,,3115
IR_NAT_BEQ_C,3,,3116
IR_NAT_BEQ_C,3,,3117
IR_NAT_BEQ_C,3,,3121
IR_NAT_BEQ_C,3,,3122
IR_NAT_BEQ_C,3,,3125
IR_NAT_BEQ_C,3,,3127
IR_NAT_BEQ_C,3,,3128
IR_NAT_BEQ_C,3,,3131
IR_NAT_BEQ_C,3,,3132
IR_NAT_BEQ_C,3,,3133
IR_NAT_BEQ_C,3,,3134
IR_NAT_BEQ_C,3,,3135
IR_NAT_BEQ_C,3,,3211
IR_NAT_BEQ_C,3,,3213
IR_NAT_BEQ_C,3,,3216
IR_NAT_BEQ_C,3,,3221
IR_NAT_BEQ_C,3,,3222
IR_NAT_BEQ_C,3,,3223
IR_NAT_BEQ_C,2,,9892
IR_NAT_BEQ_C,2,,9893
IR_NAT_BEQ_C,2,,9894
IR_NAT_BEQ_C,2,,9895
IR_NAT_BEQ_C,2,,9896
IR_NAT_BEQ_C,2,,9897
IR_NAT_BEQ_C,2,,9898
IR_NAT_BEQ_C,2,,9899
IR_NAT_BEQ_C,2,,9901
IR_NAT_BEQ_C,2,,9902
IR_NAT_BEQ_C,2,,9911
IR_NAT_BEQ_C,2,,9912
IR_NAT_BEQ_C,3,,1095
IR_NAT_BEQ_C,3,,1096
IR_NAT_BEQ_C,3,,1097
IR_NAT_BEQ_C,3,,1098
IR_NAT_BEQ_C,3,,1099
IR_NAT_BEQ_C,3,,1100
IR_NAT_BEQ_C,3,,1101
IR_NAT_BEQ_C,3,,1102
IR_NAT_BEQ_C,3,,1103
IR_NAT_BEQ_C,3,,1104
IR_NAT_BEQ_C,3,,1105
IR_NAT_BEQ_C,3,,1106
IR_NAT_BEQ_C,3,,1107
IR_NAT_BEQ_C,3,,1108
IR_NAT_BEQ_C,3,,1109
IR_NAT_BEQ_C,3,,1110
IR_NAT_BEQ_C,3,,1111
IR_NAT_BEQ_C,3,,1112
IR_NAT_BEQ_C,3,,1113
IR_NAT_BEQ_C,3,,1114
IR_NAT_BEQ_C,3,,1115
IR_NAT_BEQ_C,3,,1116
IR_NAT_BEQ_C,3,,1117
IR_NAT_BEQ_C,3,,1118
IR_NAT_BEQ_C,3,,1119
IR_NAT_BEQ_C,3,,1120
IR_NAT_BEQ_C,3,,1121
IR_NAT_BEQ_C,3,,1122
IR_NAT_BEQ_C,3,,1123
IR_NAT_BEQ_C,3,,1124
IR_NAT_BEQ_C,3,,1125
IR_NAT_BEQ_C,3,,1126
IR_NAT_BEQ_C,3,,1127
IR_NAT_BEQ_C,3,,1128
IR_NAT_BEQ_C,3,,1129
IR_NAT_BEQ_C,3,,1130
IR_NAT_BEQ_C,3,,1131
IR_NAT_BEQ_C,3,,1132
IR_NAT_BEQ_C,3,,1133
IR_NAT_BEQ_C,3,,1134
IR_NAT_BEQ_C,3,,1135
IR_NAT_BEQ_C,3,,1136
IR_NAT_BEQ_C,3,,1137
IR_NAT_BEQ_C,3,,1140
IR_NAT_BEQ_C,3,,1141
IR_NAT_BEQ_C,3,,1144
IR_NAT_BEQ_C,3,,1147
IR_NAT_BEQ_C,3,,1148
IR_NAT_BEQ_C,3,,1149
IR_NAT_BEQ_C,3,,1152
IR_NAT_BEQ_C,3,,1153
IR_NAT_BEQ_C,3,,1154
IR_NAT_BEQ_C,3,,1157
IR_NAT_BEQ_C,3,,1158
IR_NAT_BEQ_C,3,,1159
IR_NAT_BEQ_C,3,,1163
IR_NAT_BEQ_C,3,,1164
IR_NAT_BEQ_C,3,,1165
IR_NAT_BEQ_C,3,,1168
IR_NAT_BEQ_C,3,,1170
IR_NAT_BEQ_C,3,,1172
IR_NAT_BEQ_C,3,,1174
IR_NAT_BEQ_C,3,,1175
IR_NAT_BEQ_C,3,,1191
IR_NAT_BEQ_C,3,,1192
IR_NAT_BEQ_C,3,,1193
IR_NAT_BEQ_C,3,,1194
IR_NAT_BEQ_C,3,,1209
IR_NAT_BEQ_C,3,,1210
IR_NAT_BEQ_C,3,,1211
IR_NAT_BEQ_C,3,,1212
IR_NAT_BEQ_C,3,,1213
IR_NAT_BEQ_C,3,,1214
IR_NAT_BEQ_C,3,,1215
IR_NAT_BEQ_C,3,,1216
IR_NAT_BEQ_C,3,,1221
IR_NAT_BEQ_C,3,,1222
IR_NAT_BEQ_C,3,,1224
IR_NAT_BEQ_C,3,,1226
IR_NAT_BEQ_C,3,,1227
IR_NAT_BEQ_C,3,,1228
IR_NAT_BEQ_C,3,,1311
IR_NAT_BEQ_C,3,,1312
IR_NAT_BEQ_C,3,,1313
IR_NAT_BEQ_C,3,,1316
IR_NAT_BEQ_C,3,,1318
IR_NAT_BEQ_C,3,,1321
IR_NAT_BEQ_C,3,,1322
IR_NAT_BEQ_C,3,,1323
IR_NAT_BEQ_C,3,,1324
IR_NAT_BEQ_C,3,,1331
IR_NAT_BEQ_C,3,,1335
IR_NAT_BEQ_C,3,,1336
IR_NAT_BEQ_C,3,,1341
IR_NAT_BEQ_C,3,,1342
IR_NAT_BEQ_C,3,,1351
IR_NAT_BEQ_C,3,,1352
IR_NAT_BEQ_C,3,,1361
IR_NAT_BEQ_C,3,,1401
IR_NAT_BEQ_C,3,,1402
IR_NAT_BEQ_C,3,,1403
IR_NAT_BEQ_C,3,,1411
IR_NAT_BEQ_C,3,,1421
IR_NAT_BEQ_C,3,,1422
IR_NAT_BEQ_C,3,,1423
IR_NAT_BEQ_C,3,,1424
IR_NAT_BEQ_C,3,,1425
IR_NAT_BEQ_C,3,,1426
IR_NAT_BEQ_C,3,,1427
IR_NAT_BEQ_C,3,,1431
IR_NAT_BEQ_C,3,,1432
IR_NAT_BEQ_C,3,,1433
IR_NAT_BEQ_C,3,,1434
IR_NAT_BEQ_C,3,,1435
IR_NAT_BEQ_C,3,,1436
IR_NAT_BEQ_C,3,,1437
IR_NAT_BEQ_C,3,,1451
IR_NAT_BEQ_C,3,,1452
IR_NAT_BEQ_C,3,,1453
IR_NAT_BEQ_C,3,,1462
IR_NAT_BEQ_C,3,,1465
IR_NAT_BEQ_C,3,,1470
IR_NAT_BEQ_C,3,,1471
IR_NAT_BEQ_C,3,,1472
IR_NAT_BEQ_C,3,,1473
IR_NAT_BEQ_C,3,,1474
IR_NAT_BEQ_C,3,,1475
IR_NAT_BEQ_C,3,,1476
IR_NAT_BEQ_C,3,,1477
IR_NAT_BEQ_C,3,,1521
IR_NAT_BEQ_C,3,,1522
IR_NAT_BEQ_C,3,,1608
IR_NAT_BEQ_C,3,,1610
IR_NAT_BEQ_C,3,,1701
IR_NAT_BEQ_C,3,,1702
IR_NAT_BEQ_C,3,,1703
IR_NAT_BEQ_C,3,,1704
IR_NAT_BEQ_C,3,,1705
IR_NAT_BEQ_C,3,,1706
IR_NAT_BEQ_C,3,,1707
IR_NAT_BEQ_C,3,,1708
IR_NAT_BEQ_C,3,,1715
IR_NAT_BEQ_C,3,,1716
IR_NAT_BEQ_C,3,,1717
IR_NAT_BEQ_C,3,,1721
IR_NAT_BEQ_C,3,,1722
IR_NAT_BEQ_C,3,,1723
IR_NAT_BEQ_C,3,,1724
IR_NAT_BEQ_C,3,,1725
IR_NAT_BEQ_C,3,,1726
IR_NAT_BEQ_C,3,,1727
IR_NAT_BEQ_C,3,,1728
IR_NAT_BEQ_C,3,,1729
IR_NAT_BEQ_C,3,,1731
IR_NAT_BEQ_C,3,,1732
IR_NAT_BEQ_C,3,,1733
IR_NAT_BEQ_C,3,,1734
IR_NAT_BEQ_C,3,,1735
IR_NAT_BEQ_C,3,,1736
IR_NAT_BEQ_C,3,,1741
IR_NAT_BEQ_C,3,,1742
IR_NAT_BEQ_C,3,,1743
IR_NAT_BEQ_C,3,,1744
IR_NAT_BEQ_C,3,,1745
IR_NAT_BEQ_C,3,,1746
IR_NAT_BEQ_C,3,,1747
IR_NAT_BEQ_C,3,,1748
IR_NAT_BEQ_C,3,,1749
IR_NAT_BEQ_C,3,,1751
IR_NAT_BEQ_C,3,,1761
IR_NAT_BEQ_C,3,,1762
IR_NAT_BEQ_C,3,,1763
IR_NAT_BEQ_C,3,,1764
IR_NAT_BEQ_C,3,,1765
IR_NAT_BEQ_C,3,,1766
IR_NAT_BEQ_C,3,,1767
IR_NAT_BEQ_C,3,,1768
IR_NAT_BEQ_C,3,,1769
IR_NAT_BEQ_C,3,,1771
IR_NAT_BEQ_C,3,,1781
IR_NAT_BEQ_C,3,,1782
IR_NAT_BEQ_C,3,,1783
IR_NAT_BEQ_C,3,,1784
IR_NAT_BEQ_C,3,,1785
IR_NAT_BEQ_C,3,,1786
IR_NAT_BEQ_C,3,,1787
IR_NAT_BEQ_C,3,,1788
IR_NAT_BEQ_C,3,,1789
IR_NAT_BEQ_C,3,,1791
IR_NAT_BEQ_C,3,,1811
IR_NAT_BEQ_C,3,,1812
IR_NAT_BEQ_C,3,,1813
IR_NAT_BEQ_C,3,,1821
IR_NAT_BEQ_C,3,,1841
IR_NAT_BEQ_C,3,,1842
IR_NAT_BEQ_C,3,,1843
IR_NAT_BEQ_C,3,,1844
IR_NAT_BEQ_C,3,,1845
IR_NAT_BEQ_C,3,,1846
IR_NAT_BEQ_C,3,,1847
IR_NAT_BEQ_C,3,,1903
IR_NAT_BEQ_C,3,,1904
IR_NAT_BEQ_C,3,,1905
IR_NAT_BEQ_C,3,,1906
IR_NAT_BEQ_C,3,,1907
IR_NAT_BEQ_C,3,,1908
IR_NAT_BEQ_C,3,,1909
IR_NAT_BEQ_C,3,,1910
IR_NAT_BEQ_C,3,,1911
IR_NAT_BEQ_C,3,,1912
IR_NAT_BEQ_C,3,,1913
IR_NAT_BEQ_C,3,,1914
IR_NAT_BEQ_C,3,,1915
IR_NAT_BEQ_C,3,,1918
IR_NAT_BEQ_C,3,,1919
IR_NAT_BEQ_C,3,,1921
IR_NAT_BEQ_C,3,,1922
IR_NAT_BEQ_C,3,,1923
IR_NAT_BEQ_C,3,,1926
IR_NAT_BEQ_C,3,,1931
IR_NAT_BEQ_C,3,,1932
IR_NAT_BEQ_C,3,,1933
IR_NAT_BEQ_C,3,,1934
IR_NAT_BEQ_C,3,,1935
IR_NAT_BEQ_C,3,,1936
IR_NAT_BEQ_C,3,,1937
IR_NAT_BEQ_C,3,,1938
IR_NAT_BEQ_C,3,,1939
IR_NAT_BEQ_C,2,,8111
IR_NAT_BEQ_C,2,,8112
IR_NAT_BEQ_C,2,,8113
IR_NAT_BEQ_C,2,,8114
IR_NAT_BEQ_C,2,,8115
IR_NAT_BEQ_C,2,,8116
IR_NAT_BEQ_C,2,,8117
IR_NAT_BEQ_C,2,,8118
IR_NAT_BEQ_C,2,,8119
IR_NAT_BEQ_C,2,,8120
IR_NAT_BEQ_C,2,,8222
IR_NAT_BEQ_C,2,,8223
IR_NAT_BEQ_C,2,,8224
IR_NAT_BEQ_C,2,,9111
IR_NAT_BEQ_C,2,,9112
IR_NAT_BEQ_C,2,,9113
IR_NAT_BEQ_C,2,,9114
IR_NAT_BEQ_C,2,,9118
IR_NAT_BEQ_C,2,,9119
IR_NAT_BEQ_C,2,,9122
IR_NAT_BEQ_C,2,,9123
IR_NAT_BEQ_C,2,,9131
IR_NAT_BEQ_C,2,,9132
IR_NAT_BEQ_C,2,,9133
IR_NAT_BEQ_C,2,,9134
IR_NAT_BEQ_C,2,,9141
IR_NAT_BEQ_C,2,,9142
IR_NAT_BEQ_C,2,,9143
IR_NAT_BEQ_C,2,,9144
IR_NAT_BEQ_C,2,,9151
IR_NAT_BEQ_C,2,,9152
IR_NAT_BEQ_C,2,,9161
IR_NAT_BEQ_C,2,,9162
IR_NAT_BEQ_C,2,,9163
IR_NAT_BEQ_C,2,,9164
IR_NAT_BEQ_C,2,,9165
IR_NAT_BEQ_C,2,,9166
IR_NAT_BEQ_C,2,,9167
IR_NAT_BEQ_C,2,,9168
IR_NAT_BEQ_C,2,,9169
IR_NAT_BEQ_C,2,,9170
IR_NAT_BEQ_C,2,,9191
IR_NAT_BEQ_C,2,,9201
IR_NAT_BEQ_C,2,,9202
IR_NAT_BEQ_C,2,,9203
IR_NAT_BEQ_C,2,,9211
IR_NAT_BEQ_C,2,,9221
IR_NAT_BEQ_C,2,,9311
IR_NAT_BEQ_C,2,,9313
IR_NAT_BEQ_C,2,,9411
IR_NAT_BEQ_C,2,,9421
IR_NAT_BEQ_C,2,,9422
IR_NAT_BEQ_C,2,,9423
IR_NAT_BEQ_C,2,,9429
IR_NAT_BEQ_C,2,,9430
IR_NAT_BEQ_C,2,,9432
IR_NAT_BEQ_C,2,,9433
IR_NAT_BEQ_C,2,,9434
IR_NAT_BEQ_C,2,,9511
IR_NAT_BEQ_C,2,,9512
IR_NAT_BEQ_C,2,,9521
IR_NAT_BEQ_C,2,,9522
IR_NAT_BEQ_C,2,,9523
IR_NAT_BEQ_C,2,,9524
IR_NAT_BEQ_C,2,,9525
IR_NAT_BEQ_C,2,,9526
IR_NAT_BEQ_C,2,,9527
IR_NAT_BEQ_C,2,,9529
IR_NAT_BEQ_C,2,,9530
IR_NAT_BEQ_C,2,,9531
IR_NAT_BEQ_C,2,,9532
IR_NAT_BEQ_C,2,,9533
IR_NAT_BEQ_C,2,,9534
IR_NAT_BEQ_C,2,,9535
IR_NAT_BEQ_C,2,,9536
IR_NAT_BEQ_C,2,,9537
IR_NAT_BEQ_C,2,,9538
IR_NAT_BEQ_C,2,,9539
IR_NAT_BEQ_C,2,,9540
IR_NAT_BEQ_C,2,,9541
IR_NAT_BEQ_C,2,,9542
IR_NAT_BEQ_C,2,,9543
IR_NAT_BEQ_C,2,,9544
IR_NAT_BEQ_C,2,,9545
IR_NAT_BEQ_C,2,,9546
IR_NAT_BEQ_C,2,,9547
IR_NAT_BEQ_C,2,,9548
IR_NAT_BEQ_C,2,,9549
IR_NAT_BEQ_C,2,,9550
IR_NAT_BEQ_C,2,,9551
IR_NAT_BEQ_C,2,,9552
IR_NAT_BEQ_C,2,,9553
IR_NAT_BEQ_C,2,,9554
IR_NAT_BEQ_C,2,,9555
IR_NAT_BEQ_C,2,,9556
IR_NAT_BEQ_C,2,,9557
IR_NAT_BEQ_C,2,,9558
IR_NAT_BEQ_C,2,,9559
IR_NAT_BEQ_C,2,,9560
IR_NAT_BEQ_C,2,,9561
IR_NAT_BEQ_C,2,,9562
IR_NAT_BEQ_C,2,,9563
IR_NAT_BEQ_C,2,,9564
IR_NAT_BEQ_C,2,,9565
IR_NAT_BEQ_C,2,,9566
IR_NAT_BEQ_C,2,,9569
IR_NAT_BEQ_C,2,,9570
IR_NAT_BEQ_C,2,,9701
IR_NAT_BEQ_C,2,,9702
IR_NAT_BEQ_C,2,,9703
IR_NAT_BEQ_C,2,,9704
IR_NAT_BEQ_C,2,,9705
IR_NAT_BEQ_C,2,,9706
IR_NAT_BEQ_C,2,,9707
IR_NAT_BEQ_C,2,,9708
IR_NAT_BEQ_C,2,,9709
IR_NAT_BEQ_C,2,,9710
IR_NAT_BEQ_C,2,,9711
IR_NAT_BEQ_C,2,,9713
IR_NAT_BEQ_C,2,,9714
IR_NAT_BEQ_C,2,,9715
IR_NAT_BEQ_C,2,,9716
IR_NAT_BEQ_C,2,,9717
IR_NAT_BEQ_C,2,,9719
IR_NAT_BEQ_C,2,,9721
IR_NAT_BEQ_C,2,,9722
IR_NAT_BEQ_C,2,,9724
IR_NAT_BEQ_C,2,,9725
IR_NAT_BEQ_C,2,,9726
IR_NAT_BEQ_C,2,,9727
IR_NAT_BEQ_C,2,,9731
IR_NAT_BEQ_C,2,,9732
IR_NAT_BEQ_C,2,,9741
IR_NAT_BEQ_C,2,,9742
IR_NAT_BEQ_C,2,,9743
IR_NAT_BEQ_C,2,,9744
IR_NAT_BEQ_C,2,,9751
IR_NAT_BEQ_C,2,,9752
IR_NAT_BEQ_C,2,,9761
IR_NAT_BEQ_C,2,,9762
IR_NAT_BEQ_C,2,,9763
IR_NAT_BEQ_C,2,,9764
IR_NAT_BEQ_C,2,,9765
IR_NAT_BEQ_C,2,,9766
IR_NAT_BEQ_C,2,,9767
IR_NAT_BEQ_C,2,,9768
IR_NAT_BEQ_C,2,,9769
IR_NAT_BEQ_C,2,,9771
IR_NAT_BEQ_C,2,,9772
IR_NAT_BEQ_C,2,,9773
IR_NAT_BEQ_C,2,,9774
IR_NAT_BEQ_C,2,,9775
IR_NAT_BEQ_C,2,,9776
IR_NAT_BEQ_C,2,,9777
IR_NAT_BEQ_C,2,,9778
IR_NAT_BEQ_C,2,,9801
IR_NAT_BEQ_C,2,,9802
IR_NAT_BEQ_C,2,,9803
IR_NAT_BEQ_C,2,,9804
IR_NAT_BEQ_C,2,,9805
IR_NAT_BEQ_C,2,,9806
IR_NAT_BEQ_C,2,,9807
IR_NAT_BEQ_C,2,,9808
IR_NAT_BEQ_C,2,,9809
IR_NAT_BEQ_C,2,,9810
IR_NAT_BEQ_C,2,,9811
IR_NAT_BEQ_C,2,,9812
IR_NAT_BEQ_C,2,,9813
IR_NAT_BEQ_C,2,,9814
IR_NAT_BEQ_C,2,,9815
IR_NAT_BEQ_C,2,,9816
IR_NAT_BEQ_C,2,,9817
IR_NAT_BEQ_C,2,,9818
IR_NAT_BEQ_C,2,,9819
IR_NAT_BEQ_C,2,,9820
IR_NAT_BEQ_C,2,,9821
IR_NAT_BEQ_C,2,,9822
IR_NAT_BEQ_C,2,,9823
IR_NAT_BEQ_C,2,,9824
IR_NAT_BEQ_C,2,,9825
IR_NAT_BEQ_C,2,,9826
IR_NAT_BEQ_C,2,,9827
IR_NAT_BEQ_C,2,,9828
IR_NAT_BEQ_C,2,,9829
IR_NAT_BEQ_C,2,,9830
IR_NAT_BEQ_C,2,,9831
IR_NAT_BEQ_C,2,,9832
IR_NAT_BEQ_C,2,,9833
IR_NAT_BEQ_C,2,,9834
IR_NAT_BEQ_C,2,,9835
IR_NAT_BEQ_C,2,,9836
IR_NAT_BEQ_C,2,,9837
IR_NAT_BEQ_C,2,,9838
IR_NAT_BEQ_C,2,,9839
IR_NAT_BEQ_C,2,,9840
IR_NAT_BEQ_C,2,,9841
IR_NAT_BEQ_C,2,,9842
IR_NAT_BEQ_C,2,,9843
IR_NAT_BEQ_C,2,,9844
IR_NAT_BEQ_C,2,,9845
IR_NAT_BEQ_C,2,,9846
IR_NAT_BEQ_C,2,,9847
IR_NAT_BEQ_C,2,,9848
IR_NAT_BEQ_C,2,,9849
IR_NAT_BEQ_C,2,,9850
IR_NAT_BEQ_C,2,,9851
IR_NAT_BEQ_C,2,,9852
IR_NAT_BEQ_C,2,,9853
IR_NAT_BEQ_C,2,,9854
IR_NAT_BEQ_C,2,,9855
IR_NAT_BEQ_C,2,,9856
IR_NAT_BEQ_C,2,,9857
IR_NAT_BEQ_C,2,,9858
IR_NAT_BEQ_C,2,,9859
IR_NAT_BEQ_C,2,,9860
IR_NAT_BEQ_C,2,,9861
IR_NAT_BEQ_C,2,,9862
IR_NAT_BEQ_C,2,,9863
IR_NAT_BEQ_C,2,,9864
IR_NAT_BEQ_C,2,,9865
IR_NAT_BEQ_C,2,,9866
IR_NAT_BEQ_C,2,,9867
IR_NAT_BEQ_C,2,,9868
IR_NAT_BEQ_C,2,,9869
IR_NAT_BEQ_C,2,,9870
IR_NAT_BEQ_C,2,,9871
IR_NAT_BEQ_C,2,,9872
IR_NAT_BEQ_C,2,,9873
IR_NAT_BEQ_C,2,,9874
IR_NAT_BEQ_C,2,,9875
IR_NAT_BEQ_C,2,,9876
IR_NAT_BEQ_C,2,,9877
IR_NAT_BEQ_C,2,,9878
IR_NAT_BEQ_C,2,,9879
IR_NAT_BEQ_C,2,,9880
IR_NAT_BEQ_C,2,,9881
IR_NAT_BEQ_C,2,,9882
IR_NAT_BEQ_C,2,,9883
IR_NAT_BEQ_C,2,,9884
IR_NAT_BEQ_C,2,,9885
IR_NAT_BEQ_C,2,,9886
IR_NAT_BEQ_C,2,,9887
IR_NAT_BEQ_C,2,,9888
IR_NAT_BEQ_C,2,,9889
IR_NAT_BEQ_C,2,,9890
IR_NAT_BEQ_C,2,,9891
IR_NAT_BEQ_C,3,,9801
IR_NAT_BEQ_C,3,,9802
IR_NAT_BEQ_C,3,,9803
IR_NAT_BEQ_C,3,,9804
IR_NAT_BEQ_C,3,,9805
IR_NAT_BEQ_C,3,,9806
IR_NAT_BEQ_C,3,,9807
IR_NAT_BEQ_C,3,,9808
IR_NAT_BEQ_C,3,,9809
IR_NAT_BEQ_C,3,,9810
IR_NAT_BEQ_C,3,,9811
IR_NAT_BEQ_C,3,,9812
IR_NAT_BEQ_C,3,,9813
IR_NAT_BEQ_C,3,,9814
IR_NAT_BEQ_C,3,,9815
IR_NAT_BEQ_C,3,,9816
IR_NAT_BEQ_C,3,,9817
IR_NAT_BEQ_C,3,,9818
IR_NAT_BEQ_C,3,,9819
IR_NAT_BEQ_C,3,,9820
IR_NAT_BEQ_C,3,,9821
IR_NAT_BEQ_C,3,,9822
IR_NAT_BEQ_C,3,,9823
IR_NAT_BEQ_C,3,,9824
IR_NAT_BEQ_C,3,,9825
IR_NAT_BEQ_C,3,,9826
IR_NAT_BEQ_C,3,,9827
IR_NAT_BEQ_C,3,,9828
IR_NAT_BEQ_C,3,,9829
IR_NAT_BEQ_C,3,,9830
IR_NAT_BEQ_C,3,,9831
IR_NAT_BEQ_C,3,,9832
IR_NAT_BEQ_C,3,,9833
IR_NAT_BEQ_C,3,,9834
IR_NAT_BEQ_C,3,,9835
IR_NAT_BEQ_C,3,,9836
IR_NAT_BEQ_C,3,,9837
IR_NAT_BEQ_C,3,,9838
IR_NAT_BEQ_C,3,,9839
IR_NAT_BEQ_C,3,,9840
IR_NAT_BEQ_C,3,,9841
IR_NAT_BEQ_C,3,,9842
IR_NAT_BEQ_C,3,,9843
IR_NAT_BEQ_C,3,,9844
IR_NAT_BEQ_C,3,,9845
IR_NAT_BEQ_C,3,,9846
IR_NAT_BEQ_C,3,,9847
IR_NAT_BEQ_C,3,,9848
IR_NAT_BEQ_C,3,,9849
IR_NAT_BEQ_C,3,,9850
IR_NAT_BEQ_C,3,,9851
IR_NAT_BEQ_C,3,,9852
IR_NAT_BEQ_C,3,,9853
IR_NAT_BEQ_C,3,,9854
IR_NAT_BEQ_C,3,,9855
IR_NAT_BEQ_C,3,,9856
IR_NAT_BEQ_C,3,,9857
IR_NAT_BEQ_C,3,,9858
IR_NAT_BEQ_C,3,,9859
IR_NAT_BEQ_C,3,,9860
IR_NAT_BEQ_C,3,,9861
IR_NAT_BEQ_C,3,,9862
IR_NAT_BEQ_C,3,,9863
IR_NAT_BEQ_C,3,,9864
IR_NAT_BEQ_C,3,,9865
IR_NAT_BEQ_C,3,,9866
IR_NAT_BEQ_C,3,,9867
IR_NAT_BEQ_C,3,,9868
IR_NAT_BEQ_C,3,,9869
IR_NAT_BEQ_C,3,,9870
IR_NAT_BEQ_C,3,,9871
IR_NAT_BEQ_C,3,,9872
IR_NAT_BEQ_C,3,,9873
IR_NAT_BEQ_C,3,,9874
IR_NAT_BEQ_C,3,,9875
IR_NAT_BEQ_C,3,,9876
IR_NAT_BEQ_C,3,,9877
IR_NAT_BEQ_C,3,,9878
IR_NAT_BEQ_C,3,,9879
IR_NAT_BEQ_C,3,,9880
IR_NAT_BEQ_C,3,,9881
IR_NAT_BEQ_C,3,,9882
IR_NAT_BEQ_C,3,,9883
IR_NAT_BEQ_C,3,,9884
IR_NAT_BEQ_C,3,,9885
IR_NAT_BEQ_C,3,,9886
IR_NAT_BEQ_C,3,,9887
IR_NAT_BEQ_C,3,,9888
IR_NAT_BEQ_C,3,,9889
IR_NAT_BEQ_C,3,,9890
IR_NAT_BEQ_C,3,,9891
IR_NAT_BEQ_C,3,,9892
IR_NAT_BEQ_C,3,,9893
IR_NAT_BEQ_C,3,,9894
IR_NAT_BEQ_C,3,,9895
IR_NAT_BEQ_C,3,,9896
IR_NAT_BEQ_C,3,,9897
IR_NAT_BEQ_C,3,,9898
IR_NAT_BEQ_C,3,,9899
IR_NAT_BEQ_C,3,,9901
IR_NAT_BEQ_C,3,,9902
IR_NAT_BEQ_C,3,,9911
IR_NAT_BEQ_C,3,,9912
IR_NAT_BEQ_C,4,,1095
IR_NAT_BEQ_C,4,,1096
IR_NAT_BEQ_C,4,,1097
IR_NAT_BEQ_C,4,,1098
IR_NAT_BEQ_C,4,,1099
IR_NAT_BEQ_C,4,,1100
IR_NAT_BEQ_C,4,,1101
IR_NAT_BEQ_C,4,,1102
IR_NAT_BEQ_C,4,,1103
IR_NAT_BEQ_C,4,,1104
IR_NAT_BEQ_C,4,,1105
IR_NAT_BEQ_C,4,,1106
IR_NAT_BEQ_C,4,,1107
IR_NAT_BEQ_C,4,,1108
IR_NAT_BEQ_C,4,,1109
IR_NAT_BEQ_C,4,,1110
IR_NAT_BEQ_C,4,,1111
IR_NAT_BEQ_C,4,,1112
IR_NAT_BEQ_C,4,,1113
IR_NAT_BEQ_C,4,,1114
IR_NAT_BEQ_C,4,,1115
IR_NAT_BEQ_C,4,,1116
IR_NAT_BEQ_C,4,,1117
IR_NAT_BEQ_C,4,,1118
IR_NAT_BEQ_C,4,,1119
IR_NAT_BEQ_C,4,,1120
IR_NAT_BEQ_C,4,,1121
IR_NAT_BEQ_C,4,,1122
IR_NAT_BEQ_C,4,,1123
IR_NAT_BEQ_C,4,,1124
IR_NAT_BEQ_C,4,,1125
IR_NAT_BEQ_C,4,,1126
IR_NAT_BEQ_C,4,,1127
IR_NAT_BEQ_C,4,,1128
IR_NAT_BEQ_C,4,,1129
IR_NAT_BEQ_C,4,,1130
IR_NAT_BEQ_C,4,,1131
IR_NAT_BEQ_C,4,,1132
IR_NAT_BEQ_C,4,,1133
IR_NAT_BEQ_C,4,,1134
IR_NAT_BEQ_C,4,,1135
IR_NAT_BEQ_C,4,,1136
IR_NAT_BEQ_C,4,,1137
IR_NAT_BEQ_C,4,,1140
IR_NAT_BEQ_C,4,,1141
IR_NAT_BEQ_C,4,,1144
IR_NAT_BEQ_C,4,,1147
IR_NAT_BEQ_C,4,,1148
IR_NAT_BEQ_C,4,,1149
IR_NAT_BEQ_C,4,,1152
IR_NAT_BEQ_C,4,,1153
IR_NAT_BEQ_C,4,,1154
IR_NAT_BEQ_C,4,,1157
IR_NAT_BEQ_C,4,,1158
IR_NAT_BEQ_C,4,,1159
IR_NAT_BEQ_C,4,,1163
IR_NAT_BEQ_C,4,,1164
IR_NAT_BEQ_C,4,,1165
IR_NAT_BEQ_C,4,,1168
IR_NAT_BEQ_C,4,,1170
IR_NAT_BEQ_C,4,,1172
IR_NAT_BEQ_C,4,,1174
IR_NAT_BEQ_C,4,,1175
IR_NAT_BEQ_C,4,,1191
IR_NAT_BEQ_C,4,,1192
IR_NAT_BEQ_C,4,,1193
IR_NAT_BEQ_C,4,,1194
IR_NAT_BEQ_C,4,,1209
IR_NAT_BEQ_C,4,,1210
IR_NAT_BEQ_C,4,,1211
IR_NAT_BEQ_C,4,,1212
IR_NAT_BEQ_C,4,,1213
IR_NAT_BEQ_C,4,,1214
IR_NAT_BEQ_C,4,,1215
IR_NAT_BEQ_C,4,,1216
IR_NAT_BEQ_C,4,,1221
IR_NAT_BEQ_C,4,,1222
IR_NAT_BEQ_C,4,,1224
IR_NAT_BEQ_C,4,,1226
IR_NAT_BEQ_C,4,,1227
IR_NAT_BEQ_C,4,,1228
IR_NAT_BEQ_C,4,,1311
IR_NAT_BEQ_C,4,,1312
IR_NAT_BEQ_C,4,,1313
IR_NAT_BEQ_C,4,,1316
IR_NAT_BEQ_C,4,,1318
IR_NAT_BEQ_C,4,,1321
IR_NAT_BEQ_C,4,,1322
IR_NAT_BEQ_C,4,,1323
IR_NAT_BEQ_C,4,,1324
IR_NAT_BEQ_C,4,,1331
IR_NAT_BEQ_C,4,,1335
IR_NAT_BEQ_C,4,,1336
IR_NAT_BEQ_C,4,,1341
IR_NAT_BEQ_C,4,,1342
IR_NAT_BEQ_C,4,,1351
IR_NAT_BEQ_C,4,,1352
IR_NAT_BEQ_C,4,,1361
IR_NAT_BEQ_C,4,,1401
IR_NAT_BEQ_C,4,,1402
IR_NAT_BEQ_C,4,,1403
IR_NAT_BEQ_C,4,,1411
IR_NAT_BEQ_C,4,,1421
IR_NAT_BEQ_C,4,,1422
IR_NAT_BEQ_C,4,,1423
IR_NAT_BEQ_C,4,,1424
IR_NAT_BEQ_C,4,,1425
IR_NAT_BEQ_C,4,,1426
IR_NAT_BEQ_C,4,,1427
IR_NAT_BEQ_C,4,,1431
IR_NAT_BEQ_C,4,,1432
IR_NAT_BEQ_C,4,,1433
IR_NAT_BEQ_C,4,,1434
IR_NAT_BEQ_C,4,,1435
IR_NAT_BEQ_C,4,,1436
IR_NAT_BEQ_C,4,,1437
IR_NAT_BEQ_C,4,,1451
IR_NAT_BEQ_C,4,,1452
IR_NAT_BEQ_C,4,,1453
IR_NAT_BEQ_C,4,,1462
IR_NAT_BEQ_C,4,,1465
IR_NAT_BEQ_C,4,,1470
IR_NAT_BEQ_C,4,,1471
IR_NAT_BEQ_C,4,,1472
IR_NAT_BEQ_C,4,,1473
IR_NAT_BEQ_C,4,,1474
IR_NAT_BEQ_C,4,,1475
IR_NAT_BEQ_C,4,,1476
IR_NAT_BEQ_C,4,,1477
IR_NAT_BEQ_C,4,,1521
IR_NAT_BEQ_C,4,,1522
IR_NAT_BEQ_C,4,,1608
IR_NAT_BEQ_C,4,,1610
IR_NAT_BEQ_C,4,,1701
IR_NAT_BEQ_C,4,,1702
IR_NAT_BEQ_C,4,,1703
IR_NAT_BEQ_C,4,,1704
IR_NAT_BEQ_C,4,,1705
IR_NAT_BEQ_C,4,,1706
IR_NAT_BEQ_C,4,,1707
IR_NAT_BEQ_C,4,,1708
IR_NAT_BEQ_C,4,,1715
IR_NAT_BEQ_C,4,,1716
IR_NAT_BEQ_C,4,,1717
IR_NAT_BEQ_C,4,,1721
IR_NAT_BEQ_C,4,,1722
IR_NAT_BEQ_C,4,,1723
IR_NAT_BEQ_C,4,,1724
IR_NAT_BEQ_C,4,,1725
IR_NAT_BEQ_C,4,,1726
IR_NAT_BEQ_C,4,,1727
IR_NAT_BEQ_C,4,,1728
IR_NAT_BEQ_C,4,,1729
IR_NAT_BEQ_C,4,,1731
IR_NAT_BEQ_C,4,,1732
IR_NAT_BEQ_C,4,,1733
IR_NAT_BEQ_C,4,,1734
IR_NAT_BEQ_C,4,,1735
IR_NAT_BEQ_C,4,,1736
IR_NAT_BEQ_C,4,,1741
IR_NAT_BEQ_C,4,,1742
IR_NAT_BEQ_C,4,,1743
IR_NAT_BEQ_C,4,,1744
IR_NAT_BEQ_C,4,,1745
IR_NAT_BEQ_C,4,,1746
IR_NAT_BEQ_C,4,,1747
IR_NAT_BEQ_C,4,,1748
IR_NAT_BEQ_C,4,,1749
IR_NAT_BEQ_C,4,,1751
IR_NAT_BEQ_C,4,,1761
IR_NAT_BEQ_C,4,,1762
IR_NAT_BEQ_C,4,,1763
IR_NAT_BEQ_C,4,,1764
IR_NAT_BEQ_C,4,,1765
IR_NAT_BEQ_C,4,,1766
IR_NAT_BEQ_C,4,,1767
IR_NAT_BEQ_C,4,,1768
IR_NAT_BEQ_C,4,,1769
IR_NAT_BEQ_C,4,,1771
IR_NAT_BEQ_C,4,,1781
IR_NAT_BEQ_C,4,,1782
IR_NAT_BEQ_C,4,,1783
IR_NAT_BEQ_C,4,,1784
IR_NAT_BEQ_C,4,,1785
IR_NAT_BEQ_C,4,,1786
IR_NAT_BEQ_C,4,,1787
IR_NAT_BEQ_C,4,,1788
IR_NAT_BEQ_C,4,,1789
IR_NAT_BEQ_C,4,,1791
IR_NAT_BEQ_C,4,,1811
IR_NAT_BEQ_C,4,,1812
IR_NAT_BEQ_C,4,,1813
IR_NAT_BEQ_C,4,,1821
IR_NAT_BEQ_C,4,,1841
IR_NAT_BEQ_C,4,,1842
IR_NAT_BEQ_C,4,,1843
IR_NAT_BEQ_C,4,,1844
IR_NAT_BEQ_C,4,,1845
IR_NAT_BEQ_C,4,,1846
IR_NAT_BEQ_C,4,,1847
IR_NAT_BEQ_C,4,,1903
IR_NAT_BEQ_C,4,,1904
IR_NAT_BEQ_C,4,,1905
IR_NAT_BEQ_C,4,,1906
IR_NAT_BEQ_C,4,,1907
IR_NAT_BEQ_C,4,,1908
IR_NAT_BEQ_C,4,,1909
IR_NAT_BEQ_C,4,,1910
IR_NAT_BEQ_C,4,,1911
IR_NAT_BEQ_C,4,,1912
IR_NAT_BEQ_C,4,,1913
IR_NAT_BEQ_C,4,,1914
IR_NAT_BEQ_C,4,,1915
IR_NAT_BEQ_C,4,,1918
IR_NAT_BEQ_C,4,,1919
IR_NAT_BEQ_C,4,,1921
IR_NAT_BEQ_C,4,,1922
IR_NAT_BEQ_C,4,,1923
IR_NAT_BEQ_C,4,,1926
IR_NAT_BEQ_C,4,,1931
IR_NAT_BEQ_C,4,,1932
IR_NAT_BEQ_C,4,,1933
IR_NAT_BEQ_C,4,,1934
IR_NAT_BEQ_C,4,,1935
IR_NAT_BEQ_C,4,,1936
IR_NAT_BEQ_C,4,,1937
IR_NAT_BEQ_C,4,,1938
IR_NAT_BEQ_C,4,,1939
IR_NAT_BEQ_C,4,,1940
IR_NAT_BEQ_C,4,,1941
IR_NAT_BEQ_C,4,,1942
IR_NAT_BEQ_C,4,,1943
IR_NAT_BEQ_C,4,,1944
IR_NAT_BEQ_C,4,,1945
IR_NAT_BEQ_C,4,,1951
IR_NAT_BEQ_C,4,,1952
IR_NAT_BEQ_C,4,,1954
IR_NAT_BEQ_C,4,,1955
IR_NAT_BEQ_C,4,,1956
IR_NAT_BEQ_C,4,,1957
IR_NAT_BEQ_C,4,,1971
IR_NAT_BEQ_C,4,,1972
IR_NAT_BEQ_C,4,,1973
IR_NAT_BEQ_C,4,,1974
IR_NAT_BEQ_C,4,,1975
IR_NAT_BEQ_C,4,,1976
IR_NAT_BEQ_C,4,,1977
IR_NAT_BEQ_C,4,,1978
IR_NAT_BEQ_C,4,,1981
IR_NAT_BEQ_C,4,,1990
IR_NAT_BEQ_C,4,,1998
IR_NAT_BEQ_C,4,,1999
IR_NAT_BEQ_C,4,,2106
IR_NAT_BEQ_C,4,,2107
IR_NAT_BEQ_C,4,,2108
IR_NAT_BEQ_C,4,,2109
IR_NAT_BEQ_C,4,,2111
IR_NAT_BEQ_C,4,,2112
IR_NAT_BEQ_C,4,,2113
IR_NAT_BEQ_C,4,,2114
IR_NAT_BEQ_C,4,,2115
IR_NAT_BEQ_C,4,,2116
IR_NAT_BEQ_C,4,,2117
IR_NAT_BEQ_C,4,,2118
IR_NAT_BEQ_C,4,,2119
IR_NAT_BEQ_C,4,,2129
IR_NAT_BEQ_C,4,,2131
IR_NAT_BEQ_C,4,,2132
IR_NAT_BEQ_C,4,,2133
IR_NAT_BEQ_C,4,,2134
IR_NAT_BEQ_C,4,,2135
IR_NAT_BEQ_C,4,,2136
IR_NAT_BEQ_C,4,,2137
IR_NAT_BEQ_C,4,,2138
IR_NAT_BEQ_C,4,,2139
IR_NAT_BEQ_C,4,,2140
IR_NAT_BEQ_C,4,,2141
IR_NAT_BEQ_C,4,,2142
IR_NAT_BEQ_C,4,,2143
IR_NAT_BEQ_C,4,,2144
IR_NAT_BEQ_C,4,,2145
IR_NAT_BEQ_C,4,,2146
IR_NAT_BEQ_C,4,,2147
IR_NAT_BEQ_C,4,,2150
IR_NAT_BEQ_C,4,,2151
IR_NAT_BEQ_C,4,,2152
IR_NAT_BEQ_C,4,,2153
IR_NAT_BEQ_C,4,,2154
IR_NAT_BEQ_C,4,,2155
IR_NAT_BEQ_C,4,,2156
IR_NAT_BEQ_C,4,,2157
IR_NAT_BEQ_C,4,,2158
IR_NAT_BEQ_C,4,,2159
IR_NAT_BEQ_C,4,,2160
IR_NAT_BEQ_C,4,,2161
IR_NAT_BEQ_C,4,,2163
IR_NAT_BEQ_C,4,,2164
IR_NAT_BEQ_C,4,,2165
IR_NAT_BEQ_C,4,,2166
IR_NAT_BEQ_C,4,,2167
IR_NAT_BEQ_C,4,,2168
IR_NAT_BEQ_C,4,,2181
IR_NAT_BEQ_C,4,,2182
IR_NAT_BEQ_C,4,,2183
IR_NAT_BEQ_C,4,,2184
IR_NAT_BEQ_C,4,,2185
IR_NAT_BEQ_C,4,,2186
IR_NAT_BEQ_C,4,,2187
IR_NAT_BEQ_C,4,,2188
IR_NAT_BEQ_C,4,,2189
IR_NAT_BEQ_C,4,,2190
IR_NAT_BEQ_C,4,,2191
IR_NAT_BEQ_C,4,,2195
IR_NAT_BEQ_C,4,,2196
IR_NAT_BEQ_C,4,,2201
IR_NAT_BEQ_C,4,,2202
IR_NAT_BEQ_C,4,,2203
IR_NAT_BEQ_C,4,,2204
IR_NAT_BEQ_C,4,,2205
IR_NAT_BEQ_C,4,,2206
IR_NAT_BEQ_C,4,,2211
IR_NAT_BEQ_C,4,,2212
IR_NAT_BEQ_C,4,,2213
IR_NAT_BEQ_C,4,,2221
IR_NAT_BEQ_C,4,,2222
IR_NAT_BEQ_C,4,,2229
IR_NAT_BEQ_C,4,,2230
IR_NAT_BEQ_C,4,,2231
IR_NAT_BEQ_C,4,,2232
IR_NAT_BEQ_C,4,,2234
IR_NAT_BEQ_C,4,,2235
IR_NAT_BEQ_C,4,,2236
IR_NAT_BEQ_C,4,,2237
IR_NAT_BEQ_C,4,,2238
IR_NAT_BEQ_C,4,,2239
IR_NAT_BEQ_C,4,,2240
IR_NAT_BEQ_C,4,,2241
IR_NAT_BEQ_C,4,,2242
IR_NAT_BEQ_C,4,,2243
IR_NAT_BEQ_C,4,,2244
IR_NAT_BEQ_C,4,,2245
IR_NAT_BEQ_C,4,,2246
IR_NAT_BEQ_C,4,,2247
IR_NAT_BEQ_C,4,,2248
IR_NAT_BEQ_C,4,,2249
IR_NAT_BEQ_C,4,,2250
IR_NAT_BEQ_C,4,,2251
IR_NAT_BEQ_C,4,,2252
IR_NAT_BEQ_C,4,,2257
IR_NAT_BEQ_C,4,,2258
IR_NAT_BEQ_C,4,,2259
IR_NAT_BEQ_C,4,,2260
IR_NAT_BEQ_C,4,,2261
IR_NAT_BEQ_C,4,,2262
IR_NAT_BEQ_C,4,,2263
IR_NAT_BEQ_C,4,,2264
IR_NAT_BEQ_C,4,,2265
IR_NAT_BEQ_C,4,,2271
IR_NAT_BEQ_C,4,,2272
IR_NAT_BEQ_C,4,,2273
IR_NAT_BEQ_C,4,,2274
IR_NAT_BEQ_C,4,,2275
IR_NAT_BEQ_C,4,,2283
IR_NAT_BEQ_C,4,,2284
IR_NAT_BEQ_C,4,,2285
IR_NAT_BEQ_C,4,,2315
IR_NAT_BEQ_C,4,,2321
IR_NAT_BEQ_C,4,,2331
IR_NAT_BEQ_C,4,,2332
IR_NAT_BEQ_C,4,,2333
IR_NAT_BEQ_C,4,,2334
IR_NAT_BEQ_C,4,,2335
IR_NAT_BEQ_C,4,,2336
IR_NAT_BEQ_C,4,,2337
IR_NAT_BEQ_C,4,,2338
IR_NAT_BEQ_C,4,,2339
IR_NAT_BEQ_C,4,,2341
IR_NAT_BEQ_C,4,,2342
IR_NAT_BEQ_C,4,,2343
IR_NAT_BEQ_C,4,,2344
IR_NAT_BEQ_C,4,,2345
IR_NAT_BEQ_C,4,,2346
IR_NAT_BEQ_C,4,,2347
IR_NAT_BEQ_C,4,,2351
IR_NAT_BEQ_C,4,,2352
IR_NAT_BEQ_C,4,,2353
IR_NAT_BEQ_C,4,,2354
IR_NAT_BEQ_C,4,,2355
IR_NAT_BEQ_C,4,,2356
IR_NAT_BEQ_C,4,,2357
IR_NAT_BEQ_C,4,,2358
IR_NAT_BEQ_C,4,,2359
IR_NAT_BEQ_C,4,,2360
IR_NAT_BEQ_C,4,,2361
IR_NAT_BEQ_C,4,,2362
IR_NAT_BEQ_C,4,,2363
IR_NAT_BEQ_C,4,,2364
IR_NAT_BEQ_C,4,,2365
IR_NAT_BEQ_C,4,,2366
IR_NAT_BEQ_C,4,,2367
IR_NAT_BEQ_C,4,,2368
IR_NAT_BEQ_C,4,,2369
IR_NAT_BEQ_C,4,,2371
IR_NAT_BEQ_C,4,,2372
IR_NAT_BEQ_C,4,,2373
IR_NAT_BEQ_C,4,,2380
IR_NAT_BEQ_C,4,,2381
IR_NAT_BEQ_C,4,,2382
IR_NAT_BEQ_C,4,,2383
IR_NAT_BEQ_C,4,,2384
IR_NAT_BEQ_C,4,,2385
IR_NAT_BEQ_C,4,,2386
IR_NAT_BEQ_C,4,,2387
IR_NAT_BEQ_C,4,,2388
IR_NAT_BEQ_C,4,,2389
IR_NAT_BEQ_C,4,,2391
IR_NAT_BEQ_C,4,,2392
IR_NAT_BEQ_C,4,,2411
IR_NAT_BEQ_C,4,,2412
IR_NAT_BEQ_C,4,,2413
IR_NAT_BEQ_C,4,,2414
IR_NAT_BEQ_C,4,,2415
IR_NAT_BEQ_C,4,,2416
IR_NAT_BEQ_C,4,,2417
IR_NAT_BEQ_C,4,,2418
IR_NAT_BEQ_C,4,,2419
IR_NAT_BEQ_C,4,,2420
IR_NAT_BEQ_C,4,,2421
IR_NAT_BEQ_C,4,,2422
IR_NAT_BEQ_C,4,,2423
IR_NAT_BEQ_C,4,,2424
IR_NAT_BEQ_C,4,,2425
IR_NAT_BEQ_C,4,,2426
IR_NAT_BEQ_C,4,,4411
IR_NAT_BEQ_C,4,,4412
IR_NAT_BEQ_C,4,,4413
IR_NAT_BEQ_C,4,,4414
IR_NAT_BEQ_C,4,,4415
IR_NAT_BEQ_C,4,,4416
IR_NAT_BEQ_C,4,,4417
IR_NAT_BEQ_C,4,,4419
IR_NAT_BEQ_C,4,,4501
IR_NAT_BEQ_C,4,,4511
IR_NAT_BEQ_C,4,,4611
IR_NAT_BEQ_C,4,,4612
IR_NAT_BEQ_C,4,,5101
IR_NAT_BEQ_C,4,,5102
IR_NAT_BEQ_C,4,,5103
IR_NAT_BEQ_C,4,,5104
IR_NAT_BEQ_C,4,,5105
IR_NAT_BEQ_C,4,,5106
IR_NAT_BEQ_C,4,,5107
IR_NAT_BEQ_C,4,,5108
IR_NAT_BEQ_C,4,,5109
IR_NAT_BEQ_C,4,,5110
IR_NAT_BEQ_C,4,,5111
IR_NAT_BEQ_C,4,,5112
IR_NAT_BEQ_C,4,,5113
IR_NAT_BEQ_C,4,,5114
IR_NAT_BEQ_C,4,,5115
IR_NAT_BEQ_C,4,,5116
IR_NAT_BEQ_C,4,,5117
IR_NAT_BEQ_C,4,,5118
IR_NAT_BEQ_C,4,,5119
IR_NAT_BEQ_C,4,,5120
IR_NAT_BEQ_C,4,,5201
IR_NAT_BEQ_C,4,,5202
IR_NAT_BEQ_C,4,,5203
IR_NAT_BEQ_C,4,,5204
IR_NAT_BEQ_C,4,,5205
IR_NAT_BEQ_C,4,,5206
IR_NAT_BEQ_C,4,,5400
IR_NAT_BEQ_C,4,,5401
IR_NAT_BEQ_C,4,,6234
IR_NAT_BEQ_C,4,,6251
IR_NAT_BEQ_C,4,,6252
IR_NAT_BEQ_C,4,,6253
IR_NAT_BEQ_C,4,,6254
IR_NAT_BEQ_C,4,,6257
IR_NAT_BEQ_C,4,,6258
IR_NAT_BEQ_C,4,,6261
IR_NAT_BEQ_C,4,,6262
IR_NAT_BEQ_C,4,,7113
IR_NAT_BEQ_C,4,,7119
IR_NAT_BEQ_C,4,,8111
IR_NAT_BEQ_C,4,,8112
IR_NAT_BEQ_C,4,,8113
IR_NAT_BEQ_C,4,,8114
IR_NAT_BEQ_C,4,,8115
IR_NAT_BEQ_C,4,,8116
IR_NAT_BEQ_C,4,,8117
IR_NAT_BEQ_C,4,,8118
IR_NAT_BEQ_C,4,,8119
IR_NAT_BEQ_C,4,,8120
IR_NAT_BEQ_C,4,,8222
IR_NAT_BEQ_C,4,,8223
IR_NAT_BEQ_C,4,,8224
IR_NAT_BEQ_C,4,,9111
IR_NAT_BEQ_C,4,,9112
IR_NAT_BEQ_C,4,,9113
IR_NAT_BEQ_C,4,,9114
IR_NAT_BEQ_C,4,,9118
IR_NAT_BEQ_C,4,,9119
IR_NAT_BEQ_C,4,,9122
IR_NAT_BEQ_C,4,,9123
IR_NAT_BEQ_C,4,,9131
IR_NAT_BEQ_C,4,,9132
IR_NAT_BEQ_C,4,,9133
IR_NAT_BEQ_C,4,,9134
IR_NAT_BEQ_C,4,,9141
IR_NAT_BEQ_C,4,,9142
IR_NAT_BEQ_C,4,,9143
IR_NAT_BEQ_C,4,,9144
IR_NAT_BEQ_C,4,,9151
IR_NAT_BEQ_C,4,,9152
IR_NAT_BEQ_C,4,,9161
IR_NAT_BEQ_C,4,,9162
IR_NAT_BEQ_C,4,,9163
IR_NAT_BEQ_C,4,,9164
IR_NAT_BEQ_C,4,,9165
IR_NAT_BEQ_C,4,,9166
IR_NAT_BEQ_C,4,,9167
IR_NAT_BEQ_C,4,,9168
IR_NAT_BEQ_C,4,,9169
IR_NAT_BEQ_C,4,,9170
IR_NAT_BEQ_C,4,,9191
IR_NAT_BEQ_C,4,,9201
IR_NAT_BEQ_C,4,,9202
IR_NAT_BEQ_C,4,,9203
IR_NAT_BEQ_C,4,,9211
IR_NAT_BEQ_C,4,,9221
IR_NAT_BEQ_C,4,,9311
IR_NAT_BEQ_C,4,,9313
IR_NAT_BEQ_C,4,,9411
IR_NAT_BEQ_C,4,,9421
IR_NAT_BEQ_C,4,,9422
IR_NAT_BEQ_C,4,,9423
IR_NAT_BEQ_C,4,,9429
IR_NAT_BEQ_C,4,,9430
IR_NAT_BEQ_C,4,,9432
IR_NAT_BEQ_C,4,,9433
IR_NAT_BEQ_C,4,,9434
IR_NAT_BEQ_C,4,,9511
IR_NAT_BEQ_C,4,,9512
IR_NAT_BEQ_C,4,,9521
IR_NAT_BEQ_C,4,,9522
IR_NAT_BEQ_C,4,,9523
IR_NAT_BEQ_C,4,,9524
IR_NAT_BEQ_C,4,,9525
IR_NAT_BEQ_C,4,,9526
IR_NAT_BEQ_C,4,,9527
IR_NAT_BEQ_C,4,,9529
IR_NAT_BEQ_C,4,,9530
IR_NAT_BEQ_C,4,,9531
IR_NAT_BEQ_C,4,,9532
IR_NAT_BEQ_C,4,,9533
IR_NAT_BEQ_C,4,,9534
IR_NAT_BEQ_C,4,,9535
IR_NAT_BEQ_C,4,,9536
IR_NAT_BEQ_C,4,,9537
IR_NAT_BEQ_C,4,,9538
IR_NAT_BEQ_C,4,,9539
IR_NAT_BEQ_C,4,,9540
IR_NAT_BEQ_C,4,,9541
IR_NAT_BEQ_C,4,,9542
IR_NAT_BEQ_C,4,,9543
IR_NAT_BEQ_C,4,,9544
IR_NAT_BEQ_C,4,,9545
IR_NAT_BEQ_C,4,,9546
IR_NAT_BEQ_C,4,,9547
IR_NAT_BEQ_C,4,,9548
IR_NAT_BEQ_C,4,,9549
IR_NAT_BEQ_C,4,,9550
IR_NAT_BEQ_C,4,,9551
IR_NAT_BEQ_C,4,,9552
IR_NAT_BEQ_C,4,,9553
IR_NAT_BEQ_C,4,,9554
IR_NAT_BEQ_C,4,,9555
IR_NAT_BEQ_C,4,,9556
IR_NAT_BEQ_C,4,,9557
IR_NAT_BEQ_C,4,,9558
IR_NAT_BEQ_C,4,,9559
IR_NAT_BEQ_C,4,,9560
IR_NAT_BEQ_C,4,,9561
IR_NAT_BEQ_C,4,,9562
IR_NAT_BEQ_C,4,,9563
IR_NAT_BEQ_C,4,,9564
IR_NAT_BEQ_C,4,,9565
IR_NAT_BEQ_C,4,,9566
IR_NAT_BEQ_C,4,,9569
IR_NAT_BEQ_C,4,,9570
IR_NAT_BEQ_C,4,,9701
IR_NAT_BEQ_C,4,,9702
IR_NAT_BEQ_C,4,,9703
IR_NAT_BEQ_C,4,,9704
IR_NAT_BEQ_C,4,,9705
IR_NAT_BEQ_C,4,,9706
IR_NAT_BEQ_C,4,,9707
IR_NAT_BEQ_C,4,,9708
IR_NAT_BEQ_C,4,,9709
IR_NAT_BEQ_C,4,,9710
IR_NAT_BEQ_C,4,,9711
IR_NAT_BEQ_C,4,,9713
IR_NAT_BEQ_C,4,,9714
IR_NAT_BEQ_C,4,,9715
IR_NAT_BEQ_C,4,,9716
IR_NAT_BEQ_C,4,,9717
IR_NAT_BEQ_C,4,,9719
IR_NAT_BEQ_C,4,,9721
IR_NAT_BEQ_C,4,,9722
IR_NAT_BEQ_C,4,,9726
IR_NAT_BEQ_C,4,,9727
IR_NAT_BEQ_C,4,,9731
IR_NAT_BEQ_C,4,,9732
IR_NAT_BEQ_C,4,,9741
IR_NAT_BEQ_C,4,,9742
IR_NAT_BEQ_C,4,,9743
IR_NAT_BEQ_C,4,,9744
IR_NAT_BEQ_C,4,,9751
IR_NAT_BEQ_C,4,,9752
IR_NAT_BEQ_C,4,,9761
IR_NAT_BEQ_C,4,,9762
IR_NAT_BEQ_C,4,,9763
IR_NAT_BEQ_C,4,,9764
IR_NAT_BEQ_C,4,,9765
IR_NAT_BEQ_C,4,,9766
IR_NAT_BEQ_C,4,,9767
IR_NAT_BEQ_C,4,,9768
IR_NAT_BEQ_C,4,,9769
IR_NAT_BEQ_C,4,,9771
IR_NAT_BEQ_C,4,,9772
IR_NAT_BEQ_C,4,,9773
IR_NAT_BEQ_C,4,,9774
IR_NAT_BEQ_C,4,,9775
IR_NAT_BEQ_C,4,,9776
IR_NAT_BEQ_C,4,,9777
IR_NAT_BEQ_C,4,,9778
IR_NAT_BEQ_C,4,,9801
IR_NAT_BEQ_C,4,,9802
IR_NAT_BEQ_C,4,,9803
IR_NAT_BEQ_C,4,,9804
IR_NAT_BEQ_C,4,,9805
IR_NAT_BEQ_C,4,,9806
IR_NAT_BEQ_C,4,,9807
IR_NAT_BEQ_C,4,,9808
IR_NAT_BEQ_C,4,,9809
IR_NAT_BEQ_C,4,,9810
IR_NAT_BEQ_C,4,,9811
IR_NAT_BEQ_C,4,,9812
IR_NAT_BEQ_C,4,,9813
IR_NAT_BEQ_C,4,,9814
IR_NAT_BEQ_C,4,,9815
IR_NAT_BEQ_C,4,,9816
IR_NAT_BEQ_C,4,,9817
IR_NAT_BEQ_C,4,,9818
IR_NAT_BEQ_C,4,,9819
IR_NAT_BEQ_C,4,,9820
IR_NAT_BEQ_C,4,,9821
IR_NAT_BEQ_C,4,,9822
IR_NAT_BEQ_C,4,,9823
IR_NAT_BEQ_C,4,,9824
IR_NAT_BEQ_C,4,,9825
IR_NAT_BEQ_C,4,,9826
IR_NAT_BEQ_C,4,,9827
IR_NAT_BEQ_C,4,,9828
IR_NAT_BEQ_C,4,,9829
IR_NAT_BEQ_C,4,,9830
IR_NAT_BEQ_C,4,,9831
IR_NAT_BEQ_C,4,,9832
IR_NAT_BEQ_C,4,,9833
IR_NAT_BEQ_C,4,,9834
IR_NAT_BEQ_C,4,,9835
IR_NAT_BEQ_C,4,,9836
IR_NAT_BEQ_C,4,,9837
IR_NAT_BEQ_C,4,,9838
IR_NAT_BEQ_C,4,,9839
IR_NAT_BEQ_C,4,,9840
IR_NAT_BEQ_C,4,,9841
IR_NAT_BEQ_C,4,,9842
IR_NAT_BEQ_C,4,,9843
IR_NAT_BEQ_C,4,,9844
IR_NAT_BEQ_C,4,,9845
IR_NAT_BEQ_C,4,,9846
IR_NAT_BEQ_C,4,,9847
IR_NAT_BEQ_C,4,,9848
IR_NAT_BEQ_C,4,,9849
IR_NAT_BEQ_C,4,,9850
IR_NAT_BEQ_C,4,,9851
IR_NAT_BEQ_C,4,,9852
IR_NAT_BEQ_C,4,,9853
IR_NAT_BEQ_C,4,,9854
IR_NAT_BEQ_C,4,,9855
IR_NAT_BEQ_C,4,,9856
IR_NAT_BEQ_C,4,,9857
IR_NAT_BEQ_C,4,,9858
IR_NAT_BEQ_C,4,,9859
IR_NAT_BEQ_C,4,,9860
IR_NAT_BEQ_C,4,,9861
IR_NAT_BEQ_C,4,,9862
IR_NAT_BEQ_C,4,,9863
IR_NAT_BEQ_C,4,,9864
IR_NAT_BEQ_C,4,,9865
IR_NAT_BEQ_C,4,,9866
IR_NAT_BEQ_C,4,,9867
IR_NAT_BEQ_C,4,,9868
IR_NAT_BEQ_C,4,,9869
IR_NAT_BEQ_C,4,,9870
IR_NAT_BEQ_C,4,,9871
IR_NAT_BEQ_C,4,,9872
IR_NAT_BEQ_C,4,,9873
IR_NAT_BEQ_C,4,,9874
IR_NAT_BEQ_C,4,,9875
IR_NAT_BEQ_C,4,,9876
IR_NAT_BEQ_C,4,,9877
IR_NAT_BEQ_C,4,,9878
IR_NAT_BEQ_C,4,,9879
IR_NAT_BEQ_C,4,,9880
IR_NAT_BEQ_C,4,,9881
IR_NAT_BEQ_C,4,,9882
IR_NAT_BEQ_C,4,,9883
IR_NAT_BEQ_C,4,,9884
IR_NAT_BEQ_C,4,,9885
IR_NAT_BEQ_C,4,,9886
IR_NAT_BEQ_C,4,,9887
IR_NAT_BEQ_C,4,,9888
IR_NAT_BEQ_C,4,,9889
IR_NAT_BEQ_C,4,,9890
IR_NAT_BEQ_C,4,,9891
IR_NAT_BEQ_C,4,,9892
IR_NAT_BEQ_C,4,,9893
IR_NAT_BEQ_C,4,,9894
IR_NAT_BEQ_C,4,,9895
IR_NAT_BEQ_C,4,,9896
IR_NAT_BEQ_C,4,,9897
IR_NAT_BEQ_C,4,,9898
IR_NAT_BEQ_C,4,,9899
IR_NAT_BEQ_C,4,,9901
IR_NAT_BEQ_C,4,,9902
IR_NAT_BEQ_C,4,,9911
IR_NAT_BEQ_C,4,,9912
IR_NAT_BEQ_C,1,,1736
IR_NAT_BEQ_C,1,,1741
IR_NAT_BEQ_C,1,,1742
IR_NAT_BEQ_C,1,,1743
IR_NAT_BEQ_C,1,,1744
IR_NAT_BEQ_C,1,,1745
IR_NAT_BEQ_C,1,,1746
IR_NAT_BEQ_C,1,,1747
IR_NAT_BEQ_C,1,,1748
IR_NAT_BEQ_C,1,,1749
IR_NAT_BEQ_C,1,,1751
IR_NAT_BEQ_C,1,,1761
IR_NAT_BEQ_C,1,,1762
IR_NAT_BEQ_C,1,,1763
IR_NAT_BEQ_C,1,,1764
IR_NAT_BEQ_C,1,,1765
IR_NAT_BEQ_C,1,,1766
IR_NAT_BEQ_C,1,,1767
IR_NAT_BEQ_C,1,,1768
IR_NAT_BEQ_C,1,,1769
IR_NAT_BEQ_C,1,,1771
IR_NAT_BEQ_C,1,,1781
IR_NAT_BEQ_C,1,,1782
IR_NAT_BEQ_C,1,,1783
IR_NAT_BEQ_C,1,,1784
IR_NAT_BEQ_C,1,,1785
IR_NAT_BEQ_C,1,,1786
IR_NAT_BEQ_C,1,,1787
IR_NAT_BEQ_C,1,,1788
IR_NAT_BEQ_C,1,,1789
IR_NAT_BEQ_C,1,,1791
IR_NAT_BEQ_C,1,,1811
IR_NAT_BEQ_C,1,,1812
IR_NAT_BEQ_C,1,,1813
IR_NAT_BEQ_C,1,,1814
IR_NAT_BEQ_C,1,,1821
IR_NAT_BEQ_C,1,,1841
IR_NAT_BEQ_C,1,,1842
IR_NAT_BEQ_C,1,,1843
IR_NAT_BEQ_C,1,,1844
IR_NAT_BEQ_C,1,,1845
IR_NAT_BEQ_C,1,,1846
IR_NAT_BEQ_C,1,,1847
IR_NAT_BEQ_C,1,,1903
IR_NAT_BEQ_C,1,,1904
IR_NAT_BEQ_C,1,,1905
IR_NAT_BEQ_C,1,,1906
IR_NAT_BEQ_C,1,,1907
IR_NAT_BEQ_C,1,,1908
IR_NAT_BEQ_C,1,,1909
IR_NAT_BEQ_C,1,,1910
IR_NAT_BEQ_C,1,,1911
IR_NAT_BEQ_C,1,,1912
IR_NAT_BEQ_C,1,,1913
IR_NAT_BEQ_C,1,,1914
IR_NAT_BEQ_C,1,,1915
IR_NAT_BEQ_C,1,,1916
IR_NAT_BEQ_C,1,,1917
IR_NAT_BEQ_C,1,,1918
IR_NAT_BEQ_C,1,,1919
IR_NAT_BEQ_C,1,,1920
IR_NAT_BEQ_C,1,,1921
IR_NAT_BEQ_C,1,,1922
IR_NAT_BEQ_C,1,,1923
IR_NAT_BEQ_C,1,,1924
IR_NAT_BEQ_C,1,,1925
IR_NAT_BEQ_C,1,,1926
IR_NAT_BEQ_C,1,,1931
IR_NAT_BEQ_C,1,,1932
IR_NAT_BEQ_C,1,,1933
IR_NAT_BEQ_C,1,,1934
IR_NAT_BEQ_C,1,,1935
IR_NAT_BEQ_C,1,,1936
IR_NAT_BEQ_C,1,,1937
IR_NAT_BEQ_C,1,,1938
IR_NAT_BEQ_C,1,,1939
IR_NAT_BEQ_C,1,,1940
IR_NAT_BEQ_C,1,,1941
IR_NAT_BEQ_C,1,,1942
IR_NAT_BEQ_C,1,,1943
IR_NAT_BEQ_C,1,,1944
IR_NAT_BEQ_C,1,,1945
IR_NAT_BEQ_C,1,,1951
IR_NAT_BEQ_C,1,,1952
IR_NAT_BEQ_C,1,,1954
IR_NAT_BEQ_C,1,,1955
IR_NAT_BEQ_C,1,,1956
IR_NAT_BEQ_C,1,,1957
IR_NAT_BEQ_C,1,,1960
IR_NAT_BEQ_C,1,,1961
IR_NAT_BEQ_C,1,,1971
IR_NAT_BEQ_C,1,,1972
IR_NAT_BEQ_C,1,,1973
IR_NAT_BEQ_C,1,,1974
IR_NAT_BEQ_C,1,,1975
IR_NAT_BEQ_C,1,,1976
IR_NAT_BEQ_C,1,,1977
IR_NAT_BEQ_C,1,,1978
IR_NAT_BEQ_C,1,,1981
IR_NAT_BEQ_C,1,,1990
IR_NAT_BEQ_C,1,,1991
IR_NAT_BEQ_C,1,,1992
IR_NAT_BEQ_C,1,,1993
IR_NAT_BEQ_C,1,,1994
IR_NAT_BEQ_C,1,,1995
IR_NAT_BEQ_C,1,,1996
IR_NAT_BEQ_C,1,,1997
IR_NAT_BEQ_C,1,,1998
IR_NAT_BEQ_C,1,,1999
IR_NAT_BEQ_C,1,,2106
IR_NAT_BEQ_C,1,,2107
IR_NAT_BEQ_C,1,,2108
IR_NAT_BEQ_C,1,,2109
IR_NAT_BEQ_C,1,,2111
IR_NAT_BEQ_C,1,,2112
IR_NAT_BEQ_C,1,,2113
IR_NAT_BEQ_C,1,,2114
IR_NAT_BEQ_C,1,,2115
IR_NAT_BEQ_C,1,,2116
IR_NAT_BEQ_C,1,,2117
IR_NAT_BEQ_C,1,,2118
IR_NAT_BEQ_C,1,,2119
IR_NAT_BEQ_C,1,,2120
IR_NAT_BEQ_C,1,,2129
IR_NAT_BEQ_C,1,,2131
IR_NAT_BEQ_C,1,,2132
IR_NAT_BEQ_C,1,,2133
IR_NAT_BEQ_C,1,,2134
IR_NAT_BEQ_C,1,,2135
IR_NAT_BEQ_C,1,,2136
IR_NAT_BEQ_C,1,,2137
IR_NAT_BEQ_C,1,,2138
IR_NAT_BEQ_C,1,,2139
IR_NAT_BEQ_C,1,,2140
IR_NAT_BEQ_C,1,,2141
IR_NAT_BEQ_C,1,,2142
IR_NAT_BEQ_C,1,,2143
IR_NAT_BEQ_C,1,,2144
IR_NAT_BEQ_C,1,,2145
IR_NAT_BEQ_C,1,,2146
IR_NAT_BEQ_C,1,,2147
IR_NAT_BEQ_C,1,,2150
IR_NAT_BEQ_C,1,,2151
IR_NAT_BEQ_C,1,,2152
IR_NAT_BEQ_C,1,,2153
IR_NAT_BEQ_C,1,,2154
IR_NAT_BEQ_C,1,,2155
IR_NAT_BEQ_C,1,,2156
IR_NAT_BEQ_C,1,,2157
IR_NAT_BEQ_C,1,,2158
IR_NAT_BEQ_C,1,,2159
IR_NAT_BEQ_C,1,,2160
IR_NAT_BEQ_C,1,,2161
IR_NAT_BEQ_C,1,,2162
IR_NAT_BEQ_C,1,,2163
IR_NAT_BEQ_C,1,,2164
IR_NAT_BEQ_C,1,,2165
IR_NAT_BEQ_C,1,,2166
IR_NAT_BEQ_C,1,,2167
IR_NAT_BEQ_C,1,,2168
IR_NAT_BEQ_C,1,,2170
IR_NAT_BEQ_C,1,,2171
IR_NAT_BEQ_C,1,,2172
IR_NAT_BEQ_C,1,,2173
IR_NAT_BEQ_C,1,,2174
IR_NAT_BEQ_C,1,,2175
IR_NAT_BEQ_C,1,,2176
IR_NAT_BEQ_C,1,,2177
IR_NAT_BEQ_C,1,,2178
IR_NAT_BEQ_C,1,,2181
IR_NAT_BEQ_C,1,,2182
IR_NAT_BEQ_C,1,,2183
IR_NAT_BEQ_C,1,,2184
IR_NAT_BEQ_C,1,,2185
IR_NAT_BEQ_C,1,,2186
IR_NAT_BEQ_C,1,,2187
IR_NAT_BEQ_C,1,,2188
IR_NAT_BEQ_C,1,,2189
IR_NAT_BEQ_C,1,,2190
IR_NAT_BEQ_C,1,,2191
IR_NAT_BEQ_C,1,,2195
IR_NAT_BEQ_C,1,,2196
IR_NAT_BEQ_C,1,,2201
IR_NAT_BEQ_C,1,,2202
IR_NAT_BEQ_C,1,,2203
IR_NAT_BEQ_C,1,,2204
IR_NAT_BEQ_C,1,,2205
IR_NAT_BEQ_C,1,,2206
IR_NAT_BEQ_C,1,,2211
IR_NAT_BEQ_C,1,,2212
IR_NAT_BEQ_C,1,,2213
IR_NAT_BEQ_C,1,,2214
IR_NAT_BEQ_C,1,,2215
IR_NAT_BEQ_C,1,,2221
IR_NAT_BEQ_C,1,,2222
IR_NAT_BEQ_C,1,,2229
IR_NAT_BEQ_C,1,,2230
IR_NAT_BEQ_C,1,,2231
IR_NAT_BEQ_C,1,,2232
IR_NAT_BEQ_C,1,,2234
IR_NAT_BEQ_C,1,,2235
IR_NAT_BEQ_C,1,,2236
IR_NAT_BEQ_C,1,,2237
IR_NAT_BEQ_C,1,,2238
IR_NAT_BEQ_C,1,,2239
IR_NAT_BEQ_C,1,,2240
IR_NAT_BEQ_C,1,,2241
IR_NAT_BEQ_C,1,,2242
IR_NAT_BEQ_C,1,,2243
IR_NAT_BEQ_C,1,,2244
IR_NAT_BEQ_C,1,,2245
IR_NAT_BEQ_C,1,,2246
IR_NAT_BEQ_C,1,,2247
IR_NAT_BEQ_C,1,,2248
IR_NAT_BEQ_C,1,,2249
IR_NAT_BEQ_C,1,,2250
IR_NAT_BEQ_C,1,,2251
IR_NAT_BEQ_C,1,,2252
IR_NAT_BEQ_C,1,,2257
IR_NAT_BEQ_C,1,,2258
IR_NAT_BEQ_C,1,,2259
IR_NAT_BEQ_C,1,,2260
IR_NAT_BEQ_C,1,,2261
IR_NAT_BEQ_C,1,,2262
IR_NAT_BEQ_C,1,,2263
IR_NAT_BEQ_C,1,,2264
IR_NAT_BEQ_C,1,,2265
IR_NAT_BEQ_C,1,,2271
IR_NAT_BEQ_C,1,,2272
IR_NAT_BEQ_C,1,,2273
IR_NAT_BEQ_C,1,,2274
IR_NAT_BEQ_C,1,,2275
IR_NAT_BEQ_C,1,,2283
IR_NAT_BEQ_C,1,,2284
IR_NAT_BEQ_C,1,,2285
IR_NAT_BEQ_C,1,,2315
IR_NAT_BEQ_C,1,,2321
IR_NAT_BEQ_C,1,,2331
IR_NAT_BEQ_C,1,,2332
IR_NAT_BEQ_C,1,,2333
IR_NAT_BEQ_C,1,,2334
IR_NAT_BEQ_C,1,,2335
IR_NAT_BEQ_C,1,,2336
IR_NAT_BEQ_C,1,,2337
IR_NAT_BEQ_C,1,,2338
IR_NAT_BEQ_C,1,,2339
IR_NAT_BEQ_C,1,,2341
IR_NAT_BEQ_C,1,,2342
IR_NAT_BEQ_C,1,,2343
IR_NAT_BEQ_C,1,,2344
IR_NAT_BEQ_C,1,,2345
IR_NAT_BEQ_C,1,,2346
IR_NAT_BEQ_C,1,,2347
IR_NAT_BEQ_C,1,,2351
IR_NAT_BEQ_C,1,,2352
IR_NAT_BEQ_C,1,,2353
IR_NAT_BEQ_C,1,,2354
IR_NAT_BEQ_C,1,,2355
IR_NAT_BEQ_C,1,,2356
IR_NAT_BEQ_C,1,,2357
IR_NAT_BEQ_C,1,,2358
IR_NAT_BEQ_C,1,,2359
IR_NAT_BEQ_C,1,,2360
IR_NAT_BEQ_C,1,,2361
IR_NAT_BEQ_C,1,,2362
IR_NAT_BEQ_C,1,,2363
IR_NAT_BEQ_C,1,,2364
IR_NAT_BEQ_C,1,,2365
IR_NAT_BEQ_C,1,,2366
IR_NAT_BEQ_C,1,,2367
IR_NAT_BEQ_C,1,,2368
IR_NAT_BEQ_C,1,,2369
IR_NAT_BEQ_C,1,,2371
IR_NAT_BEQ_C,1,,2372
IR_NAT_BEQ_C,1,,2373
IR_NAT_BEQ_C,1,,2380
IR_NAT_BEQ_C,1,,2381
IR_NAT_BEQ_C,1,,2382
IR_NAT_BEQ_C,1,,2383
IR_NAT_BEQ_C,1,,2384
IR_NAT_BEQ_C,1,,2385
IR_NAT_BEQ_C,1,,2386
IR_NAT_BEQ_C,1,,2387
IR_NAT_BEQ_C,1,,2388
IR_NAT_BEQ_C,1,,2389
IR_NAT_BEQ_C,1,,2391
IR_NAT_BEQ_C,1,,2392
IR_NAT_BEQ_C,1,,2411
IR_NAT_BEQ_C,1,,2412
IR_NAT_BEQ_C,1,,2413
IR_NAT_BEQ_C,1,,2414
IR_NAT_BEQ_C,1,,2415
IR_NAT_BEQ_C,1,,2416
IR_NAT_BEQ_C,1,,2417
IR_NAT_BEQ_C,1,,2418
IR_NAT_BEQ_C,1,,2419
IR_NAT_BEQ_C,1,,2420
IR_NAT_BEQ_C,1,,2421
IR_NAT_BEQ_C,1,,2422
IR_NAT_BEQ_C,1,,2423
IR_NAT_BEQ_C,1,,2424
IR_NAT_BEQ_C,1,,2425
IR_NAT_BEQ_C,1,,2426
IR_NAT_BEQ_C,1,,2428
IR_NAT_BEQ_C,1,,2501
IR_NAT_BEQ_C,1,,2502
IR_NAT_BEQ_C,1,,2503
IR_NAT_BEQ_C,1,,2504
IR_NAT_BEQ_C,1,,3110
IR_NAT_BEQ_C,1,,3111
IR_NAT_BEQ_C,1,,3112
IR_NAT_BEQ_C,1,,3113
IR_NAT_BEQ_C,1,,3115
IR_NAT_BEQ_C,1,,3116
IR_NAT_BEQ_C,1,,3117
IR_NAT_BEQ_C,1,,3118
IR_NAT_BEQ_C,1,,3119
IR_NAT_BEQ_C,1,,3121
IR_NAT_BEQ_C,1,,3122
IR_NAT_BEQ_C,1,,3125
IR_NAT_BEQ_C,1,,3126
IR_NAT_BEQ_C,1,,3127
IR_NAT_BEQ_C,1,,3128
IR_NAT_BEQ_C,1,,3131
IR_NAT_BEQ_C,1,,3132
IR_NAT_BEQ_C,1,,3133
IR_NAT_BEQ_C,1,,3134
IR_NAT_BEQ_C,1,,3135
IR_NAT_BEQ_C,1,,3139
IR_NAT_BEQ_C,1,,3211
IR_NAT_BEQ_C,1,,3213
IR_NAT_BEQ_C,1,,3216
IR_NAT_BEQ_C,1,,3221
IR_NAT_BEQ_C,1,,3222
IR_NAT_BEQ_C,1,,3223
IR_NAT_BEQ_C,1,,3225
IR_NAT_BEQ_C,1,,3300
IR_NAT_BEQ_C,1,,3301
IR_NAT_BEQ_C,1,,3302
IR_NAT_BEQ_C,1,,3303
IR_NAT_BEQ_C,1,,3304
IR_NAT_BEQ_C,1,,3305
IR_NAT_BEQ_C,1,,3306
IR_NAT_BEQ_C,1,,3307
IR_NAT_BEQ_C,1,,3311
IR_NAT_BEQ_C,1,,3312
IR_NAT_BEQ_C,1,,3313
IR_NAT_BEQ_C,1,,3314
IR_NAT_BEQ_C,1,,3315
IR_NAT_BEQ_C,1,,3316
IR_NAT_BEQ_C,1,,3317
IR_NAT_BEQ_C,1,,3318
IR_NAT_BEQ_C,1,,3319
IR_NAT_BEQ_C,1,,3320
IR_NAT_BEQ_C,1,,3321
IR_NAT_BEQ_C,1,,3322
IR_NAT_BEQ_C,1,,3323
IR_NAT_BEQ_C,1,,3324
IR_NAT_BEQ_C,1,,3325
IR_NAT_BEQ_C,1,,3326
IR_NAT_BEQ_C,1,,3327
IR_NAT_BEQ_C,1,,3328
IR_NAT_BEQ_C,1,,3329
IR_NAT_BEQ_C,1,,3330
IR_NAT_BEQ_C,1,,3331
IR_NAT_BEQ_C,1,,3332
IR_NAT_BEQ_C,1,,3334
IR_NAT_BEQ_C,1,,3335
IR_NAT_BEQ_C,1,,3336
IR_NAT_BEQ_C,1,,3337
IR_NAT_BEQ_C,1,,3338
IR_NAT_BEQ_C,1,,3339
IR_NAT_BEQ_C,1,,3340
IR_NAT_BEQ_C,1,,3341
IR_NAT_BEQ_C,1,,3342
IR_NAT_BEQ_C,1,,3343
IR_NAT_BEQ_C,1,,3351
IR_NAT_BEQ_C,1,,3352
IR_NAT_BEQ_C,1,,3353
IR_NAT_BEQ_C,1,,3354
IR_NAT_BEQ_C,1,,3355
IR_NAT_BEQ_C,1,,3356
IR_NAT_BEQ_C,1,,3357
IR_NAT_BEQ_C,1,,3361
IR_NAT_BEQ_C,1,,3362
IR_NAT_BEQ_C,1,,3363
IR_NAT_BEQ_C,1,,3364
IR_NAT_BEQ_C,1,,3365
IR_NAT_BEQ_C,1,,3366
IR_NAT_BEQ_C,1,,3371
IR_NAT_BEQ_C,1,,3372
IR_NAT_BEQ_C,1,,3373
IR_NAT_BEQ_C,1,,3374
IR_NAT_BEQ_C,1,,3375
IR_NAT_BEQ_C,1,,3378
IR_NAT_BEQ_C,1,,3379
IR_NAT_BEQ_C,1,,3380
IR_NAT_BEQ_C,1,,3381
IR_NAT_BEQ_C,1,,3382
IR_NAT_BEQ_C,1,,3383
IR_NAT_BEQ_C,1,,3384
IR_NAT_BEQ_C,1,,3385
IR_NAT_BEQ_C,1,,3386
IR_NAT_BEQ_C,1,,3387
IR_NAT_BEQ_C,1,,3388
IR_NAT_BEQ_C,1,,3389
IR_NAT_BEQ_C,1,,3390
IR_NAT_BEQ_C,1,,3391
IR_NAT_BEQ_C,1,,3392
IR_NAT_BEQ_C,1,,3393
IR_NAT_BEQ_C,1,,3394
IR_NAT_BEQ_C,1,,3395
IR_NAT_BEQ_C,1,,3396
IR_NAT_BEQ_C,1,,3397
IR_NAT_BEQ_C,1,,3398
IR_NAT_BEQ_C,1,,3399
IR_NAT_BEQ_C,1,,3411
IR_NAT_BEQ_C,1,,3412
IR_NAT_BEQ_C,1,,3413
IR_NAT_BEQ_C,1,,3414
IR_NAT_BEQ_C,1,,3511
IR_NAT_BEQ_C,1,,3512
IR_NAT_BEQ_C,1,,3513
IR_NAT_BEQ_C,1,,3514
IR_NAT_BEQ_C,1,,3515
IR_NAT_BEQ_C,1,,3516
IR_NAT_BEQ_C,1,,3517
IR_NAT_BEQ_C,1,,3518
IR_NAT_BEQ_C,1,,3521
IR_NAT_BEQ_C,1,,3522
IR_NAT_BEQ_C,1,,3523
IR_NAT_BEQ_C,1,,3524
IR_NAT_BEQ_C,1,,3525
IR_NAT_BEQ_C,1,,3526
IR_NAT_BEQ_C,1,,3527
IR_NAT_BEQ_C,1,,3528
IR_NAT_BEQ_C,1,,3529
IR_NAT_BEQ_C,1,,3530
IR_NAT_BEQ_C,1,,3531
IR_NAT_BEQ_C,1,,3532
IR_NAT_BEQ_C,1,,3533
IR_NAT_BEQ_C,1,,3534
IR_NAT_BEQ_C,1,,3535
IR_NAT_BEQ_C,1,,3536
IR_NAT_BEQ_C,1,,3537
IR_NAT_BEQ_C,1,,3538
IR_NAT_BEQ_C,1,,3539
IR_NAT_BEQ_C,1,,3540
IR_NAT_BEQ_C,1,,3541
IR_NAT_BEQ_C,1,,3542
IR_NAT_BEQ_C,1,,3543
IR_NAT_BEQ_C,1,,3544
IR_NAT_BEQ_C,1,,3545
IR_NAT_BEQ_C,1,,3547
IR_NAT_BEQ_C,1,,3548
IR_NAT_BEQ_C,1,,3549
IR_NAT_BEQ_C,1,,3551
IR_NAT_BEQ_C,1,,3552
IR_NAT_BEQ_C,1,,3553
IR_NAT_BEQ_C,1,,3554
IR_NAT_BEQ_C,1,,3555
IR_NAT_BEQ_C,1,,3556
IR_NAT_BEQ_C,1,,3557
IR_NAT_BEQ_C,1,,3561
IR_NAT_BEQ_C,1,,3572
IR_NAT_BEQ_C,1,,3573
IR_NAT_BEQ_C,1,,3574
IR_NAT_BEQ_C,1,,3575
IR_NAT_BEQ_C,1,,3576
IR_NAT_BEQ_C,1,,3581
IR_NAT_BEQ_C,1,,3582
IR_NAT_BEQ_C,1,,3583
IR_NAT_BEQ_C,1,,3591
IR_NAT_BEQ_C,1,,3592
IR_NAT_BEQ_C,1,,3593
IR_NAT_BEQ_C,1,,3594
IR_NAT_BEQ_C,1,,3610
IR_NAT_BEQ_C,4,,2428
IR_NAT_BEQ_C,4,,2501
IR_NAT_BEQ_C,4,,2502
IR_NAT_BEQ_C,4,,2503
IR_NAT_BEQ_C,4,,2504
IR_NAT_BEQ_C,4,,3111
IR_NAT_BEQ_C,4,,3112
IR_NAT_BEQ_C,4,,3113
IR_NAT_BEQ_C,4,,3115
IR_NAT_BEQ_C,4,,3116
IR_NAT_BEQ_C,4,,3117
IR_NAT_BEQ_C,4,,3121
IR_NAT_BEQ_C,4,,3122
IR_NAT_BEQ_C,4,,3125
IR_NAT_BEQ_C,4,,3127
IR_NAT_BEQ_C,4,,3128
IR_NAT_BEQ_C,4,,3131
IR_NAT_BEQ_C,4,,3132
IR_NAT_BEQ_C,4,,3133
IR_NAT_BEQ_C,4,,3134
IR_NAT_BEQ_C,4,,3135
IR_NAT_BEQ_C,4,,3211
IR_NAT_BEQ_C,4,,3213
IR_NAT_BEQ_C,4,,3216
IR_NAT_BEQ_C,4,,3221
IR_NAT_BEQ_C,4,,3222
IR_NAT_BEQ_C,4,,3223
IR_NAT_BEQ_C,4,,3225
IR_NAT_BEQ_C,4,,3311
IR_NAT_BEQ_C,4,,3312
IR_NAT_BEQ_C,4,,3313
IR_NAT_BEQ_C,4,,3314
IR_NAT_BEQ_C,4,,3315
IR_NAT_BEQ_C,4,,3316
IR_NAT_BEQ_C,4,,3317
IR_NAT_BEQ_C,4,,3318
IR_NAT_BEQ_C,4,,3319
IR_NAT_BEQ_C,4,,3320
IR_NAT_BEQ_C,4,,3321
IR_NAT_BEQ_C,4,,3322
IR_NAT_BEQ_C,4,,3323
IR_NAT_BEQ_C,4,,3324
IR_NAT_BEQ_C,4,,3325
IR_NAT_BEQ_C,4,,3326
IR_NAT_BEQ_C,4,,3327
IR_NAT_BEQ_C,4,,3328
IR_NAT_BEQ_C,4,,3329
IR_NAT_BEQ_C,4,,3330
IR_NAT_BEQ_C,4,,3331
IR_NAT_BEQ_C,4,,3332
IR_NAT_BEQ_C,4,,3334
IR_NAT_BEQ_C,4,,3335
IR_NAT_BEQ_C,4,,3336
IR_NAT_BEQ_C,4,,3337
IR_NAT_BEQ_C,4,,3338
IR_NAT_BEQ_C,4,,3339
IR_NAT_BEQ_C,4,,3340
IR_NAT_BEQ_C,4,,3341
IR_NAT_BEQ_C,4,,3342
IR_NAT_BEQ_C,4,,3343
IR_NAT_BEQ_C,4,,3351
IR_NAT_BEQ_C,4,,3352
IR_NAT_BEQ_C,4,,3353
IR_NAT_BEQ_C,4,,3354
IR_NAT_BEQ_C,4,,3355
IR_NAT_BEQ_C,4,,3356
IR_NAT_BEQ_C,4,,3357
IR_NAT_BEQ_C,4,,3364
IR_NAT_BEQ_C,4,,3365
IR_NAT_BEQ_C,4,,3366
IR_NAT_BEQ_C,4,,3371
IR_NAT_BEQ_C,4,,3372
IR_NAT_BEQ_C,4,,3373
IR_NAT_BEQ_C,4,,3374
IR_NAT_BEQ_C,4,,3375
IR_NAT_BEQ_C,4,,3379
IR_NAT_BEQ_C,4,,3380
IR_NAT_BEQ_C,4,,3381
IR_NAT_BEQ_C,4,,3382
IR_NAT_BEQ_C,4,,3383
IR_NAT_BEQ_C,4,,3384
IR_NAT_BEQ_C,4,,3385
IR_NAT_BEQ_C,4,,3386
IR_NAT_BEQ_C,4,,3387
IR_NAT_BEQ_C,4,,3388
IR_NAT_BEQ_C,4,,3389
IR_NAT_BEQ_C,4,,3390
IR_NAT_BEQ_C,4,,3395
IR_NAT_BEQ_C,4,,3399
IR_NAT_BEQ_C,4,,3411
IR_NAT_BEQ_C,4,,3412
IR_NAT_BEQ_C,4,,3413
IR_NAT_BEQ_C,4,,3414
IR_NAT_BEQ_C,4,,3511
IR_NAT_BEQ_C,4,,3512
IR_NAT_BEQ_C,4,,3513
IR_NAT_BEQ_C,4,,3514
IR_NAT_BEQ_C,4,,3515
IR_NAT_BEQ_C,4,,3516
IR_NAT_BEQ_C,4,,3517
IR_NAT_BEQ_C,4,,3518
IR_NAT_BEQ_C,4,,3521
IR_NAT_BEQ_C,4,,3522
IR_NAT_BEQ_C,4,,3523
IR_NAT_BEQ_C,4,,3524
IR_NAT_BEQ_C,4,,3525
IR_NAT_BEQ_C,4,,3526
IR_NAT_BEQ_C,4,,3527
IR_NAT_BEQ_C,4,,3528
IR_NAT_BEQ_C,4,,3529
IR_NAT_BEQ_C,4,,3530
IR_NAT_BEQ_C,4,,3531
IR_NAT_BEQ_C,4,,3532
IR_NAT_BEQ_C,4,,3533
IR_NAT_BEQ_C,4,,3534
IR_NAT_BEQ_C,4,,3535
IR_NAT_BEQ_C,4,,3536
IR_NAT_BEQ_C,4,,3537
IR_NAT_BEQ_C,4,,3538
IR_NAT_BEQ_C,4,,3539
IR_NAT_BEQ_C,4,,3540
IR_NAT_BEQ_C,4,,3541
IR_NAT_BEQ_C,4,,3542
IR_NAT_BEQ_C,4,,3543
IR_NAT_BEQ_C,4,,3544
IR_NAT_BEQ_C,4,,3545
IR_NAT_BEQ_C,4,,3547
IR_NAT_BEQ_C,4,,3548
IR_NAT_BEQ_C,4,,3549
IR_NAT_BEQ_C,4,,3551
IR_NAT_BEQ_C,4,,3552
IR_NAT_BEQ_C,4,,3553
IR_NAT_BEQ_C,4,,3554
IR_NAT_BEQ_C,4,,3555
IR_NAT_BEQ_C,4,,3556
IR_NAT_BEQ_C,4,,3557
IR_NAT_BEQ_C,4,,3561
IR_NAT_BEQ_C,4,,3572
IR_NAT_BEQ_C,4,,3573
IR_NAT_BEQ_C,4,,3574
IR_NAT_BEQ_C,4,,3575
IR_NAT_BEQ_C,4,,3576
IR_NAT_BEQ_C,4,,3581
IR_NAT_BEQ_C,4,,3582
IR_NAT_BEQ_C,4,,3583
IR_NAT_BEQ_C,4,,3591
IR_NAT_BEQ_C,4,,3592
IR_NAT_BEQ_C,4,,3593
IR_NAT_BEQ_C,4,,3594
IR_NAT_BEQ_C,4,,4111
IR_NAT_BEQ_C,4,,4112
IR_NAT_BEQ_C,4,,4113
IR_NAT_BEQ_C,4,,4114
IR_NAT_BEQ_C,4,,4131
IR_NAT_BEQ_C,4,,4132
IR_NAT_BEQ_C,4,,4141
IR_NAT_BEQ_C,4,,4142
IR_NAT_BEQ_C,4,,4143
IR_NAT_BEQ_C,4,,4144
IR_NAT_BEQ_C,4,,4145
IR_NAT_BEQ_C,4,,4151
IR_NAT_BEQ_C,4,,4152
IR_NAT_BEQ_C,4,,4153
IR_NAT_BEQ_C,4,,4154
IR_NAT_BEQ_C,4,,4155
IR_NAT_BEQ_C,4,,4156
IR_NAT_BEQ_C,4,,4157
IR_NAT_BEQ_C,4,,4158
IR_NAT_BEQ_C,4,,4204
IR_NAT_BEQ_C,4,,4205
IR_NAT_BEQ_C,4,,4206
IR_NAT_BEQ_C,4,,4207
IR_NAT_BEQ_C,4,,4208
IR_NAT_BEQ_C,4,,4210
IR_NAT_BEQ_C,4,,4211
IR_NAT_BEQ_C,4,,4212
IR_NAT_BEQ_C,4,,4213
IR_NAT_BEQ_C,4,,4214
IR_NAT_BEQ_C,4,,4215
IR_NAT_BEQ_C,4,,4216
IR_NAT_BEQ_C,4,,4217
IR_NAT_BEQ_C,4,,4218
IR_NAT_BEQ_C,4,,4219
IR_NAT_BEQ_C,4,,4220
IR_NAT_BEQ_C,4,,4221
IR_NAT_BEQ_C,4,,4222
IR_NAT_BEQ_C,4,,4223
IR_NAT_BEQ_C,4,,4225
IR_NAT_BEQ_C,4,,4226
IR_NAT_BEQ_C,4,,4229
IR_NAT_BEQ_C,4,,4315
IR_NAT_BEQ_C,4,,4316
IR_NAT_BEQ_C,4,,4325
IR_NAT_BEQ_C,4,,4326
IR_NAT_BEQ_C,4,,4327
IR_NAT_BEQ_C,4,,4328
IR_NAT_BEQ_C,4,,4329
IR_NAT_BEQ_C,4,,4330
IR_NAT_BEQ_C,4,,4331
IR_NAT_BEQ_C,4,,4332
IR_NAT_BEQ_C,4,,4339
IR_NAT_BEQ_C,4,,4341
IR_NAT_BEQ_C,4,,4342
IR_NAT_BEQ_C,4,,4343
IR_NAT_BEQ_C,4,,4351
IR_NAT_BEQ_C,4,,4352
IR_NAT_BEQ_C,4,,4353
IR_NAT_BEQ_C,4,,4359
IR_NAT_BEQ_C,4,,4360
IR_NAT_BEQ_C,4,,4361
IR_NAT_BEQ_C,4,,4363
IR_NAT_BEQ_C,4,,4364
IR_NAT_BEQ_C,4,,4365
IR_NAT_BEQ_C,4,,4366
IR_NAT_BEQ_C,4,,4367
IR_NAT_BEQ_C,4,,4368
IR_NAT_BEQ_C,4,,4369
IR_NAT_BEQ_C,4,,4370
IR_NAT_BEQ_C,4,,4371
IR_NAT_BEQ_C,4,,4372
IR_NAT_BEQ_C,4,,4373
IR_NAT_BEQ_C,4,,4374
IR_NAT_BEQ_C,4,,4375
IR_NAT_BEQ_C,4,,4376
IR_NAT_BEQ_C,4,,4377
IR_NAT_BEQ_C,4,,4378
IR_NAT_BEQ_C,4,,4379
IR_NAT_BEQ_C,4,,4380
IR_NAT_BEQ_C,4,,4381
IR_NAT_BEQ_C,4,,4382
IR_NAT_BEQ_C,4,,4392
IR_NAT_BEQ_C,4,,4393
IR_NAT_BEQ_C,4,,4394
IR_NAT_BEQ_C,4,,4395
IR_NAT_BEQ_C,4,,4396
IR_NAT_BEQ_C,4,,4397
