nom_table,CPT_COP_NUM,MDT_COD,PRS_NAT
IR_NAT_MDT_C,,3,2114
IR_NAT_MDT_C,,3,2115
IR_NAT_MDT_C,,3,2116
IR_NAT_MDT_C,,3,2117
IR_NAT_MDT_C,,3,2118
IR_NAT_MDT_C,,3,2154
IR_NAT_MDT_C,,3,2160
IR_NAT_MDT_C,,3,2161
IR_NAT_MDT_C,,3,2162
IR_NAT_MDT_C,,3,2181
IR_NAT_MDT_C,,3,2182
IR_NAT_MDT_C,,3,2183
IR_NAT_MDT_C,,3,2184
IR_NAT_MDT_C,,3,2185
IR_NAT_MDT_C,,3,2186
IR_NAT_MDT_C,,3,2187
IR_NAT_MDT_C,,3,2188
IR_NAT_MDT_C,,3,2189
IR_NAT_MDT_C,,3,2190
IR_NAT_MDT_C,,3,2191
IR_NAT_MDT_C,,3,2211
IR_NAT_MDT_C,,3,2212
IR_NAT_MDT_C,,3,2213
IR_NAT_MDT_C,,3,2221
IR_NAT_MDT_C,,3,2222
IR_NAT_MDT_C,,3,2229
IR_NAT_MDT_C,,3,2230
IR_NAT_MDT_C,,3,2231
IR_NAT_MDT_C,,3,2232
IR_NAT_MDT_C,,3,2234
IR_NAT_MDT_C,,3,2235
IR_NAT_MDT_C,,3,2236
IR_NAT_MDT_C,,3,2237
IR_NAT_MDT_C,,3,2241
IR_NAT_MDT_C,,3,2242
IR_NAT_MDT_C,,3,2243
IR_NAT_MDT_C,,3,2245
IR_NAT_MDT_C,,3,2246
IR_NAT_MDT_C,,3,2247
IR_NAT_MDT_C,,3,2249
IR_NAT_MDT_C,,3,2251
IR_NAT_MDT_C,,3,2260
IR_NAT_MDT_C,,3,2263
IR_NAT_MDT_C,,3,2264
IR_NAT_MDT_C,,3,2265
IR_NAT_MDT_C,,3,2321
IR_NAT_MDT_C,,3,2337
IR_NAT_MDT_C,,3,2339
IR_NAT_MDT_C,,3,2351
IR_NAT_MDT_C,,3,2352
IR_NAT_MDT_C,,3,2353
IR_NAT_MDT_C,,3,2354
IR_NAT_MDT_C,,3,2391
IR_NAT_MDT_C,,3,2392
IR_NAT_MDT_C,,3,2412
IR_NAT_MDT_C,,3,2413
IR_NAT_MDT_C,,3,2422
IR_NAT_MDT_C,,3,2424
IR_NAT_MDT_C,,3,2425
IR_NAT_MDT_C,,3,2501
IR_NAT_MDT_C,,3,2502
IR_NAT_MDT_C,,3,2503
IR_NAT_MDT_C,,3,2504
IR_NAT_MDT_C,,3,3412
IR_NAT_MDT_C,,4,2155
IR_NAT_MDT_C,,4,2156
IR_NAT_MDT_C,,4,2157
IR_NAT_MDT_C,,4,2158
IR_NAT_MDT_C,,4,2164
IR_NAT_MDT_C,,4,2165
IR_NAT_MDT_C,,4,2166
IR_NAT_MDT_C,,4,2167
IR_NAT_MDT_C,,4,2168
IR_NAT_MDT_C,,4,2211
IR_NAT_MDT_C,,4,2212
IR_NAT_MDT_C,,4,2213
IR_NAT_MDT_C,,4,2221
IR_NAT_MDT_C,,4,2230
IR_NAT_MDT_C,,4,2231
IR_NAT_MDT_C,,4,2234
IR_NAT_MDT_C,,4,2237
IR_NAT_MDT_C,,4,2241
IR_NAT_MDT_C,,4,2242
IR_NAT_MDT_C,,4,2243
IR_NAT_MDT_C,,4,2247
IR_NAT_MDT_C,,4,2331
IR_NAT_MDT_C,,4,2334
IR_NAT_MDT_C,,4,2336
IR_NAT_MDT_C,,4,2337
IR_NAT_MDT_C,,4,2339
IR_NAT_MDT_C,,4,2380
IR_NAT_MDT_C,,4,2381
IR_NAT_MDT_C,,4,2382
IR_NAT_MDT_C,,4,2383
IR_NAT_MDT_C,,4,2384
IR_NAT_MDT_C,,4,2385
IR_NAT_MDT_C,,4,2386
IR_NAT_MDT_C,,4,2387
IR_NAT_MDT_C,,4,2388
IR_NAT_MDT_C,,4,2412
IR_NAT_MDT_C,,4,2413
IR_NAT_MDT_C,,4,2415
IR_NAT_MDT_C,,4,2416
IR_NAT_MDT_C,,4,2417
IR_NAT_MDT_C,,4,2419
IR_NAT_MDT_C,,4,2420
IR_NAT_MDT_C,,4,2421
IR_NAT_MDT_C,,4,2422
IR_NAT_MDT_C,,5,2211
IR_NAT_MDT_C,,5,2212
IR_NAT_MDT_C,,5,2213
IR_NAT_MDT_C,,5,2221
IR_NAT_MDT_C,,5,2230
IR_NAT_MDT_C,,5,2234
IR_NAT_MDT_C,,5,2237
IR_NAT_MDT_C,,5,2337
IR_NAT_MDT_C,,5,2339
IR_NAT_MDT_C,,5,2389
IR_NAT_MDT_C,,6,2106
IR_NAT_MDT_C,,6,2107
IR_NAT_MDT_C,,6,2133
IR_NAT_MDT_C,,6,2136
IR_NAT_MDT_C,,6,2137
IR_NAT_MDT_C,,6,2138
IR_NAT_MDT_C,,6,2143
IR_NAT_MDT_C,,6,2144
IR_NAT_MDT_C,,6,2145
IR_NAT_MDT_C,,6,2146
IR_NAT_MDT_C,,6,2211
IR_NAT_MDT_C,,6,2213
IR_NAT_MDT_C,,6,2230
IR_NAT_MDT_C,,6,2231
IR_NAT_MDT_C,,6,2234
IR_NAT_MDT_C,,6,2237
IR_NAT_MDT_C,,6,2331
IR_NAT_MDT_C,,6,2334
IR_NAT_MDT_C,,6,2336
IR_NAT_MDT_C,,6,2337
IR_NAT_MDT_C,,6,2339
IR_NAT_MDT_C,,7,2241
IR_NAT_MDT_C,,7,2242
IR_NAT_MDT_C,,7,2243
IR_NAT_MDT_C,,7,2337
IR_NAT_MDT_C,,7,2338
IR_NAT_MDT_C,,7,2339
IR_NAT_MDT_C,,7,3330
IR_NAT_MDT_C,,10,2238
IR_NAT_MDT_C,,10,2239
IR_NAT_MDT_C,,10,2241
IR_NAT_MDT_C,,10,2242
IR_NAT_MDT_C,,10,2243
IR_NAT_MDT_C,,11,2211
IR_NAT_MDT_C,,11,2213
IR_NAT_MDT_C,,11,2230
IR_NAT_MDT_C,,11,2231
IR_NAT_MDT_C,,11,2234
IR_NAT_MDT_C,,11,2237
IR_NAT_MDT_C,,11,2251
IR_NAT_MDT_C,,11,2339
IR_NAT_MDT_C,,11,2371
IR_NAT_MDT_C,,11,2372
IR_NAT_MDT_C,,11,2373
IR_NAT_MDT_C,,12,2211
IR_NAT_MDT_C,,12,2213
IR_NAT_MDT_C,,12,2230
IR_NAT_MDT_C,,12,2234
IR_NAT_MDT_C,,12,2237
IR_NAT_MDT_C,,13,2211
IR_NAT_MDT_C,,13,2213
IR_NAT_MDT_C,,13,2230
IR_NAT_MDT_C,,13,2231
IR_NAT_MDT_C,,13,2234
IR_NAT_MDT_C,,13,2237
IR_NAT_MDT_C,,13,2333
IR_NAT_MDT_C,,13,2339
IR_NAT_MDT_C,,14,2211
IR_NAT_MDT_C,,14,2213
IR_NAT_MDT_C,,14,2230
IR_NAT_MDT_C,,14,2231
IR_NAT_MDT_C,,14,2234
IR_NAT_MDT_C,,14,2237
IR_NAT_MDT_C,,14,2258
IR_NAT_MDT_C,,14,2331
IR_NAT_MDT_C,,14,2333
IR_NAT_MDT_C,,14,2334
IR_NAT_MDT_C,,14,2336
IR_NAT_MDT_C,,14,2337
IR_NAT_MDT_C,,14,2339
IR_NAT_MDT_C,,15,2211
IR_NAT_MDT_C,,15,2213
IR_NAT_MDT_C,,15,2230
IR_NAT_MDT_C,,15,2231
IR_NAT_MDT_C,,15,2234
IR_NAT_MDT_C,,15,2237
IR_NAT_MDT_C,,15,2251
IR_NAT_MDT_C,,15,2337
IR_NAT_MDT_C,,15,2339
IR_NAT_MDT_C,,16,2211
IR_NAT_MDT_C,,16,2213
IR_NAT_MDT_C,,16,2230
IR_NAT_MDT_C,,16,2234
IR_NAT_MDT_C,,16,2237
IR_NAT_MDT_C,,16,2331
IR_NAT_MDT_C,,16,2334
IR_NAT_MDT_C,,16,2336
IR_NAT_MDT_C,,16,2337
IR_NAT_MDT_C,,16,2339
IR_NAT_MDT_C,,17,2211
IR_NAT_MDT_C,,17,2213
IR_NAT_MDT_C,,17,2230
IR_NAT_MDT_C,,17,2234
IR_NAT_MDT_C,,17,2237
IR_NAT_MDT_C,,17,2251
IR_NAT_MDT_C,,17,2339
IR_NAT_MDT_C,,19,2106
IR_NAT_MDT_C,,19,2107
IR_NAT_MDT_C,,19,2129
IR_NAT_MDT_C,,19,2131
IR_NAT_MDT_C,,19,2132
IR_NAT_MDT_C,,19,2134
IR_NAT_MDT_C,,19,2135
IR_NAT_MDT_C,,19,2139
IR_NAT_MDT_C,,19,2140
IR_NAT_MDT_C,,19,2142
IR_NAT_MDT_C,,19,2143
IR_NAT_MDT_C,,19,2144
IR_NAT_MDT_C,,19,2147
IR_NAT_MDT_C,,19,2155
IR_NAT_MDT_C,,19,2156
IR_NAT_MDT_C,,19,2157
IR_NAT_MDT_C,,19,2158
IR_NAT_MDT_C,,19,2164
IR_NAT_MDT_C,,19,2165
IR_NAT_MDT_C,,19,2166
IR_NAT_MDT_C,,19,2167
IR_NAT_MDT_C,,19,2168
IR_NAT_MDT_C,,19,2212
IR_NAT_MDT_C,,19,2231
IR_NAT_MDT_C,,19,2237
IR_NAT_MDT_C,,19,2331
IR_NAT_MDT_C,,19,2332
IR_NAT_MDT_C,,19,2334
IR_NAT_MDT_C,,19,2336
IR_NAT_MDT_C,,19,2337
IR_NAT_MDT_C,,19,2338
IR_NAT_MDT_C,,19,2339
IR_NAT_MDT_C,,19,2341
IR_NAT_MDT_C,,19,2351
IR_NAT_MDT_C,,19,2352
IR_NAT_MDT_C,,19,2353
IR_NAT_MDT_C,,19,2354
IR_NAT_MDT_C,,19,2391
IR_NAT_MDT_C,,19,2392
IR_NAT_MDT_C,,19,3412
IR_NAT_MDT_C,,20,2211
IR_NAT_MDT_C,,20,2213
IR_NAT_MDT_C,,20,2230
IR_NAT_MDT_C,,20,2234
IR_NAT_MDT_C,,20,2237
IR_NAT_MDT_C,,20,2251
IR_NAT_MDT_C,,20,2339
IR_NAT_MDT_C,,21,2211
IR_NAT_MDT_C,,21,2213
IR_NAT_MDT_C,,21,2221
IR_NAT_MDT_C,,21,2230
IR_NAT_MDT_C,,21,2231
IR_NAT_MDT_C,,21,2234
IR_NAT_MDT_C,,21,2237
IR_NAT_MDT_C,,21,2241
IR_NAT_MDT_C,,21,2242
IR_NAT_MDT_C,,21,2243
IR_NAT_MDT_C,,21,2331
IR_NAT_MDT_C,,21,2334
IR_NAT_MDT_C,,21,2336
IR_NAT_MDT_C,,21,2337
IR_NAT_MDT_C,,21,2339
IR_NAT_MDT_C,,21,2371
IR_NAT_MDT_C,,21,2372
IR_NAT_MDT_C,,21,2373
IR_NAT_MDT_C,,21,2415
IR_NAT_MDT_C,,21,2416
IR_NAT_MDT_C,,21,2422
IR_NAT_MDT_C,,22,2211
IR_NAT_MDT_C,,22,2212
IR_NAT_MDT_C,,22,2213
IR_NAT_MDT_C,,22,2230
IR_NAT_MDT_C,,22,2237
IR_NAT_MDT_C,,22,2241
IR_NAT_MDT_C,,22,2242
IR_NAT_MDT_C,,22,2243
IR_NAT_MDT_C,,22,2271
IR_NAT_MDT_C,,22,2272
IR_NAT_MDT_C,,22,2273
IR_NAT_MDT_C,,22,2274
IR_NAT_MDT_C,,22,2275
IR_NAT_MDT_C,,22,2351
IR_NAT_MDT_C,,22,2352
IR_NAT_MDT_C,,22,2353
IR_NAT_MDT_C,,22,2354
IR_NAT_MDT_C,,22,2391
IR_NAT_MDT_C,,22,2392
IR_NAT_MDT_C,,22,2419
IR_NAT_MDT_C,,22,2421
IR_NAT_MDT_C,,22,3412
IR_NAT_MDT_C,,23,2211
IR_NAT_MDT_C,,23,2212
IR_NAT_MDT_C,,23,2213
IR_NAT_MDT_C,,23,2230
IR_NAT_MDT_C,,23,2237
IR_NAT_MDT_C,,23,2241
IR_NAT_MDT_C,,23,2242
IR_NAT_MDT_C,,23,2243
IR_NAT_MDT_C,,23,2261
IR_NAT_MDT_C,,23,2262
IR_NAT_MDT_C,,23,3412
IR_NAT_MDT_C,,24,2211
IR_NAT_MDT_C,,24,2213
IR_NAT_MDT_C,,24,2230
IR_NAT_MDT_C,,24,2237
IR_NAT_MDT_C,,24,2251
IR_NAT_MDT_C,,24,2337
IR_NAT_MDT_C,,24,2339
IR_NAT_MDT_C,,35,4141
IR_NAT_MDT_C,,35,4142
IR_NAT_MDT_C,,35,4143
IR_NAT_MDT_C,,35,4144
IR_NAT_MDT_C,,35,4145
IR_NAT_MDT_C,,35,4151
IR_NAT_MDT_C,,35,4152
IR_NAT_MDT_C,,35,4153
IR_NAT_MDT_C,,35,4154
IR_NAT_MDT_C,,35,4155
IR_NAT_MDT_C,,35,4156
IR_NAT_MDT_C,,35,4157
IR_NAT_MDT_C,,35,4158
IR_NAT_MDT_C,,37,2211
IR_NAT_MDT_C,,37,2212
IR_NAT_MDT_C,,37,2213
IR_NAT_MDT_C,,37,2230
IR_NAT_MDT_C,,37,2237
IR_NAT_MDT_C,,37,2251
IR_NAT_MDT_C,,38,2211
IR_NAT_MDT_C,,38,2212
IR_NAT_MDT_C,,38,2213
IR_NAT_MDT_C,,38,2221
IR_NAT_MDT_C,,38,2222
IR_NAT_MDT_C,,38,2230
IR_NAT_MDT_C,,38,2231
IR_NAT_MDT_C,,38,2234
IR_NAT_MDT_C,,38,2237
IR_NAT_MDT_C,,38,2247
IR_NAT_MDT_C,,38,2251
IR_NAT_MDT_C,,38,2337
IR_NAT_MDT_C,,38,2339
IR_NAT_MDT_C,,39,2211
IR_NAT_MDT_C,,39,2212
IR_NAT_MDT_C,,39,2213
IR_NAT_MDT_C,,39,2221
IR_NAT_MDT_C,,39,2222
IR_NAT_MDT_C,,39,2230
IR_NAT_MDT_C,,39,2231
IR_NAT_MDT_C,,39,2234
IR_NAT_MDT_C,,39,2237
IR_NAT_MDT_C,,39,2247
IR_NAT_MDT_C,,39,2251
IR_NAT_MDT_C,,39,2337
IR_NAT_MDT_C,,39,2339
