nom_table,CPT_COP_NUM,PRS_NAT,PPU_SEC
IR_NAT_PPU_C,,6135,1
IR_NAT_PPU_C,,6191,1
IR_NAT_PPU_C,,6211,1
IR_NAT_PPU_C,,6212,1
IR_NAT_PPU_C,,6213,1
IR_NAT_PPU_C,,6214,1
IR_NAT_PPU_C,,6215,1
IR_NAT_PPU_C,,6221,1
IR_NAT_PPU_C,,6222,1
IR_NAT_PPU_C,,6231,1
IR_NAT_PPU_C,,6232,1
IR_NAT_PPU_C,,6233,1
IR_NAT_PPU_C,,6234,1
IR_NAT_PPU_C,,6235,1
IR_NAT_PPU_C,,6236,1
IR_NAT_PPU_C,,6237,1
IR_NAT_PPU_C,,6238,1
IR_NAT_PPU_C,,6239,1
IR_NAT_PPU_C,,6241,1
IR_NAT_PPU_C,,6242,1
IR_NAT_PPU_C,,6251,1
IR_NAT_PPU_C,,6252,1
IR_NAT_PPU_C,,6253,1
IR_NAT_PPU_C,,6254,1
IR_NAT_PPU_C,,6257,1
IR_NAT_PPU_C,,6258,1
IR_NAT_PPU_C,,6261,1
IR_NAT_PPU_C,,6262,1
IR_NAT_PPU_C,,6311,1
IR_NAT_PPU_C,,6312,1
IR_NAT_PPU_C,,7111,1
IR_NAT_PPU_C,,7112,1
IR_NAT_PPU_C,,7113,1
IR_NAT_PPU_C,,7119,1
IR_NAT_PPU_C,,7201,1
IR_NAT_PPU_C,,8111,1
IR_NAT_PPU_C,,8112,1
IR_NAT_PPU_C,,8113,1
IR_NAT_PPU_C,,8114,1
IR_NAT_PPU_C,,8115,1
IR_NAT_PPU_C,,8116,1
IR_NAT_PPU_C,,8117,1
IR_NAT_PPU_C,,8118,1
IR_NAT_PPU_C,,8119,1
IR_NAT_PPU_C,,8120,1
IR_NAT_PPU_C,,8121,1
IR_NAT_PPU_C,,8222,1
IR_NAT_PPU_C,,8223,1
IR_NAT_PPU_C,,8224,1
IR_NAT_PPU_C,,8226,1
IR_NAT_PPU_C,,8227,1
IR_NAT_PPU_C,,9111,1
IR_NAT_PPU_C,,9112,1
IR_NAT_PPU_C,,9113,1
IR_NAT_PPU_C,,9114,1
IR_NAT_PPU_C,,9115,1
IR_NAT_PPU_C,,9116,1
IR_NAT_PPU_C,,9118,1
IR_NAT_PPU_C,,9119,1
IR_NAT_PPU_C,,9121,1
IR_NAT_PPU_C,,9122,1
IR_NAT_PPU_C,,9123,1
IR_NAT_PPU_C,,9129,1
IR_NAT_PPU_C,,9131,1
IR_NAT_PPU_C,,9132,1
IR_NAT_PPU_C,,9133,1
IR_NAT_PPU_C,,9134,1
IR_NAT_PPU_C,,9141,1
IR_NAT_PPU_C,,9142,1
IR_NAT_PPU_C,,9143,1
IR_NAT_PPU_C,,9144,1
IR_NAT_PPU_C,,9151,1
IR_NAT_PPU_C,,9152,1
IR_NAT_PPU_C,,9161,1
IR_NAT_PPU_C,,9162,1
IR_NAT_PPU_C,,9163,1
IR_NAT_PPU_C,,9164,1
IR_NAT_PPU_C,,9165,1
IR_NAT_PPU_C,,9166,1
IR_NAT_PPU_C,,9167,1
IR_NAT_PPU_C,,9168,1
IR_NAT_PPU_C,,9169,1
IR_NAT_PPU_C,,9170,1
IR_NAT_PPU_C,,9191,1
IR_NAT_PPU_C,,9201,1
IR_NAT_PPU_C,,9202,1
IR_NAT_PPU_C,,9203,1
IR_NAT_PPU_C,,9211,1
IR_NAT_PPU_C,,9221,1
IR_NAT_PPU_C,,9311,1
IR_NAT_PPU_C,,9313,1
IR_NAT_PPU_C,,9411,1
IR_NAT_PPU_C,,9421,1
IR_NAT_PPU_C,,9422,1
IR_NAT_PPU_C,,9423,1
IR_NAT_PPU_C,,9429,1
IR_NAT_PPU_C,,9430,1
IR_NAT_PPU_C,,9432,1
IR_NAT_PPU_C,,9433,1
IR_NAT_PPU_C,,9434,1
IR_NAT_PPU_C,,9511,1
IR_NAT_PPU_C,,9512,1
IR_NAT_PPU_C,,9521,1
IR_NAT_PPU_C,,9522,1
IR_NAT_PPU_C,,9523,1
IR_NAT_PPU_C,,9524,1
IR_NAT_PPU_C,,9525,1
IR_NAT_PPU_C,,9526,1
IR_NAT_PPU_C,,9527,1
IR_NAT_PPU_C,,9528,1
IR_NAT_PPU_C,,9529,1
IR_NAT_PPU_C,,9530,1
IR_NAT_PPU_C,,9531,1
IR_NAT_PPU_C,,9532,1
IR_NAT_PPU_C,,9533,1
IR_NAT_PPU_C,,9534,1
IR_NAT_PPU_C,,9535,1
IR_NAT_PPU_C,,9536,1
IR_NAT_PPU_C,,9537,1
IR_NAT_PPU_C,,9538,1
IR_NAT_PPU_C,,9539,1
IR_NAT_PPU_C,,9540,1
IR_NAT_PPU_C,,9541,1
IR_NAT_PPU_C,,9542,1
IR_NAT_PPU_C,,9543,1
IR_NAT_PPU_C,,9544,1
IR_NAT_PPU_C,,9545,1
IR_NAT_PPU_C,,9546,1
IR_NAT_PPU_C,,9547,1
IR_NAT_PPU_C,,9548,1
IR_NAT_PPU_C,,9549,1
IR_NAT_PPU_C,,9550,1
IR_NAT_PPU_C,,9551,1
IR_NAT_PPU_C,,9552,1
IR_NAT_PPU_C,,9553,1
IR_NAT_PPU_C,,9554,1
IR_NAT_PPU_C,,9555,1
IR_NAT_PPU_C,,9556,1
IR_NAT_PPU_C,,9557,1
IR_NAT_PPU_C,,9558,1
IR_NAT_PPU_C,,9559,1
IR_NAT_PPU_C,,9560,1
IR_NAT_PPU_C,,9561,1
IR_NAT_PPU_C,,9562,1
IR_NAT_PPU_C,,9563,1
IR_NAT_PPU_C,,9564,1
IR_NAT_PPU_C,,9565,1
IR_NAT_PPU_C,,9570,1
IR_NAT_PPU_C,,9701,1
IR_NAT_PPU_C,,9702,1
IR_NAT_PPU_C,,9703,1
IR_NAT_PPU_C,,9704,1
IR_NAT_PPU_C,,9705,1
IR_NAT_PPU_C,,9706,1
IR_NAT_PPU_C,,9707,1
IR_NAT_PPU_C,,9708,1
IR_NAT_PPU_C,,9709,1
IR_NAT_PPU_C,,9710,1
IR_NAT_PPU_C,,9711,1
IR_NAT_PPU_C,,9713,1
IR_NAT_PPU_C,,9714,1
IR_NAT_PPU_C,,9715,1
IR_NAT_PPU_C,,9716,1
IR_NAT_PPU_C,,9717,1
IR_NAT_PPU_C,,9718,1
IR_NAT_PPU_C,,9719,1
IR_NAT_PPU_C,,9721,1
IR_NAT_PPU_C,,9722,1
IR_NAT_PPU_C,,9724,1
IR_NAT_PPU_C,,9725,1
IR_NAT_PPU_C,,9726,1
IR_NAT_PPU_C,,9727,1
IR_NAT_PPU_C,,9731,1
IR_NAT_PPU_C,,9732,1
IR_NAT_PPU_C,,9741,1
IR_NAT_PPU_C,,9742,1
IR_NAT_PPU_C,,9743,1
IR_NAT_PPU_C,,9744,1
IR_NAT_PPU_C,,9751,1
IR_NAT_PPU_C,,9752,1
IR_NAT_PPU_C,,9761,1
IR_NAT_PPU_C,,9762,1
IR_NAT_PPU_C,,9763,1
IR_NAT_PPU_C,,9764,1
IR_NAT_PPU_C,,9765,1
IR_NAT_PPU_C,,9766,1
IR_NAT_PPU_C,,9767,1
IR_NAT_PPU_C,,9768,1
IR_NAT_PPU_C,,9769,1
IR_NAT_PPU_C,,9771,1
IR_NAT_PPU_C,,9772,1
IR_NAT_PPU_C,,9773,1
IR_NAT_PPU_C,,9774,1
IR_NAT_PPU_C,,9775,1
IR_NAT_PPU_C,,9776,1
IR_NAT_PPU_C,,9777,1
IR_NAT_PPU_C,,9778,1
IR_NAT_PPU_C,,9801,1
IR_NAT_PPU_C,,9802,1
IR_NAT_PPU_C,,9803,1
IR_NAT_PPU_C,,9804,1
IR_NAT_PPU_C,,9805,1
IR_NAT_PPU_C,,9806,1
IR_NAT_PPU_C,,9807,1
IR_NAT_PPU_C,,9808,1
IR_NAT_PPU_C,,9809,1
IR_NAT_PPU_C,,9810,1
IR_NAT_PPU_C,,9811,1
IR_NAT_PPU_C,,9812,1
IR_NAT_PPU_C,,9813,1
IR_NAT_PPU_C,,9814,1
IR_NAT_PPU_C,,9815,1
IR_NAT_PPU_C,,9816,1
IR_NAT_PPU_C,,9817,1
IR_NAT_PPU_C,,9818,1
IR_NAT_PPU_C,,9819,1
IR_NAT_PPU_C,,9820,1
IR_NAT_PPU_C,,9821,1
IR_NAT_PPU_C,,9822,1
IR_NAT_PPU_C,,9823,1
IR_NAT_PPU_C,,9824,1
IR_NAT_PPU_C,,9825,1
IR_NAT_PPU_C,,9826,1
IR_NAT_PPU_C,,9827,1
IR_NAT_PPU_C,,9828,1
IR_NAT_PPU_C,,9829,1
IR_NAT_PPU_C,,9830,1
IR_NAT_PPU_C,,9831,1
IR_NAT_PPU_C,,9832,1
IR_NAT_PPU_C,,9833,1
IR_NAT_PPU_C,,9834,1
IR_NAT_PPU_C,,9835,1
IR_NAT_PPU_C,,9836,1
IR_NAT_PPU_C,,9837,1
IR_NAT_PPU_C,,9838,1
IR_NAT_PPU_C,,9839,1
IR_NAT_PPU_C,,9840,1
IR_NAT_PPU_C,,9841,1
IR_NAT_PPU_C,,9842,1
IR_NAT_PPU_C,,9843,1
IR_NAT_PPU_C,,3515,2
IR_NAT_PPU_C,,3516,2
IR_NAT_PPU_C,,3517,2
IR_NAT_PPU_C,,3518,2
IR_NAT_PPU_C,,3521,2
IR_NAT_PPU_C,,3522,2
IR_NAT_PPU_C,,3523,2
IR_NAT_PPU_C,,3524,2
IR_NAT_PPU_C,,3525,2
IR_NAT_PPU_C,,3526,2
IR_NAT_PPU_C,,3527,2
IR_NAT_PPU_C,,3528,2
IR_NAT_PPU_C,,3529,2
IR_NAT_PPU_C,,3530,2
IR_NAT_PPU_C,,3531,2
IR_NAT_PPU_C,,3532,2
IR_NAT_PPU_C,,3533,2
IR_NAT_PPU_C,,3534,2
IR_NAT_PPU_C,,3535,2
IR_NAT_PPU_C,,3536,2
IR_NAT_PPU_C,,3537,2
IR_NAT_PPU_C,,3538,2
IR_NAT_PPU_C,,3539,2
IR_NAT_PPU_C,,3540,2
IR_NAT_PPU_C,,3541,2
IR_NAT_PPU_C,,3542,2
IR_NAT_PPU_C,,3543,2
IR_NAT_PPU_C,,3544,2
IR_NAT_PPU_C,,3545,2
IR_NAT_PPU_C,,3547,2
IR_NAT_PPU_C,,3548,2
IR_NAT_PPU_C,,3549,2
IR_NAT_PPU_C,,3551,2
IR_NAT_PPU_C,,3552,2
IR_NAT_PPU_C,,3553,2
IR_NAT_PPU_C,,3554,2
IR_NAT_PPU_C,,3555,2
IR_NAT_PPU_C,,3556,2
IR_NAT_PPU_C,,3557,2
IR_NAT_PPU_C,,3561,2
IR_NAT_PPU_C,,3572,2
IR_NAT_PPU_C,,3573,2
IR_NAT_PPU_C,,3574,2
IR_NAT_PPU_C,,3575,2
IR_NAT_PPU_C,,3576,2
IR_NAT_PPU_C,,3581,2
IR_NAT_PPU_C,,3582,2
IR_NAT_PPU_C,,3583,2
IR_NAT_PPU_C,,3591,2
IR_NAT_PPU_C,,3592,2
IR_NAT_PPU_C,,3593,2
IR_NAT_PPU_C,,3594,2
IR_NAT_PPU_C,,3610,2
IR_NAT_PPU_C,,3611,2
IR_NAT_PPU_C,,3612,2
IR_NAT_PPU_C,,4111,2
IR_NAT_PPU_C,,4112,2
IR_NAT_PPU_C,,4113,2
IR_NAT_PPU_C,,4114,2
IR_NAT_PPU_C,,4131,2
IR_NAT_PPU_C,,4132,2
IR_NAT_PPU_C,,4141,2
IR_NAT_PPU_C,,4142,2
IR_NAT_PPU_C,,4143,2
IR_NAT_PPU_C,,4144,2
IR_NAT_PPU_C,,4145,2
IR_NAT_PPU_C,,4151,2
IR_NAT_PPU_C,,4152,2
IR_NAT_PPU_C,,4153,2
IR_NAT_PPU_C,,4154,2
IR_NAT_PPU_C,,4155,2
IR_NAT_PPU_C,,4156,2
IR_NAT_PPU_C,,4157,2
IR_NAT_PPU_C,,4158,2
IR_NAT_PPU_C,,4204,2
IR_NAT_PPU_C,,4205,2
IR_NAT_PPU_C,,4206,2
IR_NAT_PPU_C,,4207,2
IR_NAT_PPU_C,,4208,2
IR_NAT_PPU_C,,4209,2
IR_NAT_PPU_C,,4210,2
IR_NAT_PPU_C,,4211,2
IR_NAT_PPU_C,,4212,2
IR_NAT_PPU_C,,4213,2
IR_NAT_PPU_C,,4214,2
IR_NAT_PPU_C,,4215,2
IR_NAT_PPU_C,,4216,2
IR_NAT_PPU_C,,4217,2
IR_NAT_PPU_C,,4218,2
IR_NAT_PPU_C,,4219,2
IR_NAT_PPU_C,,4220,2
IR_NAT_PPU_C,,4221,2
IR_NAT_PPU_C,,4222,2
IR_NAT_PPU_C,,4223,2
IR_NAT_PPU_C,,4224,2
IR_NAT_PPU_C,,4225,2
IR_NAT_PPU_C,,4226,2
IR_NAT_PPU_C,,4227,2
IR_NAT_PPU_C,,4228,2
IR_NAT_PPU_C,,4229,2
IR_NAT_PPU_C,,4315,2
IR_NAT_PPU_C,,4316,2
IR_NAT_PPU_C,,4317,2
IR_NAT_PPU_C,,4318,2
IR_NAT_PPU_C,,4319,2
IR_NAT_PPU_C,,4320,2
IR_NAT_PPU_C,,4321,2
IR_NAT_PPU_C,,4322,2
IR_NAT_PPU_C,,4323,2
IR_NAT_PPU_C,,4324,2
IR_NAT_PPU_C,,4325,2
IR_NAT_PPU_C,,4326,2
IR_NAT_PPU_C,,4327,2
IR_NAT_PPU_C,,4328,2
IR_NAT_PPU_C,,4329,2
IR_NAT_PPU_C,,4330,2
IR_NAT_PPU_C,,4331,2
IR_NAT_PPU_C,,4332,2
IR_NAT_PPU_C,,4339,2
IR_NAT_PPU_C,,4341,2
IR_NAT_PPU_C,,4342,2
IR_NAT_PPU_C,,4343,2
IR_NAT_PPU_C,,4351,2
IR_NAT_PPU_C,,4352,2
IR_NAT_PPU_C,,4353,2
IR_NAT_PPU_C,,4359,2
IR_NAT_PPU_C,,4360,2
IR_NAT_PPU_C,,4361,2
IR_NAT_PPU_C,,4363,2
IR_NAT_PPU_C,,4364,2
IR_NAT_PPU_C,,4365,2
IR_NAT_PPU_C,,4366,2
IR_NAT_PPU_C,,4367,2
IR_NAT_PPU_C,,4368,2
IR_NAT_PPU_C,,4369,2
IR_NAT_PPU_C,,4370,2
IR_NAT_PPU_C,,4371,2
IR_NAT_PPU_C,,4372,2
IR_NAT_PPU_C,,4373,2
IR_NAT_PPU_C,,4374,2
IR_NAT_PPU_C,,4375,2
IR_NAT_PPU_C,,4376,2
IR_NAT_PPU_C,,4377,2
IR_NAT_PPU_C,,4378,2
IR_NAT_PPU_C,,4379,2
IR_NAT_PPU_C,,4380,2
IR_NAT_PPU_C,,4381,2
IR_NAT_PPU_C,,4382,2
IR_NAT_PPU_C,,4392,2
IR_NAT_PPU_C,,4393,2
IR_NAT_PPU_C,,4394,2
IR_NAT_PPU_C,,4395,2
IR_NAT_PPU_C,,4396,2
IR_NAT_PPU_C,,4397,2
IR_NAT_PPU_C,,4411,2
IR_NAT_PPU_C,,4412,2
IR_NAT_PPU_C,,4413,2
IR_NAT_PPU_C,,4414,2
IR_NAT_PPU_C,,4415,2
IR_NAT_PPU_C,,4416,2
IR_NAT_PPU_C,,4417,2
IR_NAT_PPU_C,,4419,2
IR_NAT_PPU_C,,4501,2
IR_NAT_PPU_C,,4511,2
IR_NAT_PPU_C,,4512,2
IR_NAT_PPU_C,,4513,2
IR_NAT_PPU_C,,4514,2
IR_NAT_PPU_C,,4515,2
IR_NAT_PPU_C,,4611,2
IR_NAT_PPU_C,,4612,2
IR_NAT_PPU_C,,5101,2
IR_NAT_PPU_C,,5102,2
IR_NAT_PPU_C,,5103,2
IR_NAT_PPU_C,,5104,2
IR_NAT_PPU_C,,5105,2
IR_NAT_PPU_C,,5106,2
IR_NAT_PPU_C,,5107,2
IR_NAT_PPU_C,,5108,2
IR_NAT_PPU_C,,5109,2
IR_NAT_PPU_C,,5110,2
IR_NAT_PPU_C,,5111,2
IR_NAT_PPU_C,,5112,2
IR_NAT_PPU_C,,5113,2
IR_NAT_PPU_C,,5114,2
IR_NAT_PPU_C,,5115,2
IR_NAT_PPU_C,,5116,2
IR_NAT_PPU_C,,5117,2
IR_NAT_PPU_C,,5118,2
IR_NAT_PPU_C,,5119,2
IR_NAT_PPU_C,,5120,2
IR_NAT_PPU_C,,5201,2
IR_NAT_PPU_C,,5202,2
IR_NAT_PPU_C,,5203,2
IR_NAT_PPU_C,,5204,2
IR_NAT_PPU_C,,5205,2
IR_NAT_PPU_C,,5206,2
IR_NAT_PPU_C,,5400,2
IR_NAT_PPU_C,,5401,2
IR_NAT_PPU_C,,6011,2
IR_NAT_PPU_C,,6012,2
IR_NAT_PPU_C,,6013,2
IR_NAT_PPU_C,,6014,2
IR_NAT_PPU_C,,6110,2
IR_NAT_PPU_C,,6111,2
IR_NAT_PPU_C,,6112,2
IR_NAT_PPU_C,,6113,2
IR_NAT_PPU_C,,6114,2
IR_NAT_PPU_C,,6115,2
IR_NAT_PPU_C,,6116,2
IR_NAT_PPU_C,,6117,2
IR_NAT_PPU_C,,6118,2
IR_NAT_PPU_C,,6119,2
IR_NAT_PPU_C,,6120,2
IR_NAT_PPU_C,,6121,2
IR_NAT_PPU_C,,6122,2
IR_NAT_PPU_C,,6123,2
IR_NAT_PPU_C,,6124,2
IR_NAT_PPU_C,,6125,2
IR_NAT_PPU_C,,6126,2
IR_NAT_PPU_C,,6127,2
IR_NAT_PPU_C,,6128,2
IR_NAT_PPU_C,,6129,2
IR_NAT_PPU_C,,6131,2
IR_NAT_PPU_C,,6132,2
IR_NAT_PPU_C,,6133,2
IR_NAT_PPU_C,,6134,2
IR_NAT_PPU_C,,6135,2
IR_NAT_PPU_C,,6191,2
IR_NAT_PPU_C,,6211,2
IR_NAT_PPU_C,,6212,2
IR_NAT_PPU_C,,6213,2
IR_NAT_PPU_C,,6214,2
IR_NAT_PPU_C,,6215,2
IR_NAT_PPU_C,,6221,2
IR_NAT_PPU_C,,6222,2
IR_NAT_PPU_C,,6231,2
IR_NAT_PPU_C,,6232,2
IR_NAT_PPU_C,,6233,2
IR_NAT_PPU_C,,6234,2
IR_NAT_PPU_C,,6235,2
IR_NAT_PPU_C,,1615,2
IR_NAT_PPU_C,,1616,2
IR_NAT_PPU_C,,1617,2
IR_NAT_PPU_C,,1618,2
IR_NAT_PPU_C,,1619,2
IR_NAT_PPU_C,,1621,2
IR_NAT_PPU_C,,1622,2
IR_NAT_PPU_C,,1623,2
IR_NAT_PPU_C,,1624,2
IR_NAT_PPU_C,,1625,2
IR_NAT_PPU_C,,1626,2
IR_NAT_PPU_C,,1627,2
IR_NAT_PPU_C,,1628,2
IR_NAT_PPU_C,,1629,2
IR_NAT_PPU_C,,1630,2
IR_NAT_PPU_C,,1631,2
IR_NAT_PPU_C,,1632,2
IR_NAT_PPU_C,,1633,2
IR_NAT_PPU_C,,1634,2
IR_NAT_PPU_C,,1635,2
IR_NAT_PPU_C,,1636,2
IR_NAT_PPU_C,,1637,2
IR_NAT_PPU_C,,1638,2
IR_NAT_PPU_C,,1639,2
IR_NAT_PPU_C,,1640,2
IR_NAT_PPU_C,,1641,2
IR_NAT_PPU_C,,1642,2
IR_NAT_PPU_C,,1643,2
IR_NAT_PPU_C,,1644,2
IR_NAT_PPU_C,,1645,2
IR_NAT_PPU_C,,1646,2
IR_NAT_PPU_C,,1647,2
IR_NAT_PPU_C,,1648,2
IR_NAT_PPU_C,,1649,2
IR_NAT_PPU_C,,1650,2
IR_NAT_PPU_C,,1651,2
IR_NAT_PPU_C,,1652,2
IR_NAT_PPU_C,,1653,2
IR_NAT_PPU_C,,1701,2
IR_NAT_PPU_C,,1702,2
IR_NAT_PPU_C,,1703,2
IR_NAT_PPU_C,,1704,2
IR_NAT_PPU_C,,1705,2
IR_NAT_PPU_C,,1706,2
IR_NAT_PPU_C,,1707,2
IR_NAT_PPU_C,,1708,2
IR_NAT_PPU_C,,1715,2
IR_NAT_PPU_C,,1716,2
IR_NAT_PPU_C,,1717,2
IR_NAT_PPU_C,,1718,2
IR_NAT_PPU_C,,1721,2
IR_NAT_PPU_C,,1722,2
IR_NAT_PPU_C,,1723,2
IR_NAT_PPU_C,,1724,2
IR_NAT_PPU_C,,1725,2
IR_NAT_PPU_C,,1726,2
IR_NAT_PPU_C,,1727,2
IR_NAT_PPU_C,,1728,2
IR_NAT_PPU_C,,1729,2
IR_NAT_PPU_C,,1731,2
IR_NAT_PPU_C,,1732,2
IR_NAT_PPU_C,,1733,2
IR_NAT_PPU_C,,1734,2
IR_NAT_PPU_C,,1735,2
IR_NAT_PPU_C,,1736,2
IR_NAT_PPU_C,,1741,2
IR_NAT_PPU_C,,1742,2
IR_NAT_PPU_C,,1743,2
IR_NAT_PPU_C,,1744,2
IR_NAT_PPU_C,,1745,2
IR_NAT_PPU_C,,1746,2
IR_NAT_PPU_C,,1747,2
IR_NAT_PPU_C,,1748,2
IR_NAT_PPU_C,,1749,2
IR_NAT_PPU_C,,1751,2
IR_NAT_PPU_C,,1761,2
IR_NAT_PPU_C,,1762,2
IR_NAT_PPU_C,,1763,2
IR_NAT_PPU_C,,1764,2
IR_NAT_PPU_C,,1765,2
IR_NAT_PPU_C,,1766,2
IR_NAT_PPU_C,,1767,2
IR_NAT_PPU_C,,1768,2
IR_NAT_PPU_C,,1769,2
IR_NAT_PPU_C,,1771,2
IR_NAT_PPU_C,,1781,2
IR_NAT_PPU_C,,1782,2
IR_NAT_PPU_C,,1783,2
IR_NAT_PPU_C,,1784,2
IR_NAT_PPU_C,,1785,2
IR_NAT_PPU_C,,1786,2
IR_NAT_PPU_C,,1787,2
IR_NAT_PPU_C,,1788,2
IR_NAT_PPU_C,,1789,2
IR_NAT_PPU_C,,1791,2
IR_NAT_PPU_C,,1811,2
IR_NAT_PPU_C,,1812,2
IR_NAT_PPU_C,,1813,2
IR_NAT_PPU_C,,1814,2
IR_NAT_PPU_C,,1821,2
IR_NAT_PPU_C,,1841,2
IR_NAT_PPU_C,,1842,2
IR_NAT_PPU_C,,1843,2
IR_NAT_PPU_C,,1844,2
IR_NAT_PPU_C,,1845,2
IR_NAT_PPU_C,,1846,2
IR_NAT_PPU_C,,1847,2
IR_NAT_PPU_C,,1903,2
IR_NAT_PPU_C,,1904,2
IR_NAT_PPU_C,,1905,2
IR_NAT_PPU_C,,1906,2
IR_NAT_PPU_C,,1907,2
IR_NAT_PPU_C,,1908,2
IR_NAT_PPU_C,,1909,2
IR_NAT_PPU_C,,1910,2
IR_NAT_PPU_C,,1911,2
IR_NAT_PPU_C,,1912,2
IR_NAT_PPU_C,,1913,2
IR_NAT_PPU_C,,1914,2
IR_NAT_PPU_C,,1915,2
IR_NAT_PPU_C,,1916,2
IR_NAT_PPU_C,,1917,2
IR_NAT_PPU_C,,1918,2
IR_NAT_PPU_C,,1919,2
IR_NAT_PPU_C,,1920,2
IR_NAT_PPU_C,,1921,2
IR_NAT_PPU_C,,1922,2
IR_NAT_PPU_C,,1923,2
IR_NAT_PPU_C,,1924,2
IR_NAT_PPU_C,,1925,2
IR_NAT_PPU_C,,1926,2
IR_NAT_PPU_C,,1931,2
IR_NAT_PPU_C,,1932,2
IR_NAT_PPU_C,,1933,2
IR_NAT_PPU_C,,1934,2
IR_NAT_PPU_C,,1935,2
IR_NAT_PPU_C,,1936,2
IR_NAT_PPU_C,,1937,2
IR_NAT_PPU_C,,1938,2
IR_NAT_PPU_C,,1939,2
IR_NAT_PPU_C,,1940,2
IR_NAT_PPU_C,,1941,2
IR_NAT_PPU_C,,1942,2
IR_NAT_PPU_C,,1943,2
IR_NAT_PPU_C,,1944,2
IR_NAT_PPU_C,,1945,2
IR_NAT_PPU_C,,1951,2
IR_NAT_PPU_C,,1952,2
IR_NAT_PPU_C,,1954,2
IR_NAT_PPU_C,,1955,2
IR_NAT_PPU_C,,1956,2
IR_NAT_PPU_C,,1957,2
IR_NAT_PPU_C,,1960,2
IR_NAT_PPU_C,,1961,2
IR_NAT_PPU_C,,1971,2
IR_NAT_PPU_C,,1972,2
IR_NAT_PPU_C,,1973,2
IR_NAT_PPU_C,,1974,2
IR_NAT_PPU_C,,1975,2
IR_NAT_PPU_C,,1976,2
IR_NAT_PPU_C,,1977,2
IR_NAT_PPU_C,,1978,2
IR_NAT_PPU_C,,1981,2
IR_NAT_PPU_C,,1990,2
IR_NAT_PPU_C,,1991,2
IR_NAT_PPU_C,,1992,2
IR_NAT_PPU_C,,1993,2
IR_NAT_PPU_C,,1994,2
IR_NAT_PPU_C,,1995,2
IR_NAT_PPU_C,,1996,2
IR_NAT_PPU_C,,1997,2
IR_NAT_PPU_C,,1998,2
IR_NAT_PPU_C,,1999,2
IR_NAT_PPU_C,,2106,2
IR_NAT_PPU_C,,2107,2
IR_NAT_PPU_C,,2108,2
IR_NAT_PPU_C,,2109,2
IR_NAT_PPU_C,,2111,2
IR_NAT_PPU_C,,2112,2
IR_NAT_PPU_C,,2113,2
IR_NAT_PPU_C,,2114,2
IR_NAT_PPU_C,,2115,2
IR_NAT_PPU_C,,2116,2
IR_NAT_PPU_C,,2117,2
IR_NAT_PPU_C,,2118,2
IR_NAT_PPU_C,,2119,2
IR_NAT_PPU_C,,2120,2
IR_NAT_PPU_C,,2129,2
IR_NAT_PPU_C,,2131,2
IR_NAT_PPU_C,,2132,2
IR_NAT_PPU_C,,2133,2
IR_NAT_PPU_C,,2134,2
IR_NAT_PPU_C,,2135,2
IR_NAT_PPU_C,,2136,2
IR_NAT_PPU_C,,2137,2
IR_NAT_PPU_C,,2138,2
IR_NAT_PPU_C,,2139,2
IR_NAT_PPU_C,,2140,2
IR_NAT_PPU_C,,2141,2
IR_NAT_PPU_C,,2142,2
IR_NAT_PPU_C,,2143,2
IR_NAT_PPU_C,,2144,2
IR_NAT_PPU_C,,2145,2
IR_NAT_PPU_C,,2146,2
IR_NAT_PPU_C,,2147,2
IR_NAT_PPU_C,,2150,2
IR_NAT_PPU_C,,2151,2
IR_NAT_PPU_C,,2152,2
IR_NAT_PPU_C,,2153,2
IR_NAT_PPU_C,,2154,2
IR_NAT_PPU_C,,2155,2
IR_NAT_PPU_C,,2156,2
IR_NAT_PPU_C,,2157,2
IR_NAT_PPU_C,,2158,2
IR_NAT_PPU_C,,2159,2
IR_NAT_PPU_C,,2160,2
IR_NAT_PPU_C,,2161,2
IR_NAT_PPU_C,,2162,2
IR_NAT_PPU_C,,2163,2
IR_NAT_PPU_C,,2164,2
IR_NAT_PPU_C,,2165,2
IR_NAT_PPU_C,,2166,2
IR_NAT_PPU_C,,2167,2
IR_NAT_PPU_C,,2168,2
IR_NAT_PPU_C,,2170,2
IR_NAT_PPU_C,,2171,2
IR_NAT_PPU_C,,2172,2
IR_NAT_PPU_C,,2173,2
IR_NAT_PPU_C,,2174,2
IR_NAT_PPU_C,,2175,2
IR_NAT_PPU_C,,2176,2
IR_NAT_PPU_C,,2177,2
IR_NAT_PPU_C,,2178,2
IR_NAT_PPU_C,,2181,2
IR_NAT_PPU_C,,2182,2
IR_NAT_PPU_C,,2183,2
IR_NAT_PPU_C,,2184,2
IR_NAT_PPU_C,,2185,2
IR_NAT_PPU_C,,2186,2
IR_NAT_PPU_C,,2187,2
IR_NAT_PPU_C,,1095,1
IR_NAT_PPU_C,,1096,1
IR_NAT_PPU_C,,1097,1
IR_NAT_PPU_C,,1100,1
IR_NAT_PPU_C,,1101,1
IR_NAT_PPU_C,,1102,1
IR_NAT_PPU_C,,1103,1
IR_NAT_PPU_C,,1104,1
IR_NAT_PPU_C,,1105,1
IR_NAT_PPU_C,,1106,1
IR_NAT_PPU_C,,1107,1
IR_NAT_PPU_C,,1108,1
IR_NAT_PPU_C,,1109,1
IR_NAT_PPU_C,,1110,1
IR_NAT_PPU_C,,1111,1
IR_NAT_PPU_C,,1112,1
IR_NAT_PPU_C,,1113,1
IR_NAT_PPU_C,,1114,1
IR_NAT_PPU_C,,1115,1
IR_NAT_PPU_C,,1116,1
IR_NAT_PPU_C,,1117,1
IR_NAT_PPU_C,,1118,1
IR_NAT_PPU_C,,1120,1
IR_NAT_PPU_C,,1122,1
IR_NAT_PPU_C,,1123,1
IR_NAT_PPU_C,,1124,1
IR_NAT_PPU_C,,1125,1
IR_NAT_PPU_C,,1126,1
IR_NAT_PPU_C,,1127,1
IR_NAT_PPU_C,,1128,1
IR_NAT_PPU_C,,1129,1
IR_NAT_PPU_C,,1130,1
IR_NAT_PPU_C,,1131,1
IR_NAT_PPU_C,,1132,1
IR_NAT_PPU_C,,1133,1
IR_NAT_PPU_C,,1134,1
IR_NAT_PPU_C,,1135,1
IR_NAT_PPU_C,,1136,1
IR_NAT_PPU_C,,1137,1
IR_NAT_PPU_C,,1138,1
IR_NAT_PPU_C,,1139,1
IR_NAT_PPU_C,,1140,1
IR_NAT_PPU_C,,1141,1
IR_NAT_PPU_C,,1144,1
IR_NAT_PPU_C,,1145,1
IR_NAT_PPU_C,,1146,1
IR_NAT_PPU_C,,1147,1
IR_NAT_PPU_C,,1148,1
IR_NAT_PPU_C,,1149,1
IR_NAT_PPU_C,,1157,1
IR_NAT_PPU_C,,1158,1
IR_NAT_PPU_C,,1159,1
IR_NAT_PPU_C,,1163,1
IR_NAT_PPU_C,,1164,1
IR_NAT_PPU_C,,1165,1
IR_NAT_PPU_C,,1166,1
IR_NAT_PPU_C,,1167,1
IR_NAT_PPU_C,,1168,1
IR_NAT_PPU_C,,1169,1
IR_NAT_PPU_C,,1171,1
IR_NAT_PPU_C,,1172,1
IR_NAT_PPU_C,,1173,1
IR_NAT_PPU_C,,1174,1
IR_NAT_PPU_C,,1176,1
IR_NAT_PPU_C,,1177,1
IR_NAT_PPU_C,,1178,1
IR_NAT_PPU_C,,1179,1
IR_NAT_PPU_C,,1180,1
IR_NAT_PPU_C,,1181,1
IR_NAT_PPU_C,,1184,1
IR_NAT_PPU_C,,1185,1
IR_NAT_PPU_C,,1186,1
IR_NAT_PPU_C,,1187,1
IR_NAT_PPU_C,,1188,1
IR_NAT_PPU_C,,1189,1
IR_NAT_PPU_C,,1190,1
IR_NAT_PPU_C,,1191,1
IR_NAT_PPU_C,,1192,1
IR_NAT_PPU_C,,1193,1
IR_NAT_PPU_C,,1194,1
IR_NAT_PPU_C,,1209,1
IR_NAT_PPU_C,,1210,1
IR_NAT_PPU_C,,1211,1
IR_NAT_PPU_C,,1212,1
IR_NAT_PPU_C,,1213,1
IR_NAT_PPU_C,,1214,1
IR_NAT_PPU_C,,1215,1
IR_NAT_PPU_C,,1216,1
IR_NAT_PPU_C,,1221,1
IR_NAT_PPU_C,,1222,1
IR_NAT_PPU_C,,1224,1
IR_NAT_PPU_C,,1226,1
IR_NAT_PPU_C,,1227,1
IR_NAT_PPU_C,,1228,1
IR_NAT_PPU_C,,1311,1
IR_NAT_PPU_C,,1312,1
IR_NAT_PPU_C,,1313,1
IR_NAT_PPU_C,,1316,1
IR_NAT_PPU_C,,1318,1
IR_NAT_PPU_C,,1321,1
IR_NAT_PPU_C,,1322,1
IR_NAT_PPU_C,,1323,1
IR_NAT_PPU_C,,1324,1
IR_NAT_PPU_C,,1331,1
IR_NAT_PPU_C,,1335,1
IR_NAT_PPU_C,,1336,1
IR_NAT_PPU_C,,1341,1
IR_NAT_PPU_C,,1342,1
IR_NAT_PPU_C,,1351,1
IR_NAT_PPU_C,,1352,1
IR_NAT_PPU_C,,1361,1
IR_NAT_PPU_C,,1401,1
IR_NAT_PPU_C,,1402,1
IR_NAT_PPU_C,,1403,1
IR_NAT_PPU_C,,1411,1
IR_NAT_PPU_C,,1421,1
IR_NAT_PPU_C,,1422,1
IR_NAT_PPU_C,,1423,1
IR_NAT_PPU_C,,1424,1
IR_NAT_PPU_C,,1425,1
IR_NAT_PPU_C,,1431,1
IR_NAT_PPU_C,,1432,1
IR_NAT_PPU_C,,1433,1
IR_NAT_PPU_C,,1434,1
IR_NAT_PPU_C,,1435,1
IR_NAT_PPU_C,,1436,1
IR_NAT_PPU_C,,1437,1
IR_NAT_PPU_C,,1451,1
IR_NAT_PPU_C,,1452,1
IR_NAT_PPU_C,,1453,1
IR_NAT_PPU_C,,1462,1
IR_NAT_PPU_C,,1465,1
IR_NAT_PPU_C,,1470,1
IR_NAT_PPU_C,,1471,1
IR_NAT_PPU_C,,1472,1
IR_NAT_PPU_C,,1473,1
IR_NAT_PPU_C,,1474,1
IR_NAT_PPU_C,,1475,1
IR_NAT_PPU_C,,1476,1
IR_NAT_PPU_C,,1477,1
IR_NAT_PPU_C,,1523,1
IR_NAT_PPU_C,,1602,1
IR_NAT_PPU_C,,1606,1
IR_NAT_PPU_C,,1607,1
IR_NAT_PPU_C,,1608,1
IR_NAT_PPU_C,,1610,1
IR_NAT_PPU_C,,1617,1
IR_NAT_PPU_C,,1618,1
IR_NAT_PPU_C,,1621,1
IR_NAT_PPU_C,,1622,1
IR_NAT_PPU_C,,1623,1
IR_NAT_PPU_C,,1624,1
IR_NAT_PPU_C,,1625,1
IR_NAT_PPU_C,,1626,1
IR_NAT_PPU_C,,1640,1
IR_NAT_PPU_C,,1641,1
IR_NAT_PPU_C,,1642,1
IR_NAT_PPU_C,,1643,1
IR_NAT_PPU_C,,1644,1
IR_NAT_PPU_C,,1645,1
IR_NAT_PPU_C,,1646,1
IR_NAT_PPU_C,,1647,1
IR_NAT_PPU_C,,1648,1
IR_NAT_PPU_C,,1649,1
IR_NAT_PPU_C,,1650,1
IR_NAT_PPU_C,,1651,1
IR_NAT_PPU_C,,1652,1
IR_NAT_PPU_C,,1653,1
IR_NAT_PPU_C,,1701,1
IR_NAT_PPU_C,,1702,1
IR_NAT_PPU_C,,1703,1
IR_NAT_PPU_C,,1704,1
IR_NAT_PPU_C,,1705,1
IR_NAT_PPU_C,,1706,1
IR_NAT_PPU_C,,1707,1
IR_NAT_PPU_C,,1708,1
IR_NAT_PPU_C,,1715,1
IR_NAT_PPU_C,,1716,1
IR_NAT_PPU_C,,1717,1
IR_NAT_PPU_C,,1721,1
IR_NAT_PPU_C,,1722,1
IR_NAT_PPU_C,,1723,1
IR_NAT_PPU_C,,1724,1
IR_NAT_PPU_C,,1725,1
IR_NAT_PPU_C,,1726,1
IR_NAT_PPU_C,,1727,1
IR_NAT_PPU_C,,1728,1
IR_NAT_PPU_C,,1729,1
IR_NAT_PPU_C,,1731,1
IR_NAT_PPU_C,,1732,1
IR_NAT_PPU_C,,1733,1
IR_NAT_PPU_C,,1734,1
IR_NAT_PPU_C,,1735,1
IR_NAT_PPU_C,,1736,1
IR_NAT_PPU_C,,1741,1
IR_NAT_PPU_C,,1742,1
IR_NAT_PPU_C,,1743,1
IR_NAT_PPU_C,,1744,1
IR_NAT_PPU_C,,1745,1
IR_NAT_PPU_C,,1746,1
IR_NAT_PPU_C,,1747,1
IR_NAT_PPU_C,,1748,1
IR_NAT_PPU_C,,1749,1
IR_NAT_PPU_C,,1751,1
IR_NAT_PPU_C,,1761,1
IR_NAT_PPU_C,,1762,1
IR_NAT_PPU_C,,1763,1
IR_NAT_PPU_C,,1764,1
IR_NAT_PPU_C,,1765,1
IR_NAT_PPU_C,,1766,1
IR_NAT_PPU_C,,1767,1
IR_NAT_PPU_C,,1768,1
IR_NAT_PPU_C,,1769,1
IR_NAT_PPU_C,,1771,1
IR_NAT_PPU_C,,1781,1
IR_NAT_PPU_C,,1782,1
IR_NAT_PPU_C,,1783,1
IR_NAT_PPU_C,,1784,1
IR_NAT_PPU_C,,1785,1
IR_NAT_PPU_C,,1786,1
IR_NAT_PPU_C,,1787,1
IR_NAT_PPU_C,,1788,1
IR_NAT_PPU_C,,1789,1
IR_NAT_PPU_C,,1791,1
IR_NAT_PPU_C,,1811,1
IR_NAT_PPU_C,,1812,1
IR_NAT_PPU_C,,1813,1
IR_NAT_PPU_C,,1814,1
IR_NAT_PPU_C,,1821,1
IR_NAT_PPU_C,,1841,1
IR_NAT_PPU_C,,1842,1
IR_NAT_PPU_C,,1843,1
IR_NAT_PPU_C,,1844,1
IR_NAT_PPU_C,,1845,1
IR_NAT_PPU_C,,1846,1
IR_NAT_PPU_C,,1847,1
IR_NAT_PPU_C,,1903,1
IR_NAT_PPU_C,,1904,1
IR_NAT_PPU_C,,1905,1
IR_NAT_PPU_C,,1906,1
IR_NAT_PPU_C,,1907,1
IR_NAT_PPU_C,,1908,1
IR_NAT_PPU_C,,1909,1
IR_NAT_PPU_C,,1911,1
IR_NAT_PPU_C,,1912,1
IR_NAT_PPU_C,,1913,1
IR_NAT_PPU_C,,1914,1
IR_NAT_PPU_C,,1915,1
IR_NAT_PPU_C,,1918,1
IR_NAT_PPU_C,,1919,1
IR_NAT_PPU_C,,1921,1
IR_NAT_PPU_C,,1922,1
IR_NAT_PPU_C,,1923,1
IR_NAT_PPU_C,,1924,1
IR_NAT_PPU_C,,1925,1
IR_NAT_PPU_C,,1926,1
IR_NAT_PPU_C,,1931,1
IR_NAT_PPU_C,,1932,1
IR_NAT_PPU_C,,1933,1
IR_NAT_PPU_C,,1934,1
IR_NAT_PPU_C,,1935,1
IR_NAT_PPU_C,,1936,1
IR_NAT_PPU_C,,1937,1
IR_NAT_PPU_C,,1938,1
IR_NAT_PPU_C,,1939,1
IR_NAT_PPU_C,,1940,1
IR_NAT_PPU_C,,1941,1
IR_NAT_PPU_C,,1942,1
IR_NAT_PPU_C,,1943,1
IR_NAT_PPU_C,,1944,1
IR_NAT_PPU_C,,1945,1
IR_NAT_PPU_C,,1951,1
IR_NAT_PPU_C,,1952,1
IR_NAT_PPU_C,,1954,1
IR_NAT_PPU_C,,1955,1
IR_NAT_PPU_C,,1956,1
IR_NAT_PPU_C,,1957,1
IR_NAT_PPU_C,,1960,1
IR_NAT_PPU_C,,1961,1
IR_NAT_PPU_C,,1971,1
IR_NAT_PPU_C,,1972,1
IR_NAT_PPU_C,,1973,1
IR_NAT_PPU_C,,1974,1
IR_NAT_PPU_C,,1975,1
IR_NAT_PPU_C,,1976,1
IR_NAT_PPU_C,,1977,1
IR_NAT_PPU_C,,1978,1
IR_NAT_PPU_C,,1981,1
IR_NAT_PPU_C,,1990,1
IR_NAT_PPU_C,,1991,1
IR_NAT_PPU_C,,1992,1
IR_NAT_PPU_C,,1993,1
IR_NAT_PPU_C,,1994,1
IR_NAT_PPU_C,,1995,1
IR_NAT_PPU_C,,1996,1
IR_NAT_PPU_C,,1997,1
IR_NAT_PPU_C,,1998,1
IR_NAT_PPU_C,,1999,1
IR_NAT_PPU_C,,2106,1
IR_NAT_PPU_C,,2107,1
IR_NAT_PPU_C,,2108,1
IR_NAT_PPU_C,,2109,1
IR_NAT_PPU_C,,2111,1
IR_NAT_PPU_C,,2112,1
IR_NAT_PPU_C,,2113,1
IR_NAT_PPU_C,,2114,1
IR_NAT_PPU_C,,2115,1
IR_NAT_PPU_C,,2116,1
IR_NAT_PPU_C,,2117,1
IR_NAT_PPU_C,,2118,1
IR_NAT_PPU_C,,2119,1
IR_NAT_PPU_C,,2120,1
IR_NAT_PPU_C,,2129,1
IR_NAT_PPU_C,,2131,1
IR_NAT_PPU_C,,2132,1
IR_NAT_PPU_C,,2133,1
IR_NAT_PPU_C,,2134,1
IR_NAT_PPU_C,,2135,1
IR_NAT_PPU_C,,2136,1
IR_NAT_PPU_C,,2137,1
IR_NAT_PPU_C,,2138,1
IR_NAT_PPU_C,,2139,1
IR_NAT_PPU_C,,2140,1
IR_NAT_PPU_C,,2142,1
IR_NAT_PPU_C,,2143,1
IR_NAT_PPU_C,,2144,1
IR_NAT_PPU_C,,2145,1
IR_NAT_PPU_C,,2146,1
IR_NAT_PPU_C,,2147,1
IR_NAT_PPU_C,,2150,1
IR_NAT_PPU_C,,2151,1
IR_NAT_PPU_C,,2152,1
IR_NAT_PPU_C,,2153,1
IR_NAT_PPU_C,,2154,1
IR_NAT_PPU_C,,2155,1
IR_NAT_PPU_C,,2156,1
IR_NAT_PPU_C,,2157,1
IR_NAT_PPU_C,,2158,1
IR_NAT_PPU_C,,2159,1
IR_NAT_PPU_C,,2161,1
IR_NAT_PPU_C,,2162,1
IR_NAT_PPU_C,,2163,1
IR_NAT_PPU_C,,2164,1
IR_NAT_PPU_C,,2165,1
IR_NAT_PPU_C,,2166,1
IR_NAT_PPU_C,,2167,1
IR_NAT_PPU_C,,2168,1
IR_NAT_PPU_C,,2181,1
IR_NAT_PPU_C,,2182,1
IR_NAT_PPU_C,,2183,1
IR_NAT_PPU_C,,2184,1
IR_NAT_PPU_C,,2185,1
IR_NAT_PPU_C,,2186,1
IR_NAT_PPU_C,,2187,1
IR_NAT_PPU_C,,2188,1
IR_NAT_PPU_C,,2189,1
IR_NAT_PPU_C,,2190,1
IR_NAT_PPU_C,,2191,1
IR_NAT_PPU_C,,2195,1
IR_NAT_PPU_C,,2196,1
IR_NAT_PPU_C,,2201,1
IR_NAT_PPU_C,,2202,1
IR_NAT_PPU_C,,2203,1
IR_NAT_PPU_C,,2204,1
IR_NAT_PPU_C,,2205,1
IR_NAT_PPU_C,,2206,1
IR_NAT_PPU_C,,2211,1
IR_NAT_PPU_C,,2213,1
IR_NAT_PPU_C,,2214,1
IR_NAT_PPU_C,,2215,1
IR_NAT_PPU_C,,2230,1
IR_NAT_PPU_C,,2232,1
IR_NAT_PPU_C,,2237,1
IR_NAT_PPU_C,,2238,1
IR_NAT_PPU_C,,2239,1
IR_NAT_PPU_C,,2240,1
IR_NAT_PPU_C,,2250,1
IR_NAT_PPU_C,,2251,1
IR_NAT_PPU_C,,2252,1
IR_NAT_PPU_C,,2257,1
IR_NAT_PPU_C,,2258,1
IR_NAT_PPU_C,,2259,1
IR_NAT_PPU_C,,2261,1
IR_NAT_PPU_C,,2262,1
IR_NAT_PPU_C,,2271,1
IR_NAT_PPU_C,,2272,1
IR_NAT_PPU_C,,2273,1
IR_NAT_PPU_C,,2274,1
IR_NAT_PPU_C,,2275,1
IR_NAT_PPU_C,,2283,1
IR_NAT_PPU_C,,2284,1
IR_NAT_PPU_C,,2285,1
IR_NAT_PPU_C,,2321,1
IR_NAT_PPU_C,,2331,1
IR_NAT_PPU_C,,2332,1
IR_NAT_PPU_C,,2333,1
IR_NAT_PPU_C,,2334,1
IR_NAT_PPU_C,,2335,1
IR_NAT_PPU_C,,2336,1
IR_NAT_PPU_C,,2337,1
IR_NAT_PPU_C,,2338,1
IR_NAT_PPU_C,,2339,1
IR_NAT_PPU_C,,2341,1
IR_NAT_PPU_C,,2351,1
IR_NAT_PPU_C,,2352,1
IR_NAT_PPU_C,,2353,1
IR_NAT_PPU_C,,2354,1
IR_NAT_PPU_C,,2355,1
IR_NAT_PPU_C,,2356,1
IR_NAT_PPU_C,,2357,1
IR_NAT_PPU_C,,2358,1
IR_NAT_PPU_C,,2359,1
IR_NAT_PPU_C,,2360,1
IR_NAT_PPU_C,,2361,1
IR_NAT_PPU_C,,2362,1
IR_NAT_PPU_C,,2363,1
IR_NAT_PPU_C,,2364,1
IR_NAT_PPU_C,,2365,1
IR_NAT_PPU_C,,2366,1
IR_NAT_PPU_C,,2367,1
IR_NAT_PPU_C,,2368,1
IR_NAT_PPU_C,,2369,1
IR_NAT_PPU_C,,2371,1
IR_NAT_PPU_C,,2372,1
IR_NAT_PPU_C,,2373,1
IR_NAT_PPU_C,,2391,1
IR_NAT_PPU_C,,2392,1
IR_NAT_PPU_C,,2411,1
IR_NAT_PPU_C,,2412,1
IR_NAT_PPU_C,,2413,1
IR_NAT_PPU_C,,2414,1
IR_NAT_PPU_C,,2415,1
IR_NAT_PPU_C,,2416,1
IR_NAT_PPU_C,,2417,1
IR_NAT_PPU_C,,2418,1
IR_NAT_PPU_C,,2419,1
IR_NAT_PPU_C,,2421,1
IR_NAT_PPU_C,,2422,1
IR_NAT_PPU_C,,2423,1
IR_NAT_PPU_C,,2424,1
IR_NAT_PPU_C,,2425,1
IR_NAT_PPU_C,,2426,1
IR_NAT_PPU_C,,2501,1
IR_NAT_PPU_C,,2502,1
IR_NAT_PPU_C,,2503,1
IR_NAT_PPU_C,,2504,1
IR_NAT_PPU_C,,3111,1
IR_NAT_PPU_C,,3112,1
IR_NAT_PPU_C,,3113,1
IR_NAT_PPU_C,,3115,1
IR_NAT_PPU_C,,3116,1
IR_NAT_PPU_C,,3117,1
IR_NAT_PPU_C,,3118,1
IR_NAT_PPU_C,,3119,1
IR_NAT_PPU_C,,3121,1
IR_NAT_PPU_C,,3122,1
IR_NAT_PPU_C,,3125,1
IR_NAT_PPU_C,,3127,1
IR_NAT_PPU_C,,3128,1
IR_NAT_PPU_C,,3131,1
IR_NAT_PPU_C,,3132,1
IR_NAT_PPU_C,,3133,1
IR_NAT_PPU_C,,3134,1
IR_NAT_PPU_C,,3135,1
IR_NAT_PPU_C,,3211,1
IR_NAT_PPU_C,,3213,1
IR_NAT_PPU_C,,3216,1
IR_NAT_PPU_C,,3221,1
IR_NAT_PPU_C,,3222,1
IR_NAT_PPU_C,,3223,1
IR_NAT_PPU_C,,3225,1
IR_NAT_PPU_C,,3300,1
IR_NAT_PPU_C,,3301,1
IR_NAT_PPU_C,,3302,1
IR_NAT_PPU_C,,3303,1
IR_NAT_PPU_C,,3304,1
IR_NAT_PPU_C,,3305,1
IR_NAT_PPU_C,,3306,1
IR_NAT_PPU_C,,3307,1
IR_NAT_PPU_C,,3311,1
IR_NAT_PPU_C,,3312,1
IR_NAT_PPU_C,,3313,1
IR_NAT_PPU_C,,3314,1
IR_NAT_PPU_C,,3315,1
IR_NAT_PPU_C,,3316,1
IR_NAT_PPU_C,,3317,1
IR_NAT_PPU_C,,3318,1
IR_NAT_PPU_C,,3319,1
IR_NAT_PPU_C,,3320,1
IR_NAT_PPU_C,,3321,1
IR_NAT_PPU_C,,3322,1
IR_NAT_PPU_C,,3323,1
IR_NAT_PPU_C,,3324,1
IR_NAT_PPU_C,,3325,1
IR_NAT_PPU_C,,3326,1
IR_NAT_PPU_C,,3327,1
IR_NAT_PPU_C,,3328,1
IR_NAT_PPU_C,,3329,1
IR_NAT_PPU_C,,3330,1
IR_NAT_PPU_C,,3331,1
IR_NAT_PPU_C,,3332,1
IR_NAT_PPU_C,,3336,1
IR_NAT_PPU_C,,3337,1
IR_NAT_PPU_C,,3338,1
IR_NAT_PPU_C,,3339,1
IR_NAT_PPU_C,,3340,1
IR_NAT_PPU_C,,3341,1
IR_NAT_PPU_C,,3342,1
IR_NAT_PPU_C,,3343,1
IR_NAT_PPU_C,,3351,1
IR_NAT_PPU_C,,3352,1
IR_NAT_PPU_C,,3353,1
IR_NAT_PPU_C,,3354,1
IR_NAT_PPU_C,,3355,1
IR_NAT_PPU_C,,3356,1
IR_NAT_PPU_C,,3357,1
IR_NAT_PPU_C,,3364,1
IR_NAT_PPU_C,,3365,1
IR_NAT_PPU_C,,3366,1
IR_NAT_PPU_C,,3375,1
IR_NAT_PPU_C,,3378,1
IR_NAT_PPU_C,,3382,1
IR_NAT_PPU_C,,3398,1
IR_NAT_PPU_C,,3399,1
IR_NAT_PPU_C,,3411,1
IR_NAT_PPU_C,,3412,1
IR_NAT_PPU_C,,3413,1
IR_NAT_PPU_C,,3414,1
IR_NAT_PPU_C,,3511,1
IR_NAT_PPU_C,,3512,1
IR_NAT_PPU_C,,3513,1
IR_NAT_PPU_C,,3514,1
IR_NAT_PPU_C,,3515,1
IR_NAT_PPU_C,,3516,1
IR_NAT_PPU_C,,3517,1
IR_NAT_PPU_C,,3518,1
IR_NAT_PPU_C,,3521,1
IR_NAT_PPU_C,,3523,1
IR_NAT_PPU_C,,3524,1
IR_NAT_PPU_C,,3525,1
IR_NAT_PPU_C,,3526,1
IR_NAT_PPU_C,,3527,1
IR_NAT_PPU_C,,3528,1
IR_NAT_PPU_C,,3529,1
IR_NAT_PPU_C,,3530,1
IR_NAT_PPU_C,,3531,1
IR_NAT_PPU_C,,3532,1
IR_NAT_PPU_C,,3533,1
IR_NAT_PPU_C,,3534,1
IR_NAT_PPU_C,,3535,1
IR_NAT_PPU_C,,3536,1
IR_NAT_PPU_C,,3537,1
IR_NAT_PPU_C,,3538,1
IR_NAT_PPU_C,,3539,1
IR_NAT_PPU_C,,3540,1
IR_NAT_PPU_C,,3541,1
IR_NAT_PPU_C,,3542,1
IR_NAT_PPU_C,,3543,1
IR_NAT_PPU_C,,3544,1
IR_NAT_PPU_C,,3545,1
IR_NAT_PPU_C,,3547,1
IR_NAT_PPU_C,,3549,1
IR_NAT_PPU_C,,3551,1
IR_NAT_PPU_C,,3552,1
IR_NAT_PPU_C,,3553,1
IR_NAT_PPU_C,,3554,1
IR_NAT_PPU_C,,3555,1
IR_NAT_PPU_C,,3556,1
IR_NAT_PPU_C,,3557,1
IR_NAT_PPU_C,,3561,1
IR_NAT_PPU_C,,3572,1
IR_NAT_PPU_C,,3573,1
IR_NAT_PPU_C,,3575,1
IR_NAT_PPU_C,,3576,1
IR_NAT_PPU_C,,3581,1
IR_NAT_PPU_C,,3582,1
IR_NAT_PPU_C,,3583,1
IR_NAT_PPU_C,,3591,1
IR_NAT_PPU_C,,3593,1
IR_NAT_PPU_C,,3610,1
IR_NAT_PPU_C,,3611,1
IR_NAT_PPU_C,,3612,1
IR_NAT_PPU_C,,4111,1
IR_NAT_PPU_C,,4112,1
IR_NAT_PPU_C,,4113,1
IR_NAT_PPU_C,,4114,1
IR_NAT_PPU_C,,4131,1
IR_NAT_PPU_C,,4132,1
IR_NAT_PPU_C,,4141,1
IR_NAT_PPU_C,,4142,1
IR_NAT_PPU_C,,4143,1
IR_NAT_PPU_C,,4144,1
IR_NAT_PPU_C,,4145,1
IR_NAT_PPU_C,,4151,1
IR_NAT_PPU_C,,4152,1
IR_NAT_PPU_C,,4153,1
IR_NAT_PPU_C,,4154,1
IR_NAT_PPU_C,,4155,1
IR_NAT_PPU_C,,4156,1
IR_NAT_PPU_C,,4157,1
IR_NAT_PPU_C,,4158,1
IR_NAT_PPU_C,,4206,1
IR_NAT_PPU_C,,4209,1
IR_NAT_PPU_C,,4211,1
IR_NAT_PPU_C,,4212,1
IR_NAT_PPU_C,,4213,1
IR_NAT_PPU_C,,4214,1
IR_NAT_PPU_C,,4215,1
IR_NAT_PPU_C,,4216,1
IR_NAT_PPU_C,,4219,1
IR_NAT_PPU_C,,4221,1
IR_NAT_PPU_C,,4222,1
IR_NAT_PPU_C,,4223,1
IR_NAT_PPU_C,,4227,1
IR_NAT_PPU_C,,4228,1
IR_NAT_PPU_C,,4315,1
IR_NAT_PPU_C,,4316,1
IR_NAT_PPU_C,,4317,1
IR_NAT_PPU_C,,4318,1
IR_NAT_PPU_C,,4319,1
IR_NAT_PPU_C,,4320,1
IR_NAT_PPU_C,,4321,1
IR_NAT_PPU_C,,4322,1
IR_NAT_PPU_C,,4323,1
IR_NAT_PPU_C,,4324,1
IR_NAT_PPU_C,,4325,1
IR_NAT_PPU_C,,4326,1
IR_NAT_PPU_C,,4327,1
IR_NAT_PPU_C,,4328,1
IR_NAT_PPU_C,,4329,1
IR_NAT_PPU_C,,4330,1
IR_NAT_PPU_C,,4331,1
IR_NAT_PPU_C,,4332,1
IR_NAT_PPU_C,,4339,1
IR_NAT_PPU_C,,4341,1
IR_NAT_PPU_C,,4342,1
IR_NAT_PPU_C,,4343,1
IR_NAT_PPU_C,,4351,1
IR_NAT_PPU_C,,4352,1
IR_NAT_PPU_C,,4353,1
IR_NAT_PPU_C,,4359,1
IR_NAT_PPU_C,,4360,1
IR_NAT_PPU_C,,4361,1
IR_NAT_PPU_C,,4363,1
IR_NAT_PPU_C,,4364,1
IR_NAT_PPU_C,,4365,1
IR_NAT_PPU_C,,4366,1
IR_NAT_PPU_C,,4367,1
IR_NAT_PPU_C,,4368,1
IR_NAT_PPU_C,,4369,1
IR_NAT_PPU_C,,4370,1
IR_NAT_PPU_C,,4371,1
IR_NAT_PPU_C,,4372,1
IR_NAT_PPU_C,,4373,1
IR_NAT_PPU_C,,4374,1
IR_NAT_PPU_C,,4379,1
IR_NAT_PPU_C,,4380,1
IR_NAT_PPU_C,,4381,1
IR_NAT_PPU_C,,4382,1
IR_NAT_PPU_C,,4411,1
IR_NAT_PPU_C,,4412,1
IR_NAT_PPU_C,,4413,1
IR_NAT_PPU_C,,4414,1
IR_NAT_PPU_C,,4415,1
IR_NAT_PPU_C,,4416,1
IR_NAT_PPU_C,,4417,1
IR_NAT_PPU_C,,4419,1
IR_NAT_PPU_C,,4501,1
IR_NAT_PPU_C,,4511,1
IR_NAT_PPU_C,,4512,1
IR_NAT_PPU_C,,4513,1
IR_NAT_PPU_C,,4514,1
IR_NAT_PPU_C,,4515,1
IR_NAT_PPU_C,,4611,1
IR_NAT_PPU_C,,4612,1
IR_NAT_PPU_C,,5101,1
IR_NAT_PPU_C,,5102,1
IR_NAT_PPU_C,,5103,1
IR_NAT_PPU_C,,5104,1
IR_NAT_PPU_C,,5105,1
IR_NAT_PPU_C,,5106,1
IR_NAT_PPU_C,,5107,1
IR_NAT_PPU_C,,5108,1
IR_NAT_PPU_C,,5109,1
IR_NAT_PPU_C,,5110,1
IR_NAT_PPU_C,,5111,1
IR_NAT_PPU_C,,5112,1
IR_NAT_PPU_C,,5113,1
IR_NAT_PPU_C,,5114,1
IR_NAT_PPU_C,,5115,1
IR_NAT_PPU_C,,5116,1
IR_NAT_PPU_C,,5117,1
IR_NAT_PPU_C,,5118,1
IR_NAT_PPU_C,,5119,1
IR_NAT_PPU_C,,5120,1
IR_NAT_PPU_C,,5201,1
IR_NAT_PPU_C,,5202,1
IR_NAT_PPU_C,,5203,1
IR_NAT_PPU_C,,5204,1
IR_NAT_PPU_C,,5205,1
IR_NAT_PPU_C,,5206,1
IR_NAT_PPU_C,,5400,1
IR_NAT_PPU_C,,5401,1
IR_NAT_PPU_C,,6011,1
IR_NAT_PPU_C,,6012,1
IR_NAT_PPU_C,,6013,1
IR_NAT_PPU_C,,6014,1
IR_NAT_PPU_C,,6110,1
IR_NAT_PPU_C,,6111,1
IR_NAT_PPU_C,,6112,1
IR_NAT_PPU_C,,6113,1
IR_NAT_PPU_C,,6114,1
IR_NAT_PPU_C,,6115,1
IR_NAT_PPU_C,,6116,1
IR_NAT_PPU_C,,6117,1
IR_NAT_PPU_C,,6118,1
IR_NAT_PPU_C,,6119,1
IR_NAT_PPU_C,,6120,1
IR_NAT_PPU_C,,6121,1
IR_NAT_PPU_C,,6122,1
IR_NAT_PPU_C,,6123,1
IR_NAT_PPU_C,,6124,1
IR_NAT_PPU_C,,6125,1
IR_NAT_PPU_C,,6126,1
IR_NAT_PPU_C,,6127,1
IR_NAT_PPU_C,,6128,1
IR_NAT_PPU_C,,6129,1
IR_NAT_PPU_C,,6131,1
IR_NAT_PPU_C,,6132,1
IR_NAT_PPU_C,,6133,1
IR_NAT_PPU_C,,6134,1
IR_NAT_PPU_C,,6236,2
IR_NAT_PPU_C,,6237,2
IR_NAT_PPU_C,,6238,2
IR_NAT_PPU_C,,6239,2
IR_NAT_PPU_C,,6241,2
IR_NAT_PPU_C,,6242,2
IR_NAT_PPU_C,,6251,2
IR_NAT_PPU_C,,6252,2
IR_NAT_PPU_C,,6253,2
IR_NAT_PPU_C,,6254,2
IR_NAT_PPU_C,,6257,2
IR_NAT_PPU_C,,6258,2
IR_NAT_PPU_C,,6261,2
IR_NAT_PPU_C,,6262,2
IR_NAT_PPU_C,,6311,2
IR_NAT_PPU_C,,6312,2
IR_NAT_PPU_C,,7111,2
IR_NAT_PPU_C,,7112,2
IR_NAT_PPU_C,,7113,2
IR_NAT_PPU_C,,7119,2
IR_NAT_PPU_C,,7201,2
IR_NAT_PPU_C,,8111,2
IR_NAT_PPU_C,,8112,2
IR_NAT_PPU_C,,8113,2
IR_NAT_PPU_C,,8114,2
IR_NAT_PPU_C,,8115,2
IR_NAT_PPU_C,,8116,2
IR_NAT_PPU_C,,8117,2
IR_NAT_PPU_C,,8118,2
IR_NAT_PPU_C,,8119,2
IR_NAT_PPU_C,,8120,2
IR_NAT_PPU_C,,8121,2
IR_NAT_PPU_C,,8222,2
IR_NAT_PPU_C,,8223,2
IR_NAT_PPU_C,,8224,2
IR_NAT_PPU_C,,8226,2
IR_NAT_PPU_C,,8227,2
IR_NAT_PPU_C,,9111,2
IR_NAT_PPU_C,,9112,2
IR_NAT_PPU_C,,9113,2
IR_NAT_PPU_C,,9114,2
IR_NAT_PPU_C,,9115,2
IR_NAT_PPU_C,,9116,2
IR_NAT_PPU_C,,9118,2
IR_NAT_PPU_C,,9119,2
IR_NAT_PPU_C,,9121,2
IR_NAT_PPU_C,,9122,2
IR_NAT_PPU_C,,9123,2
IR_NAT_PPU_C,,9129,2
IR_NAT_PPU_C,,9131,2
IR_NAT_PPU_C,,9132,2
IR_NAT_PPU_C,,9133,2
IR_NAT_PPU_C,,9134,2
IR_NAT_PPU_C,,9141,2
IR_NAT_PPU_C,,9142,2
IR_NAT_PPU_C,,9143,2
IR_NAT_PPU_C,,9144,2
IR_NAT_PPU_C,,9151,2
IR_NAT_PPU_C,,9152,2
IR_NAT_PPU_C,,9161,2
IR_NAT_PPU_C,,9162,2
IR_NAT_PPU_C,,9163,2
IR_NAT_PPU_C,,9164,2
IR_NAT_PPU_C,,9165,2
IR_NAT_PPU_C,,9166,2
IR_NAT_PPU_C,,9167,2
IR_NAT_PPU_C,,9168,2
IR_NAT_PPU_C,,9169,2
IR_NAT_PPU_C,,9170,2
IR_NAT_PPU_C,,9191,2
IR_NAT_PPU_C,,9201,2
IR_NAT_PPU_C,,9202,2
IR_NAT_PPU_C,,9203,2
IR_NAT_PPU_C,,9211,2
IR_NAT_PPU_C,,9221,2
IR_NAT_PPU_C,,9311,2
IR_NAT_PPU_C,,9313,2
IR_NAT_PPU_C,,9411,2
IR_NAT_PPU_C,,9421,2
IR_NAT_PPU_C,,9422,2
IR_NAT_PPU_C,,9423,2
IR_NAT_PPU_C,,9429,2
IR_NAT_PPU_C,,9430,2
IR_NAT_PPU_C,,9431,2
IR_NAT_PPU_C,,9432,2
IR_NAT_PPU_C,,9433,2
IR_NAT_PPU_C,,9434,2
IR_NAT_PPU_C,,9511,2
IR_NAT_PPU_C,,9512,2
IR_NAT_PPU_C,,9521,2
IR_NAT_PPU_C,,9522,2
IR_NAT_PPU_C,,9523,2
IR_NAT_PPU_C,,9524,2
IR_NAT_PPU_C,,9525,2
IR_NAT_PPU_C,,9526,2
IR_NAT_PPU_C,,9527,2
IR_NAT_PPU_C,,9528,2
IR_NAT_PPU_C,,9529,2
IR_NAT_PPU_C,,9530,2
IR_NAT_PPU_C,,9531,2
IR_NAT_PPU_C,,9532,2
IR_NAT_PPU_C,,9533,2
IR_NAT_PPU_C,,9534,2
IR_NAT_PPU_C,,9535,2
IR_NAT_PPU_C,,9536,2
IR_NAT_PPU_C,,9537,2
IR_NAT_PPU_C,,9538,2
IR_NAT_PPU_C,,9539,2
IR_NAT_PPU_C,,9540,2
IR_NAT_PPU_C,,9541,2
IR_NAT_PPU_C,,9542,2
IR_NAT_PPU_C,,9543,2
IR_NAT_PPU_C,,9544,2
IR_NAT_PPU_C,,9545,2
IR_NAT_PPU_C,,9546,2
IR_NAT_PPU_C,,9547,2
IR_NAT_PPU_C,,9548,2
IR_NAT_PPU_C,,9549,2
IR_NAT_PPU_C,,9550,2
IR_NAT_PPU_C,,9551,2
IR_NAT_PPU_C,,9552,2
IR_NAT_PPU_C,,9553,2
IR_NAT_PPU_C,,9554,2
IR_NAT_PPU_C,,9555,2
IR_NAT_PPU_C,,9556,2
IR_NAT_PPU_C,,9557,2
IR_NAT_PPU_C,,9558,2
IR_NAT_PPU_C,,9559,2
IR_NAT_PPU_C,,9560,2
IR_NAT_PPU_C,,9561,2
IR_NAT_PPU_C,,9562,2
IR_NAT_PPU_C,,9563,2
IR_NAT_PPU_C,,9564,2
IR_NAT_PPU_C,,9565,2
IR_NAT_PPU_C,,9566,2
IR_NAT_PPU_C,,9567,2
IR_NAT_PPU_C,,9568,2
IR_NAT_PPU_C,,9569,2
IR_NAT_PPU_C,,9570,2
IR_NAT_PPU_C,,9701,2
IR_NAT_PPU_C,,9702,2
IR_NAT_PPU_C,,9703,2
IR_NAT_PPU_C,,9704,2
IR_NAT_PPU_C,,9705,2
IR_NAT_PPU_C,,9706,2
IR_NAT_PPU_C,,9707,2
IR_NAT_PPU_C,,9708,2
IR_NAT_PPU_C,,9709,2
IR_NAT_PPU_C,,9710,2
IR_NAT_PPU_C,,9711,2
IR_NAT_PPU_C,,9713,2
IR_NAT_PPU_C,,9714,2
IR_NAT_PPU_C,,9715,2
IR_NAT_PPU_C,,9716,2
IR_NAT_PPU_C,,9717,2
IR_NAT_PPU_C,,9718,2
IR_NAT_PPU_C,,9719,2
IR_NAT_PPU_C,,9721,2
IR_NAT_PPU_C,,9722,2
IR_NAT_PPU_C,,9724,2
IR_NAT_PPU_C,,9725,2
IR_NAT_PPU_C,,9726,2
IR_NAT_PPU_C,,9727,2
IR_NAT_PPU_C,,9731,2
IR_NAT_PPU_C,,9732,2
IR_NAT_PPU_C,,9741,2
IR_NAT_PPU_C,,9742,2
IR_NAT_PPU_C,,9743,2
IR_NAT_PPU_C,,9744,2
IR_NAT_PPU_C,,9751,2
IR_NAT_PPU_C,,9752,2
IR_NAT_PPU_C,,9761,2
IR_NAT_PPU_C,,9762,2
IR_NAT_PPU_C,,9763,2
IR_NAT_PPU_C,,9764,2
IR_NAT_PPU_C,,9765,2
IR_NAT_PPU_C,,9766,2
IR_NAT_PPU_C,,9767,2
IR_NAT_PPU_C,,9768,2
IR_NAT_PPU_C,,9769,2
IR_NAT_PPU_C,,9771,2
IR_NAT_PPU_C,,9772,2
IR_NAT_PPU_C,,9773,2
IR_NAT_PPU_C,,9774,2
IR_NAT_PPU_C,,9775,2
IR_NAT_PPU_C,,9776,2
IR_NAT_PPU_C,,9777,2
IR_NAT_PPU_C,,9778,2
IR_NAT_PPU_C,,9801,2
IR_NAT_PPU_C,,9802,2
IR_NAT_PPU_C,,9803,2
IR_NAT_PPU_C,,9804,2
IR_NAT_PPU_C,,9805,2
IR_NAT_PPU_C,,9806,2
IR_NAT_PPU_C,,9807,2
IR_NAT_PPU_C,,9808,2
IR_NAT_PPU_C,,9809,2
IR_NAT_PPU_C,,9810,2
IR_NAT_PPU_C,,9811,2
IR_NAT_PPU_C,,9812,2
IR_NAT_PPU_C,,9813,2
IR_NAT_PPU_C,,9814,2
IR_NAT_PPU_C,,9815,2
IR_NAT_PPU_C,,9816,2
IR_NAT_PPU_C,,9817,2
IR_NAT_PPU_C,,9818,2
IR_NAT_PPU_C,,9819,2
IR_NAT_PPU_C,,9820,2
IR_NAT_PPU_C,,9821,2
IR_NAT_PPU_C,,9822,2
IR_NAT_PPU_C,,9823,2
IR_NAT_PPU_C,,9824,2
IR_NAT_PPU_C,,9825,2
IR_NAT_PPU_C,,9826,2
IR_NAT_PPU_C,,9827,2
IR_NAT_PPU_C,,9828,2
IR_NAT_PPU_C,,9829,2
IR_NAT_PPU_C,,9830,2
IR_NAT_PPU_C,,9831,2
IR_NAT_PPU_C,,9832,2
IR_NAT_PPU_C,,9833,2
IR_NAT_PPU_C,,9834,2
IR_NAT_PPU_C,,9835,2
IR_NAT_PPU_C,,9836,2
IR_NAT_PPU_C,,9837,2
IR_NAT_PPU_C,,9838,2
IR_NAT_PPU_C,,9839,2
IR_NAT_PPU_C,,9840,2
IR_NAT_PPU_C,,9841,2
IR_NAT_PPU_C,,9842,2
IR_NAT_PPU_C,,9843,2
IR_NAT_PPU_C,,9844,2
IR_NAT_PPU_C,,9845,2
IR_NAT_PPU_C,,9846,2
IR_NAT_PPU_C,,9847,2
IR_NAT_PPU_C,,9848,2
IR_NAT_PPU_C,,9849,2
IR_NAT_PPU_C,,9850,2
IR_NAT_PPU_C,,9851,2
IR_NAT_PPU_C,,9852,2
IR_NAT_PPU_C,,9853,2
IR_NAT_PPU_C,,9854,2
IR_NAT_PPU_C,,9855,2
IR_NAT_PPU_C,,9856,2
IR_NAT_PPU_C,,9857,2
IR_NAT_PPU_C,,9858,2
IR_NAT_PPU_C,,9859,2
IR_NAT_PPU_C,,9860,2
IR_NAT_PPU_C,,9861,2
IR_NAT_PPU_C,,9862,2
IR_NAT_PPU_C,,9863,2
IR_NAT_PPU_C,,9864,2
IR_NAT_PPU_C,,9865,2
IR_NAT_PPU_C,,9866,2
IR_NAT_PPU_C,,9867,2
IR_NAT_PPU_C,,9868,2
IR_NAT_PPU_C,,9869,2
IR_NAT_PPU_C,,9870,2
IR_NAT_PPU_C,,9871,2
IR_NAT_PPU_C,,9872,2
IR_NAT_PPU_C,,9873,2
IR_NAT_PPU_C,,9874,2
IR_NAT_PPU_C,,9875,2
IR_NAT_PPU_C,,9876,2
IR_NAT_PPU_C,,9877,2
IR_NAT_PPU_C,,9878,2
IR_NAT_PPU_C,,9879,2
IR_NAT_PPU_C,,9880,2
IR_NAT_PPU_C,,9881,2
IR_NAT_PPU_C,,9882,2
IR_NAT_PPU_C,,9883,2
IR_NAT_PPU_C,,9884,2
IR_NAT_PPU_C,,9885,2
IR_NAT_PPU_C,,9886,2
IR_NAT_PPU_C,,9887,2
IR_NAT_PPU_C,,9888,2
IR_NAT_PPU_C,,9889,2
IR_NAT_PPU_C,,9890,2
IR_NAT_PPU_C,,9891,2
IR_NAT_PPU_C,,9892,2
IR_NAT_PPU_C,,9893,2
IR_NAT_PPU_C,,9894,2
IR_NAT_PPU_C,,9895,2
IR_NAT_PPU_C,,9896,2
IR_NAT_PPU_C,,9897,2
IR_NAT_PPU_C,,9898,2
IR_NAT_PPU_C,,9899,2
IR_NAT_PPU_C,,9901,2
IR_NAT_PPU_C,,9902,2
IR_NAT_PPU_C,,9911,2
IR_NAT_PPU_C,,9912,2
IR_NAT_PPU_C,,9999,2
IR_NAT_PPU_C,,9844,1
IR_NAT_PPU_C,,9845,1
IR_NAT_PPU_C,,9846,1
IR_NAT_PPU_C,,9847,1
IR_NAT_PPU_C,,9848,1
IR_NAT_PPU_C,,9849,1
IR_NAT_PPU_C,,9850,1
IR_NAT_PPU_C,,9851,1
IR_NAT_PPU_C,,9852,1
IR_NAT_PPU_C,,9853,1
IR_NAT_PPU_C,,9854,1
IR_NAT_PPU_C,,9855,1
IR_NAT_PPU_C,,9856,1
IR_NAT_PPU_C,,9857,1
IR_NAT_PPU_C,,9858,1
IR_NAT_PPU_C,,9859,1
IR_NAT_PPU_C,,9860,1
IR_NAT_PPU_C,,9861,1
IR_NAT_PPU_C,,9862,1
IR_NAT_PPU_C,,9863,1
IR_NAT_PPU_C,,9864,1
IR_NAT_PPU_C,,9865,1
IR_NAT_PPU_C,,9866,1
IR_NAT_PPU_C,,9867,1
IR_NAT_PPU_C,,9868,1
IR_NAT_PPU_C,,9869,1
IR_NAT_PPU_C,,9870,1
IR_NAT_PPU_C,,9871,1
IR_NAT_PPU_C,,9872,1
IR_NAT_PPU_C,,9873,1
IR_NAT_PPU_C,,9874,1
IR_NAT_PPU_C,,9875,1
IR_NAT_PPU_C,,9876,1
IR_NAT_PPU_C,,9877,1
IR_NAT_PPU_C,,9878,1
IR_NAT_PPU_C,,9879,1
IR_NAT_PPU_C,,9880,1
IR_NAT_PPU_C,,9881,1
IR_NAT_PPU_C,,9882,1
IR_NAT_PPU_C,,9883,1
IR_NAT_PPU_C,,9884,1
IR_NAT_PPU_C,,9885,1
IR_NAT_PPU_C,,9886,1
IR_NAT_PPU_C,,9887,1
IR_NAT_PPU_C,,9888,1
IR_NAT_PPU_C,,9889,1
IR_NAT_PPU_C,,9890,1
IR_NAT_PPU_C,,9891,1
IR_NAT_PPU_C,,9892,1
IR_NAT_PPU_C,,9893,1
IR_NAT_PPU_C,,9894,1
IR_NAT_PPU_C,,9895,1
IR_NAT_PPU_C,,9896,1
IR_NAT_PPU_C,,9897,1
IR_NAT_PPU_C,,9898,1
IR_NAT_PPU_C,,9899,1
IR_NAT_PPU_C,,9901,1
IR_NAT_PPU_C,,9902,1
IR_NAT_PPU_C,,9911,1
IR_NAT_PPU_C,,9912,1
IR_NAT_PPU_C,,9999,1
IR_NAT_PPU_C,,1095,2
IR_NAT_PPU_C,,1096,2
IR_NAT_PPU_C,,1097,2
IR_NAT_PPU_C,,1098,2
IR_NAT_PPU_C,,1099,2
IR_NAT_PPU_C,,1100,2
IR_NAT_PPU_C,,1101,2
IR_NAT_PPU_C,,1102,2
IR_NAT_PPU_C,,1103,2
IR_NAT_PPU_C,,1104,2
IR_NAT_PPU_C,,1105,2
IR_NAT_PPU_C,,1106,2
IR_NAT_PPU_C,,1107,2
IR_NAT_PPU_C,,1108,2
IR_NAT_PPU_C,,1109,2
IR_NAT_PPU_C,,1110,2
IR_NAT_PPU_C,,1111,2
IR_NAT_PPU_C,,1112,2
IR_NAT_PPU_C,,1113,2
IR_NAT_PPU_C,,1114,2
IR_NAT_PPU_C,,1115,2
IR_NAT_PPU_C,,1116,2
IR_NAT_PPU_C,,1117,2
IR_NAT_PPU_C,,1118,2
IR_NAT_PPU_C,,1119,2
IR_NAT_PPU_C,,1120,2
IR_NAT_PPU_C,,1121,2
IR_NAT_PPU_C,,1122,2
IR_NAT_PPU_C,,1123,2
IR_NAT_PPU_C,,1124,2
IR_NAT_PPU_C,,1125,2
IR_NAT_PPU_C,,1126,2
IR_NAT_PPU_C,,1127,2
IR_NAT_PPU_C,,1128,2
IR_NAT_PPU_C,,1129,2
IR_NAT_PPU_C,,1130,2
IR_NAT_PPU_C,,1131,2
IR_NAT_PPU_C,,1132,2
IR_NAT_PPU_C,,1133,2
IR_NAT_PPU_C,,1134,2
IR_NAT_PPU_C,,1135,2
IR_NAT_PPU_C,,1136,2
IR_NAT_PPU_C,,1137,2
IR_NAT_PPU_C,,1138,2
IR_NAT_PPU_C,,1139,2
IR_NAT_PPU_C,,1140,2
IR_NAT_PPU_C,,1141,2
IR_NAT_PPU_C,,1142,2
IR_NAT_PPU_C,,1143,2
IR_NAT_PPU_C,,1144,2
IR_NAT_PPU_C,,1145,2
IR_NAT_PPU_C,,1146,2
IR_NAT_PPU_C,,1147,2
IR_NAT_PPU_C,,1148,2
IR_NAT_PPU_C,,1149,2
IR_NAT_PPU_C,,1150,2
IR_NAT_PPU_C,,1152,2
IR_NAT_PPU_C,,1153,2
IR_NAT_PPU_C,,1154,2
IR_NAT_PPU_C,,1155,2
IR_NAT_PPU_C,,1156,2
IR_NAT_PPU_C,,1157,2
IR_NAT_PPU_C,,1158,2
IR_NAT_PPU_C,,1159,2
IR_NAT_PPU_C,,1160,2
IR_NAT_PPU_C,,1161,2
IR_NAT_PPU_C,,1162,2
IR_NAT_PPU_C,,1163,2
IR_NAT_PPU_C,,1164,2
IR_NAT_PPU_C,,1165,2
IR_NAT_PPU_C,,1166,2
IR_NAT_PPU_C,,1167,2
IR_NAT_PPU_C,,1168,2
IR_NAT_PPU_C,,1169,2
IR_NAT_PPU_C,,1170,2
IR_NAT_PPU_C,,1171,2
IR_NAT_PPU_C,,1172,2
IR_NAT_PPU_C,,1173,2
IR_NAT_PPU_C,,1174,2
IR_NAT_PPU_C,,1175,2
IR_NAT_PPU_C,,1176,2
IR_NAT_PPU_C,,1177,2
IR_NAT_PPU_C,,1178,2
IR_NAT_PPU_C,,1179,2
IR_NAT_PPU_C,,1180,2
IR_NAT_PPU_C,,1181,2
IR_NAT_PPU_C,,1182,2
IR_NAT_PPU_C,,1183,2
IR_NAT_PPU_C,,1184,2
IR_NAT_PPU_C,,1185,2
IR_NAT_PPU_C,,1186,2
IR_NAT_PPU_C,,1187,2
IR_NAT_PPU_C,,1188,2
IR_NAT_PPU_C,,1189,2
IR_NAT_PPU_C,,1190,2
IR_NAT_PPU_C,,1191,2
IR_NAT_PPU_C,,1192,2
IR_NAT_PPU_C,,1193,2
IR_NAT_PPU_C,,1194,2
IR_NAT_PPU_C,,1209,2
IR_NAT_PPU_C,,1210,2
IR_NAT_PPU_C,,1211,2
IR_NAT_PPU_C,,1212,2
IR_NAT_PPU_C,,1213,2
IR_NAT_PPU_C,,1214,2
IR_NAT_PPU_C,,1215,2
IR_NAT_PPU_C,,1216,2
IR_NAT_PPU_C,,1221,2
IR_NAT_PPU_C,,1222,2
IR_NAT_PPU_C,,1224,2
IR_NAT_PPU_C,,1226,2
IR_NAT_PPU_C,,1227,2
IR_NAT_PPU_C,,1228,2
IR_NAT_PPU_C,,1311,2
IR_NAT_PPU_C,,1312,2
IR_NAT_PPU_C,,1313,2
IR_NAT_PPU_C,,1316,2
IR_NAT_PPU_C,,1318,2
IR_NAT_PPU_C,,1321,2
IR_NAT_PPU_C,,1322,2
IR_NAT_PPU_C,,1323,2
IR_NAT_PPU_C,,1324,2
IR_NAT_PPU_C,,1331,2
IR_NAT_PPU_C,,1335,2
IR_NAT_PPU_C,,1336,2
IR_NAT_PPU_C,,1341,2
IR_NAT_PPU_C,,1342,2
IR_NAT_PPU_C,,1351,2
IR_NAT_PPU_C,,1352,2
IR_NAT_PPU_C,,1361,2
IR_NAT_PPU_C,,1401,2
IR_NAT_PPU_C,,1402,2
IR_NAT_PPU_C,,1403,2
IR_NAT_PPU_C,,1411,2
IR_NAT_PPU_C,,1421,2
IR_NAT_PPU_C,,1422,2
IR_NAT_PPU_C,,1423,2
IR_NAT_PPU_C,,1424,2
IR_NAT_PPU_C,,1425,2
IR_NAT_PPU_C,,1426,2
IR_NAT_PPU_C,,1427,2
IR_NAT_PPU_C,,1431,2
IR_NAT_PPU_C,,1432,2
IR_NAT_PPU_C,,1433,2
IR_NAT_PPU_C,,1434,2
IR_NAT_PPU_C,,1435,2
IR_NAT_PPU_C,,1436,2
IR_NAT_PPU_C,,1437,2
IR_NAT_PPU_C,,1451,2
IR_NAT_PPU_C,,1452,2
IR_NAT_PPU_C,,1453,2
IR_NAT_PPU_C,,1462,2
IR_NAT_PPU_C,,1465,2
IR_NAT_PPU_C,,1470,2
IR_NAT_PPU_C,,1471,2
IR_NAT_PPU_C,,1472,2
IR_NAT_PPU_C,,1473,2
IR_NAT_PPU_C,,1474,2
IR_NAT_PPU_C,,1475,2
IR_NAT_PPU_C,,1476,2
IR_NAT_PPU_C,,1477,2
IR_NAT_PPU_C,,1521,2
IR_NAT_PPU_C,,1522,2
IR_NAT_PPU_C,,1523,2
IR_NAT_PPU_C,,1601,2
IR_NAT_PPU_C,,1602,2
IR_NAT_PPU_C,,1605,2
IR_NAT_PPU_C,,1606,2
IR_NAT_PPU_C,,1607,2
IR_NAT_PPU_C,,1608,2
IR_NAT_PPU_C,,1609,2
IR_NAT_PPU_C,,1610,2
IR_NAT_PPU_C,,1611,2
IR_NAT_PPU_C,,1612,2
IR_NAT_PPU_C,,1613,2
IR_NAT_PPU_C,,1614,2
IR_NAT_PPU_C,,2188,2
IR_NAT_PPU_C,,2189,2
IR_NAT_PPU_C,,2190,2
IR_NAT_PPU_C,,2191,2
IR_NAT_PPU_C,,2195,2
IR_NAT_PPU_C,,2201,2
IR_NAT_PPU_C,,2202,2
IR_NAT_PPU_C,,2203,2
IR_NAT_PPU_C,,2204,2
IR_NAT_PPU_C,,2205,2
IR_NAT_PPU_C,,2211,2
IR_NAT_PPU_C,,2212,2
IR_NAT_PPU_C,,2213,2
IR_NAT_PPU_C,,2214,2
IR_NAT_PPU_C,,2215,2
IR_NAT_PPU_C,,2221,2
IR_NAT_PPU_C,,2222,2
IR_NAT_PPU_C,,2229,2
IR_NAT_PPU_C,,2231,2
IR_NAT_PPU_C,,2232,2
IR_NAT_PPU_C,,2234,2
IR_NAT_PPU_C,,2235,2
IR_NAT_PPU_C,,2236,2
IR_NAT_PPU_C,,2237,2
IR_NAT_PPU_C,,2238,2
IR_NAT_PPU_C,,2239,2
IR_NAT_PPU_C,,2241,2
IR_NAT_PPU_C,,2242,2
IR_NAT_PPU_C,,2243,2
IR_NAT_PPU_C,,2244,2
IR_NAT_PPU_C,,2245,2
IR_NAT_PPU_C,,2246,2
IR_NAT_PPU_C,,2247,2
IR_NAT_PPU_C,,2248,2
IR_NAT_PPU_C,,2249,2
IR_NAT_PPU_C,,2250,2
IR_NAT_PPU_C,,2251,2
IR_NAT_PPU_C,,2252,2
IR_NAT_PPU_C,,2258,2
IR_NAT_PPU_C,,2260,2
IR_NAT_PPU_C,,2261,2
IR_NAT_PPU_C,,2262,2
IR_NAT_PPU_C,,2263,2
IR_NAT_PPU_C,,2264,2
IR_NAT_PPU_C,,2265,2
IR_NAT_PPU_C,,2271,2
IR_NAT_PPU_C,,2272,2
IR_NAT_PPU_C,,2273,2
IR_NAT_PPU_C,,2274,2
IR_NAT_PPU_C,,2275,2
IR_NAT_PPU_C,,2285,2
IR_NAT_PPU_C,,2315,2
IR_NAT_PPU_C,,2321,2
IR_NAT_PPU_C,,2331,2
IR_NAT_PPU_C,,2332,2
IR_NAT_PPU_C,,2333,2
IR_NAT_PPU_C,,2334,2
IR_NAT_PPU_C,,2335,2
IR_NAT_PPU_C,,2336,2
IR_NAT_PPU_C,,2337,2
IR_NAT_PPU_C,,2338,2
IR_NAT_PPU_C,,2339,2
IR_NAT_PPU_C,,2341,2
IR_NAT_PPU_C,,2342,2
IR_NAT_PPU_C,,2343,2
IR_NAT_PPU_C,,2344,2
IR_NAT_PPU_C,,2345,2
IR_NAT_PPU_C,,2346,2
IR_NAT_PPU_C,,2347,2
IR_NAT_PPU_C,,2351,2
IR_NAT_PPU_C,,2352,2
IR_NAT_PPU_C,,2353,2
IR_NAT_PPU_C,,2354,2
IR_NAT_PPU_C,,2355,2
IR_NAT_PPU_C,,2356,2
IR_NAT_PPU_C,,2357,2
IR_NAT_PPU_C,,2358,2
IR_NAT_PPU_C,,2359,2
IR_NAT_PPU_C,,2360,2
IR_NAT_PPU_C,,2361,2
IR_NAT_PPU_C,,2362,2
IR_NAT_PPU_C,,2363,2
IR_NAT_PPU_C,,2364,2
IR_NAT_PPU_C,,2365,2
IR_NAT_PPU_C,,2366,2
IR_NAT_PPU_C,,2367,2
IR_NAT_PPU_C,,2368,2
IR_NAT_PPU_C,,2369,2
IR_NAT_PPU_C,,2371,2
IR_NAT_PPU_C,,2372,2
IR_NAT_PPU_C,,2373,2
IR_NAT_PPU_C,,2380,2
IR_NAT_PPU_C,,2381,2
IR_NAT_PPU_C,,2382,2
IR_NAT_PPU_C,,2383,2
IR_NAT_PPU_C,,2384,2
IR_NAT_PPU_C,,2385,2
IR_NAT_PPU_C,,2386,2
IR_NAT_PPU_C,,2387,2
IR_NAT_PPU_C,,2388,2
IR_NAT_PPU_C,,2389,2
IR_NAT_PPU_C,,2391,2
IR_NAT_PPU_C,,2392,2
IR_NAT_PPU_C,,2411,2
IR_NAT_PPU_C,,2412,2
IR_NAT_PPU_C,,2413,2
IR_NAT_PPU_C,,2414,2
IR_NAT_PPU_C,,2415,2
IR_NAT_PPU_C,,2416,2
IR_NAT_PPU_C,,2417,2
IR_NAT_PPU_C,,2418,2
IR_NAT_PPU_C,,2419,2
IR_NAT_PPU_C,,2420,2
IR_NAT_PPU_C,,2421,2
IR_NAT_PPU_C,,2422,2
IR_NAT_PPU_C,,2423,2
IR_NAT_PPU_C,,2424,2
IR_NAT_PPU_C,,2425,2
IR_NAT_PPU_C,,2426,2
IR_NAT_PPU_C,,2428,2
IR_NAT_PPU_C,,2502,2
IR_NAT_PPU_C,,2503,2
IR_NAT_PPU_C,,2504,2
IR_NAT_PPU_C,,3110,2
IR_NAT_PPU_C,,3111,2
IR_NAT_PPU_C,,3112,2
IR_NAT_PPU_C,,3113,2
IR_NAT_PPU_C,,3115,2
IR_NAT_PPU_C,,3116,2
IR_NAT_PPU_C,,3117,2
IR_NAT_PPU_C,,3118,2
IR_NAT_PPU_C,,3119,2
IR_NAT_PPU_C,,3121,2
IR_NAT_PPU_C,,3122,2
IR_NAT_PPU_C,,3125,2
IR_NAT_PPU_C,,3126,2
IR_NAT_PPU_C,,3127,2
IR_NAT_PPU_C,,3128,2
IR_NAT_PPU_C,,3131,2
IR_NAT_PPU_C,,3132,2
IR_NAT_PPU_C,,3133,2
IR_NAT_PPU_C,,3134,2
IR_NAT_PPU_C,,3135,2
IR_NAT_PPU_C,,3139,2
IR_NAT_PPU_C,,3211,2
IR_NAT_PPU_C,,3213,2
IR_NAT_PPU_C,,3216,2
IR_NAT_PPU_C,,3221,2
IR_NAT_PPU_C,,3222,2
IR_NAT_PPU_C,,3223,2
IR_NAT_PPU_C,,3225,2
IR_NAT_PPU_C,,3300,2
IR_NAT_PPU_C,,3301,2
IR_NAT_PPU_C,,3302,2
IR_NAT_PPU_C,,3303,2
IR_NAT_PPU_C,,3304,2
IR_NAT_PPU_C,,3305,2
IR_NAT_PPU_C,,3306,2
IR_NAT_PPU_C,,3307,2
IR_NAT_PPU_C,,3311,2
IR_NAT_PPU_C,,3312,2
IR_NAT_PPU_C,,3313,2
IR_NAT_PPU_C,,3314,2
IR_NAT_PPU_C,,3315,2
IR_NAT_PPU_C,,3316,2
IR_NAT_PPU_C,,3317,2
IR_NAT_PPU_C,,3318,2
IR_NAT_PPU_C,,3319,2
IR_NAT_PPU_C,,3320,2
IR_NAT_PPU_C,,3321,2
IR_NAT_PPU_C,,3322,2
IR_NAT_PPU_C,,3323,2
IR_NAT_PPU_C,,3324,2
IR_NAT_PPU_C,,3325,2
IR_NAT_PPU_C,,3326,2
IR_NAT_PPU_C,,3327,2
IR_NAT_PPU_C,,3328,2
IR_NAT_PPU_C,,3329,2
IR_NAT_PPU_C,,3330,2
IR_NAT_PPU_C,,3331,2
IR_NAT_PPU_C,,3332,2
IR_NAT_PPU_C,,3334,2
IR_NAT_PPU_C,,3335,2
IR_NAT_PPU_C,,3336,2
IR_NAT_PPU_C,,3337,2
IR_NAT_PPU_C,,3338,2
IR_NAT_PPU_C,,3339,2
IR_NAT_PPU_C,,3340,2
IR_NAT_PPU_C,,3341,2
IR_NAT_PPU_C,,3342,2
IR_NAT_PPU_C,,3343,2
IR_NAT_PPU_C,,3351,2
IR_NAT_PPU_C,,3352,2
IR_NAT_PPU_C,,3353,2
IR_NAT_PPU_C,,3354,2
IR_NAT_PPU_C,,3355,2
IR_NAT_PPU_C,,3356,2
IR_NAT_PPU_C,,3357,2
IR_NAT_PPU_C,,3361,2
IR_NAT_PPU_C,,3362,2
IR_NAT_PPU_C,,3363,2
IR_NAT_PPU_C,,3364,2
IR_NAT_PPU_C,,3365,2
IR_NAT_PPU_C,,3366,2
IR_NAT_PPU_C,,3371,2
IR_NAT_PPU_C,,3372,2
IR_NAT_PPU_C,,3373,2
IR_NAT_PPU_C,,3374,2
IR_NAT_PPU_C,,3375,2
IR_NAT_PPU_C,,3378,2
IR_NAT_PPU_C,,3379,2
IR_NAT_PPU_C,,3380,2
IR_NAT_PPU_C,,3381,2
IR_NAT_PPU_C,,3382,2
IR_NAT_PPU_C,,3383,2
IR_NAT_PPU_C,,3384,2
IR_NAT_PPU_C,,3385,2
IR_NAT_PPU_C,,3386,2
IR_NAT_PPU_C,,3387,2
IR_NAT_PPU_C,,3388,2
IR_NAT_PPU_C,,3389,2
IR_NAT_PPU_C,,3390,2
IR_NAT_PPU_C,,3391,2
IR_NAT_PPU_C,,3392,2
IR_NAT_PPU_C,,3393,2
IR_NAT_PPU_C,,3394,2
IR_NAT_PPU_C,,3395,2
IR_NAT_PPU_C,,3396,2
IR_NAT_PPU_C,,3397,2
IR_NAT_PPU_C,,3398,2
IR_NAT_PPU_C,,3399,2
IR_NAT_PPU_C,,3411,2
IR_NAT_PPU_C,,3412,2
IR_NAT_PPU_C,,3413,2
IR_NAT_PPU_C,,3414,2
IR_NAT_PPU_C,,3511,2
IR_NAT_PPU_C,,3512,2
IR_NAT_PPU_C,,3513,2
IR_NAT_PPU_C,,3514,2
