nom_table,TEC_COL,CPT_COP_NUM,BEN_NIR_COD,BEN_NIR_LIB,TOP_NIR_SNI
IR_NIR_V,0,,00,NIR NORMAL (ni fictif ni provisoire),0
IR_NIR_V,0,,01,NIR FICTIF IVG,1
IR_NIR_V,0,,03,NIR D UN MIGRANT PROVISOIRE PASSAGE (commence par 5 ou 6),0
IR_NIR_V,0,,04,NIR D UN ASSURE PROVISOIRE (commence par 7 ou 8),0
IR_NIR_V,0,,05,NIR FICTIF IST,1
IR_NIR_V,0,,06,NIR FICTIF IVG DES MINEURES SANS CONSENTEMENT PARENTAL,1
IR_NIR_V,0,,08,NIR FICTIF AUTRE,1
IR_NIR_V,0,,09,NIR FICTIF DES AIDES A LA TELETRANSMISSION,1
IR_NIR_V,0,,11,NIR FICTIF CONTRACEPTION DES MINEURES,1
IR_NIR_V,0,,12,ALD MINEUR,1
IR_NIR_V,1,,99,valeur inconnue,0
IR_NIR_V,2,,NN,sans objet,0
IR_NIR_V,0,,13,NIR MATERNITE PS,1
IR_NIR_V,0,,14,NIR PATERNITE PS,1
IR_NIR_V,0,,15,NIR ADOPTION PS,1
