nom_table,CPT_COP_NUM,PRS_NAT,TAU_COD
IR_NAT_TAU_C,,2264,100
IR_NAT_TAU_C,,2265,100
IR_NAT_TAU_C,,2341,100
IR_NAT_TAU_C,,2342,100
IR_NAT_TAU_C,,2343,100
IR_NAT_TAU_C,,2344,100
IR_NAT_TAU_C,,2345,100
IR_NAT_TAU_C,,2346,100
IR_NAT_TAU_C,,2347,100
IR_NAT_TAU_C,,2351,100
IR_NAT_TAU_C,,2352,100
IR_NAT_TAU_C,,2353,100
IR_NAT_TAU_C,,2354,100
IR_NAT_TAU_C,,2355,100
IR_NAT_TAU_C,,2356,100
IR_NAT_TAU_C,,2357,100
IR_NAT_TAU_C,,2358,100
IR_NAT_TAU_C,,2359,100
IR_NAT_TAU_C,,2360,100
IR_NAT_TAU_C,,2361,100
IR_NAT_TAU_C,,2362,100
IR_NAT_TAU_C,,2363,100
IR_NAT_TAU_C,,2364,100
IR_NAT_TAU_C,,2365,100
IR_NAT_TAU_C,,2366,100
IR_NAT_TAU_C,,2367,100
IR_NAT_TAU_C,,2368,100
IR_NAT_TAU_C,,2369,100
IR_NAT_TAU_C,,2371,100
IR_NAT_TAU_C,,2372,100
IR_NAT_TAU_C,,2373,100
IR_NAT_TAU_C,,2391,100
IR_NAT_TAU_C,,2392,100
IR_NAT_TAU_C,,2411,100
IR_NAT_TAU_C,,2412,100
IR_NAT_TAU_C,,2413,100
IR_NAT_TAU_C,,2414,100
IR_NAT_TAU_C,,2415,100
IR_NAT_TAU_C,,2416,100
IR_NAT_TAU_C,,2417,100
IR_NAT_TAU_C,,2418,100
IR_NAT_TAU_C,,2419,100
IR_NAT_TAU_C,,2420,100
IR_NAT_TAU_C,,2421,100
IR_NAT_TAU_C,,2422,100
IR_NAT_TAU_C,,2423,100
IR_NAT_TAU_C,,2424,100
IR_NAT_TAU_C,,2425,100
IR_NAT_TAU_C,,2426,100
IR_NAT_TAU_C,,2428,100
IR_NAT_TAU_C,,2501,100
IR_NAT_TAU_C,,2502,100
IR_NAT_TAU_C,,2503,100
IR_NAT_TAU_C,,2504,100
IR_NAT_TAU_C,,3110,100
IR_NAT_TAU_C,,3118,100
IR_NAT_TAU_C,,3119,100
IR_NAT_TAU_C,,3126,100
IR_NAT_TAU_C,,3139,100
IR_NAT_TAU_C,,3213,100
IR_NAT_TAU_C,,3216,100
IR_NAT_TAU_C,,3300,100
IR_NAT_TAU_C,,3301,100
IR_NAT_TAU_C,,3302,100
IR_NAT_TAU_C,,3303,100
IR_NAT_TAU_C,,3304,100
IR_NAT_TAU_C,,3305,100
IR_NAT_TAU_C,,3306,100
IR_NAT_TAU_C,,3307,100
IR_NAT_TAU_C,,3311,100
IR_NAT_TAU_C,,3314,100
IR_NAT_TAU_C,,3317,100
IR_NAT_TAU_C,,3321,100
IR_NAT_TAU_C,,3322,100
IR_NAT_TAU_C,,3323,100
IR_NAT_TAU_C,,3324,100
IR_NAT_TAU_C,,3325,100
IR_NAT_TAU_C,,3329,100
IR_NAT_TAU_C,,3330,100
IR_NAT_TAU_C,,3336,100
IR_NAT_TAU_C,,3337,100
IR_NAT_TAU_C,,3338,100
IR_NAT_TAU_C,,3339,100
IR_NAT_TAU_C,,3340,100
IR_NAT_TAU_C,,3351,100
IR_NAT_TAU_C,,3352,100
IR_NAT_TAU_C,,3353,100
IR_NAT_TAU_C,,3354,100
IR_NAT_TAU_C,,3355,100
IR_NAT_TAU_C,,3356,100
IR_NAT_TAU_C,,3357,100
IR_NAT_TAU_C,,3361,100
IR_NAT_TAU_C,,3362,100
IR_NAT_TAU_C,,3363,100
IR_NAT_TAU_C,,3371,100
IR_NAT_TAU_C,,3372,100
IR_NAT_TAU_C,,3373,100
IR_NAT_TAU_C,,3374,100
IR_NAT_TAU_C,,3375,100
IR_NAT_TAU_C,,3378,100
IR_NAT_TAU_C,,3380,100
IR_NAT_TAU_C,,3382,100
IR_NAT_TAU_C,,3383,100
IR_NAT_TAU_C,,3387,100
IR_NAT_TAU_C,,3391,100
IR_NAT_TAU_C,,3392,100
IR_NAT_TAU_C,,3393,100
IR_NAT_TAU_C,,3394,100
IR_NAT_TAU_C,,3395,100
IR_NAT_TAU_C,,3396,100
IR_NAT_TAU_C,,3397,100
IR_NAT_TAU_C,,3398,100
IR_NAT_TAU_C,,3399,100
IR_NAT_TAU_C,,3411,100
IR_NAT_TAU_C,,3412,100
IR_NAT_TAU_C,,3413,100
IR_NAT_TAU_C,,3414,100
IR_NAT_TAU_C,,3543,100
IR_NAT_TAU_C,,3545,100
IR_NAT_TAU_C,,3548,100
IR_NAT_TAU_C,,3549,100
IR_NAT_TAU_C,,3561,100
IR_NAT_TAU_C,,3572,100
IR_NAT_TAU_C,,3573,100
IR_NAT_TAU_C,,3574,100
IR_NAT_TAU_C,,3575,100
IR_NAT_TAU_C,,3576,100
IR_NAT_TAU_C,,3591,100
IR_NAT_TAU_C,,3592,100
IR_NAT_TAU_C,,3593,100
IR_NAT_TAU_C,,3594,100
IR_NAT_TAU_C,,4204,100
IR_NAT_TAU_C,,4205,100
IR_NAT_TAU_C,,4208,100
IR_NAT_TAU_C,,4209,100
IR_NAT_TAU_C,,4222,100
IR_NAT_TAU_C,,4223,100
IR_NAT_TAU_C,,4224,100
IR_NAT_TAU_C,,4227,100
IR_NAT_TAU_C,,4228,100
IR_NAT_TAU_C,,4315,100
IR_NAT_TAU_C,,4316,100
IR_NAT_TAU_C,,4317,100
IR_NAT_TAU_C,,4318,100
IR_NAT_TAU_C,,4319,100
IR_NAT_TAU_C,,4320,100
IR_NAT_TAU_C,,4321,100
IR_NAT_TAU_C,,4322,100
IR_NAT_TAU_C,,4323,100
IR_NAT_TAU_C,,4324,100
IR_NAT_TAU_C,,4325,100
IR_NAT_TAU_C,,4326,100
IR_NAT_TAU_C,,4327,100
IR_NAT_TAU_C,,4328,100
IR_NAT_TAU_C,,4329,100
IR_NAT_TAU_C,,4330,100
IR_NAT_TAU_C,,4332,100
IR_NAT_TAU_C,,4339,100
IR_NAT_TAU_C,,4342,100
IR_NAT_TAU_C,,4343,100
IR_NAT_TAU_C,,4351,100
IR_NAT_TAU_C,,4352,100
IR_NAT_TAU_C,,4353,100
IR_NAT_TAU_C,,4359,100
IR_NAT_TAU_C,,4360,100
IR_NAT_TAU_C,,4361,100
IR_NAT_TAU_C,,4363,100
IR_NAT_TAU_C,,4364,100
IR_NAT_TAU_C,,4365,100
IR_NAT_TAU_C,,4366,100
IR_NAT_TAU_C,,4367,100
IR_NAT_TAU_C,,4368,100
IR_NAT_TAU_C,,4369,100
IR_NAT_TAU_C,,4370,100
IR_NAT_TAU_C,,4371,100
IR_NAT_TAU_C,,4372,100
IR_NAT_TAU_C,,4374,100
IR_NAT_TAU_C,,4375,100
IR_NAT_TAU_C,,4376,100
IR_NAT_TAU_C,,4377,100
IR_NAT_TAU_C,,4378,100
IR_NAT_TAU_C,,4379,100
IR_NAT_TAU_C,,4380,100
IR_NAT_TAU_C,,4392,100
IR_NAT_TAU_C,,4393,100
IR_NAT_TAU_C,,4394,100
IR_NAT_TAU_C,,4395,100
IR_NAT_TAU_C,,4396,100
IR_NAT_TAU_C,,4397,100
IR_NAT_TAU_C,,4411,100
IR_NAT_TAU_C,,4412,100
IR_NAT_TAU_C,,4413,100
IR_NAT_TAU_C,,4414,100
IR_NAT_TAU_C,,4415,100
IR_NAT_TAU_C,,4416,100
IR_NAT_TAU_C,,4417,100
IR_NAT_TAU_C,,4419,100
IR_NAT_TAU_C,,4501,100
IR_NAT_TAU_C,,4511,100
IR_NAT_TAU_C,,4611,100
IR_NAT_TAU_C,,4612,100
IR_NAT_TAU_C,,5101,100
IR_NAT_TAU_C,,5102,100
IR_NAT_TAU_C,,5103,100
IR_NAT_TAU_C,,5104,100
IR_NAT_TAU_C,,5105,100
IR_NAT_TAU_C,,5106,100
IR_NAT_TAU_C,,5107,100
IR_NAT_TAU_C,,5201,100
IR_NAT_TAU_C,,5202,100
IR_NAT_TAU_C,,5203,100
IR_NAT_TAU_C,,5204,100
IR_NAT_TAU_C,,6110,100
IR_NAT_TAU_C,,6111,100
IR_NAT_TAU_C,,6112,100
IR_NAT_TAU_C,,6113,100
IR_NAT_TAU_C,,6114,100
IR_NAT_TAU_C,,6115,100
IR_NAT_TAU_C,,6116,100
IR_NAT_TAU_C,,6117,100
IR_NAT_TAU_C,,6118,100
IR_NAT_TAU_C,,6119,100
IR_NAT_TAU_C,,6121,100
IR_NAT_TAU_C,,6122,100
IR_NAT_TAU_C,,6123,100
IR_NAT_TAU_C,,6124,100
IR_NAT_TAU_C,,6131,100
IR_NAT_TAU_C,,6132,100
IR_NAT_TAU_C,,6133,100
IR_NAT_TAU_C,,6134,100
IR_NAT_TAU_C,,6135,100
IR_NAT_TAU_C,,6212,100
IR_NAT_TAU_C,,6214,100
IR_NAT_TAU_C,,6215,100
IR_NAT_TAU_C,,6221,100
IR_NAT_TAU_C,,6222,100
IR_NAT_TAU_C,,6231,100
IR_NAT_TAU_C,,6232,100
IR_NAT_TAU_C,,6233,100
IR_NAT_TAU_C,,6234,100
IR_NAT_TAU_C,,6235,100
IR_NAT_TAU_C,,6236,100
IR_NAT_TAU_C,,6237,100
IR_NAT_TAU_C,,6238,100
IR_NAT_TAU_C,,6311,100
IR_NAT_TAU_C,,6312,100
IR_NAT_TAU_C,,7111,100
IR_NAT_TAU_C,,7112,100
IR_NAT_TAU_C,,7113,100
IR_NAT_TAU_C,,7119,100
IR_NAT_TAU_C,,8111,100
IR_NAT_TAU_C,,8112,100
IR_NAT_TAU_C,,8113,100
IR_NAT_TAU_C,,8114,100
IR_NAT_TAU_C,,8115,100
IR_NAT_TAU_C,,8116,100
IR_NAT_TAU_C,,8117,100
IR_NAT_TAU_C,,8118,100
IR_NAT_TAU_C,,8119,100
IR_NAT_TAU_C,,8120,100
IR_NAT_TAU_C,,8121,100
IR_NAT_TAU_C,,8222,100
IR_NAT_TAU_C,,8223,100
IR_NAT_TAU_C,,8224,100
IR_NAT_TAU_C,,8226,100
IR_NAT_TAU_C,,8227,100
IR_NAT_TAU_C,,9111,100
IR_NAT_TAU_C,,9112,100
IR_NAT_TAU_C,,9113,100
IR_NAT_TAU_C,,9114,100
IR_NAT_TAU_C,,9115,100
IR_NAT_TAU_C,,9116,100
IR_NAT_TAU_C,,9118,100
IR_NAT_TAU_C,,9119,100
IR_NAT_TAU_C,,9121,100
IR_NAT_TAU_C,,9122,100
IR_NAT_TAU_C,,9123,100
IR_NAT_TAU_C,,9129,100
IR_NAT_TAU_C,,9131,100
IR_NAT_TAU_C,,9134,100
IR_NAT_TAU_C,,9143,100
IR_NAT_TAU_C,,9144,100
IR_NAT_TAU_C,,9161,100
IR_NAT_TAU_C,,9162,100
IR_NAT_TAU_C,,9163,100
IR_NAT_TAU_C,,9164,100
IR_NAT_TAU_C,,9165,100
IR_NAT_TAU_C,,9166,100
IR_NAT_TAU_C,,9167,100
IR_NAT_TAU_C,,9168,100
IR_NAT_TAU_C,,9169,100
IR_NAT_TAU_C,,9170,100
IR_NAT_TAU_C,,9191,100
IR_NAT_TAU_C,,9201,100
IR_NAT_TAU_C,,9202,100
IR_NAT_TAU_C,,9203,100
IR_NAT_TAU_C,,9221,100
IR_NAT_TAU_C,,9311,100
IR_NAT_TAU_C,,9313,100
IR_NAT_TAU_C,,9411,100
IR_NAT_TAU_C,,9421,100
IR_NAT_TAU_C,,9422,100
IR_NAT_TAU_C,,9423,100
IR_NAT_TAU_C,,9429,100
IR_NAT_TAU_C,,9430,100
IR_NAT_TAU_C,,9431,100
IR_NAT_TAU_C,,9432,100
IR_NAT_TAU_C,,9434,100
IR_NAT_TAU_C,,9511,100
IR_NAT_TAU_C,,9512,100
IR_NAT_TAU_C,,9522,100
IR_NAT_TAU_C,,9523,100
IR_NAT_TAU_C,,9524,100
IR_NAT_TAU_C,,9525,100
IR_NAT_TAU_C,,9526,100
IR_NAT_TAU_C,,9527,100
IR_NAT_TAU_C,,9528,100
IR_NAT_TAU_C,,9529,100
IR_NAT_TAU_C,,9530,100
IR_NAT_TAU_C,,9531,100
IR_NAT_TAU_C,,9532,100
IR_NAT_TAU_C,,9533,100
IR_NAT_TAU_C,,9534,100
IR_NAT_TAU_C,,9535,100
IR_NAT_TAU_C,,9536,100
IR_NAT_TAU_C,,9537,100
IR_NAT_TAU_C,,9538,100
IR_NAT_TAU_C,,9539,100
IR_NAT_TAU_C,,9540,100
IR_NAT_TAU_C,,9541,100
IR_NAT_TAU_C,,9542,100
IR_NAT_TAU_C,,9543,100
IR_NAT_TAU_C,,9544,100
IR_NAT_TAU_C,,9545,100
IR_NAT_TAU_C,,9546,100
IR_NAT_TAU_C,,9547,100
IR_NAT_TAU_C,,9548,100
IR_NAT_TAU_C,,9549,100
IR_NAT_TAU_C,,9550,100
IR_NAT_TAU_C,,9551,100
IR_NAT_TAU_C,,9552,100
IR_NAT_TAU_C,,9553,100
IR_NAT_TAU_C,,9554,100
IR_NAT_TAU_C,,9555,100
IR_NAT_TAU_C,,9556,100
IR_NAT_TAU_C,,9557,100
IR_NAT_TAU_C,,9558,100
IR_NAT_TAU_C,,9559,100
IR_NAT_TAU_C,,9560,100
IR_NAT_TAU_C,,9561,100
IR_NAT_TAU_C,,9562,100
IR_NAT_TAU_C,,9563,100
IR_NAT_TAU_C,,9564,100
IR_NAT_TAU_C,,9565,100
IR_NAT_TAU_C,,9567,100
IR_NAT_TAU_C,,9568,100
IR_NAT_TAU_C,,9569,100
IR_NAT_TAU_C,,9570,100
IR_NAT_TAU_C,,9701,100
IR_NAT_TAU_C,,9702,100
IR_NAT_TAU_C,,9703,100
IR_NAT_TAU_C,,9704,100
IR_NAT_TAU_C,,9705,100
IR_NAT_TAU_C,,9706,100
IR_NAT_TAU_C,,9707,100
IR_NAT_TAU_C,,9708,100
IR_NAT_TAU_C,,9709,100
IR_NAT_TAU_C,,9710,100
IR_NAT_TAU_C,,9711,100
IR_NAT_TAU_C,,9713,100
IR_NAT_TAU_C,,9714,100
IR_NAT_TAU_C,,9715,100
IR_NAT_TAU_C,,9716,100
IR_NAT_TAU_C,,9717,100
IR_NAT_TAU_C,,9718,100
IR_NAT_TAU_C,,9719,100
IR_NAT_TAU_C,,9721,100
IR_NAT_TAU_C,,9722,100
IR_NAT_TAU_C,,9724,100
IR_NAT_TAU_C,,9725,100
IR_NAT_TAU_C,,9726,100
IR_NAT_TAU_C,,9727,100
IR_NAT_TAU_C,,9731,100
IR_NAT_TAU_C,,9732,100
IR_NAT_TAU_C,,9741,100
IR_NAT_TAU_C,,9742,100
IR_NAT_TAU_C,,9743,100
IR_NAT_TAU_C,,9744,100
IR_NAT_TAU_C,,9751,100
IR_NAT_TAU_C,,9752,100
IR_NAT_TAU_C,,9761,100
IR_NAT_TAU_C,,9762,100
IR_NAT_TAU_C,,9763,100
IR_NAT_TAU_C,,9764,100
IR_NAT_TAU_C,,9765,100
IR_NAT_TAU_C,,9766,100
IR_NAT_TAU_C,,9767,100
IR_NAT_TAU_C,,9768,100
IR_NAT_TAU_C,,9769,100
IR_NAT_TAU_C,,9771,100
IR_NAT_TAU_C,,9772,100
IR_NAT_TAU_C,,9773,100
IR_NAT_TAU_C,,9774,100
IR_NAT_TAU_C,,9775,100
IR_NAT_TAU_C,,9776,100
IR_NAT_TAU_C,,9777,100
IR_NAT_TAU_C,,9778,100
IR_NAT_TAU_C,,9901,100
IR_NAT_TAU_C,,9902,100
IR_NAT_TAU_C,,9911,100
IR_NAT_TAU_C,,9912,100
IR_NAT_TAU_C,,1100,100
IR_NAT_TAU_C,,1104,100
IR_NAT_TAU_C,,1122,100
IR_NAT_TAU_C,,1123,100
IR_NAT_TAU_C,,1124,100
IR_NAT_TAU_C,,1128,100
IR_NAT_TAU_C,,1130,100
IR_NAT_TAU_C,,1138,100
IR_NAT_TAU_C,,1139,100
IR_NAT_TAU_C,,1142,100
IR_NAT_TAU_C,,1143,100
IR_NAT_TAU_C,,1144,100
IR_NAT_TAU_C,,1145,100
IR_NAT_TAU_C,,1146,100
IR_NAT_TAU_C,,1147,100
IR_NAT_TAU_C,,1148,100
IR_NAT_TAU_C,,1149,100
IR_NAT_TAU_C,,1150,100
IR_NAT_TAU_C,,1155,100
IR_NAT_TAU_C,,1156,100
IR_NAT_TAU_C,,1157,100
IR_NAT_TAU_C,,1158,100
IR_NAT_TAU_C,,1160,100
IR_NAT_TAU_C,,1161,100
IR_NAT_TAU_C,,1162,100
IR_NAT_TAU_C,,1163,100
IR_NAT_TAU_C,,1164,100
IR_NAT_TAU_C,,1165,100
IR_NAT_TAU_C,,1166,100
IR_NAT_TAU_C,,1167,100
IR_NAT_TAU_C,,1168,100
IR_NAT_TAU_C,,1169,100
IR_NAT_TAU_C,,1170,100
IR_NAT_TAU_C,,1171,100
IR_NAT_TAU_C,,1172,100
IR_NAT_TAU_C,,1173,100
IR_NAT_TAU_C,,1174,100
IR_NAT_TAU_C,,1175,100
IR_NAT_TAU_C,,1176,100
IR_NAT_TAU_C,,1177,100
IR_NAT_TAU_C,,1178,100
IR_NAT_TAU_C,,1179,100
IR_NAT_TAU_C,,1180,100
IR_NAT_TAU_C,,1181,100
IR_NAT_TAU_C,,1182,100
IR_NAT_TAU_C,,1183,100
IR_NAT_TAU_C,,1184,100
IR_NAT_TAU_C,,1185,100
IR_NAT_TAU_C,,1186,100
IR_NAT_TAU_C,,1187,100
IR_NAT_TAU_C,,1188,100
IR_NAT_TAU_C,,1189,100
IR_NAT_TAU_C,,1190,100
IR_NAT_TAU_C,,1193,100
IR_NAT_TAU_C,,1194,100
IR_NAT_TAU_C,,1425,100
IR_NAT_TAU_C,,1426,100
IR_NAT_TAU_C,,1427,100
IR_NAT_TAU_C,,1434,100
IR_NAT_TAU_C,,1435,100
IR_NAT_TAU_C,,1436,100
IR_NAT_TAU_C,,1521,100
IR_NAT_TAU_C,,1522,100
IR_NAT_TAU_C,,1523,100
IR_NAT_TAU_C,,1601,100
IR_NAT_TAU_C,,1602,100
IR_NAT_TAU_C,,1605,100
IR_NAT_TAU_C,,1606,100
IR_NAT_TAU_C,,1607,100
IR_NAT_TAU_C,,1608,100
IR_NAT_TAU_C,,1609,100
IR_NAT_TAU_C,,1610,100
IR_NAT_TAU_C,,1611,100
IR_NAT_TAU_C,,1612,100
IR_NAT_TAU_C,,1613,100
IR_NAT_TAU_C,,1614,100
IR_NAT_TAU_C,,1615,100
IR_NAT_TAU_C,,1616,100
IR_NAT_TAU_C,,1617,100
IR_NAT_TAU_C,,1618,100
IR_NAT_TAU_C,,1619,100
IR_NAT_TAU_C,,1621,100
IR_NAT_TAU_C,,1622,100
IR_NAT_TAU_C,,1623,100
IR_NAT_TAU_C,,1624,100
IR_NAT_TAU_C,,1625,100
IR_NAT_TAU_C,,1626,100
IR_NAT_TAU_C,,1627,100
IR_NAT_TAU_C,,1628,100
IR_NAT_TAU_C,,1629,100
IR_NAT_TAU_C,,1630,100
IR_NAT_TAU_C,,1631,100
IR_NAT_TAU_C,,1632,100
IR_NAT_TAU_C,,1633,100
IR_NAT_TAU_C,,1634,100
IR_NAT_TAU_C,,1635,100
IR_NAT_TAU_C,,1636,100
IR_NAT_TAU_C,,1637,100
IR_NAT_TAU_C,,1638,100
IR_NAT_TAU_C,,1639,100
IR_NAT_TAU_C,,1640,100
IR_NAT_TAU_C,,1641,100
IR_NAT_TAU_C,,1642,100
IR_NAT_TAU_C,,1643,100
IR_NAT_TAU_C,,1644,100
IR_NAT_TAU_C,,1645,100
IR_NAT_TAU_C,,1646,100
IR_NAT_TAU_C,,1647,100
IR_NAT_TAU_C,,1648,100
IR_NAT_TAU_C,,1649,100
IR_NAT_TAU_C,,1650,100
IR_NAT_TAU_C,,1651,100
IR_NAT_TAU_C,,1652,100
IR_NAT_TAU_C,,1653,100
IR_NAT_TAU_C,,1701,100
IR_NAT_TAU_C,,1702,100
IR_NAT_TAU_C,,1703,100
IR_NAT_TAU_C,,1704,100
IR_NAT_TAU_C,,1705,100
IR_NAT_TAU_C,,1706,100
IR_NAT_TAU_C,,1707,100
IR_NAT_TAU_C,,1708,100
IR_NAT_TAU_C,,1715,100
IR_NAT_TAU_C,,1716,100
IR_NAT_TAU_C,,1717,100
IR_NAT_TAU_C,,1718,100
IR_NAT_TAU_C,,1721,100
IR_NAT_TAU_C,,1722,100
IR_NAT_TAU_C,,1723,100
IR_NAT_TAU_C,,1724,100
IR_NAT_TAU_C,,1725,100
IR_NAT_TAU_C,,1726,100
IR_NAT_TAU_C,,1727,100
IR_NAT_TAU_C,,1728,100
IR_NAT_TAU_C,,1729,100
IR_NAT_TAU_C,,1731,100
IR_NAT_TAU_C,,1732,100
IR_NAT_TAU_C,,1733,100
IR_NAT_TAU_C,,1734,100
IR_NAT_TAU_C,,1735,100
IR_NAT_TAU_C,,1736,100
IR_NAT_TAU_C,,1741,100
IR_NAT_TAU_C,,1742,100
IR_NAT_TAU_C,,1743,100
IR_NAT_TAU_C,,1744,100
IR_NAT_TAU_C,,1745,100
IR_NAT_TAU_C,,1746,100
IR_NAT_TAU_C,,1747,100
IR_NAT_TAU_C,,1748,100
IR_NAT_TAU_C,,1749,100
IR_NAT_TAU_C,,1751,100
IR_NAT_TAU_C,,1761,100
IR_NAT_TAU_C,,1762,100
IR_NAT_TAU_C,,1763,100
IR_NAT_TAU_C,,1764,100
IR_NAT_TAU_C,,1765,100
IR_NAT_TAU_C,,1766,100
IR_NAT_TAU_C,,1767,100
IR_NAT_TAU_C,,1768,100
IR_NAT_TAU_C,,1769,100
IR_NAT_TAU_C,,1771,100
IR_NAT_TAU_C,,1781,100
IR_NAT_TAU_C,,1782,100
IR_NAT_TAU_C,,1783,100
IR_NAT_TAU_C,,1784,100
IR_NAT_TAU_C,,1785,100
IR_NAT_TAU_C,,1786,100
IR_NAT_TAU_C,,1787,100
IR_NAT_TAU_C,,1788,100
IR_NAT_TAU_C,,1789,100
IR_NAT_TAU_C,,1791,100
IR_NAT_TAU_C,,1811,100
IR_NAT_TAU_C,,1812,100
IR_NAT_TAU_C,,1813,100
IR_NAT_TAU_C,,1814,100
IR_NAT_TAU_C,,1907,100
IR_NAT_TAU_C,,1908,100
IR_NAT_TAU_C,,1909,100
IR_NAT_TAU_C,,1910,100
IR_NAT_TAU_C,,1914,100
IR_NAT_TAU_C,,1915,100
IR_NAT_TAU_C,,1916,100
IR_NAT_TAU_C,,1917,100
IR_NAT_TAU_C,,1920,100
IR_NAT_TAU_C,,1921,100
IR_NAT_TAU_C,,1924,100
IR_NAT_TAU_C,,1925,100
IR_NAT_TAU_C,,1940,100
IR_NAT_TAU_C,,1981,100
IR_NAT_TAU_C,,1990,100
IR_NAT_TAU_C,,1991,100
IR_NAT_TAU_C,,1992,100
IR_NAT_TAU_C,,1993,100
IR_NAT_TAU_C,,1994,100
IR_NAT_TAU_C,,1995,100
IR_NAT_TAU_C,,1996,100
IR_NAT_TAU_C,,1997,100
IR_NAT_TAU_C,,1998,100
IR_NAT_TAU_C,,1999,100
IR_NAT_TAU_C,,2120,100
IR_NAT_TAU_C,,2160,100
IR_NAT_TAU_C,,2161,100
IR_NAT_TAU_C,,2170,100
IR_NAT_TAU_C,,2171,100
IR_NAT_TAU_C,,2172,100
IR_NAT_TAU_C,,2173,100
IR_NAT_TAU_C,,2174,100
IR_NAT_TAU_C,,2175,100
IR_NAT_TAU_C,,2176,100
IR_NAT_TAU_C,,2177,100
IR_NAT_TAU_C,,2178,100
IR_NAT_TAU_C,,2181,100
IR_NAT_TAU_C,,2182,100
IR_NAT_TAU_C,,2183,100
IR_NAT_TAU_C,,2184,100
IR_NAT_TAU_C,,2185,100
IR_NAT_TAU_C,,2186,100
IR_NAT_TAU_C,,2187,100
IR_NAT_TAU_C,,2188,100
IR_NAT_TAU_C,,2189,100
IR_NAT_TAU_C,,2190,100
IR_NAT_TAU_C,,2191,100
IR_NAT_TAU_C,,2201,100
IR_NAT_TAU_C,,2202,100
IR_NAT_TAU_C,,2203,100
IR_NAT_TAU_C,,2204,100
IR_NAT_TAU_C,,2205,100
IR_NAT_TAU_C,,2206,100
IR_NAT_TAU_C,,2212,100
IR_NAT_TAU_C,,2229,100
IR_NAT_TAU_C,,2232,100
IR_NAT_TAU_C,,2239,100
IR_NAT_TAU_C,,2244,100
IR_NAT_TAU_C,,2245,100
IR_NAT_TAU_C,,2246,100
IR_NAT_TAU_C,,2248,100
IR_NAT_TAU_C,,2249,100
IR_NAT_TAU_C,,2257,100
IR_NAT_TAU_C,,2260,100
IR_NAT_TAU_C,,2263,100
