nom_table,TEC_COL,CPT_COP_NUM,TYT_COD,EMT_NUM,EMT_NUM_LIB
IR_NEM_V,0,,3,102,RSI 102
IR_NEM_V,0,,3,103,RSI 103
IR_NEM_V,0,,3,104,RSI 104
IR_NEM_V,0,,3,105,RSI 105
IR_NEM_V,0,,3,106,RSI 106
IR_NEM_V,0,,3,201,RSI 201
IR_NEM_V,0,,3,202,RSI 202
IR_NEM_V,0,,3,203,RSI 203
IR_NEM_V,0,,3,204,RSI 204
IR_NEM_V,0,,3,205,RSI 205
IR_NEM_V,0,,3,206,RSI 206
IR_NEM_V,0,,4,0,SNCF
IR_NEM_V,0,,5,51,RATP
IR_NEM_V,0,,6,0,ENIM
IR_NEM_V,0,,6,6,ENIM
IR_NEM_V,0,,7,0,MINES
IR_NEM_V,0,,8,50,CNMSS
IR_NEM_V,1,,99,999,VALEUR INCONNUE
IR_NEM_V,0,,21,201,APRIA-AMEXA 201
IR_NEM_V,0,,21,202,APRIA-AMEXA 202
IR_NEM_V,0,,21,203,APRIA-AMEXA 203
IR_NEM_V,0,,2,101,MSA 101
IR_NEM_V,0,,2,102,MSA 102
IR_NEM_V,0,,2,103,MSA 103
IR_NEM_V,0,,2,104,MSA 104
IR_NEM_V,0,,2,105,MSA 105
IR_NEM_V,0,,2,106,MSA 106
IR_NEM_V,0,,2,107,MSA 107
IR_NEM_V,0,,2,108,MSA 108
IR_NEM_V,0,,2,109,MSA 109
IR_NEM_V,0,,2,110,MSA 110
IR_NEM_V,0,,2,111,MSA 111
IR_NEM_V,0,,2,112,MSA 112
IR_NEM_V,0,,2,113,MSA 113
IR_NEM_V,0,,2,114,MSA 114
IR_NEM_V,0,,2,115,MSA 115
IR_NEM_V,0,,2,116,MSA 116
IR_NEM_V,0,,2,117,MSA 117
IR_NEM_V,0,,2,118,MSA 118
IR_NEM_V,0,,2,119,MSA 119
IR_NEM_V,0,,2,120,MSA 120
IR_NEM_V,0,,2,121,MSA 121
IR_NEM_V,0,,2,122,MSA 122
IR_NEM_V,0,,2,123,MSA 123
IR_NEM_V,0,,2,124,MSA 124
IR_NEM_V,0,,2,125,MSA 125
IR_NEM_V,0,,2,126,MSA 126
IR_NEM_V,0,,2,127,MSA 127
IR_NEM_V,0,,2,128,MSA 128
IR_NEM_V,0,,2,129,MSA 129
IR_NEM_V,0,,2,130,MSA 130
IR_NEM_V,0,,2,131,MSA 131
IR_NEM_V,0,,2,132,MSA 132
IR_NEM_V,0,,2,133,MSA 133
IR_NEM_V,0,,2,134,MSA 134
IR_NEM_V,0,,2,135,MSA 135
IR_NEM_V,0,,2,136,MSA 136
IR_NEM_V,0,,2,137,MSA 137
IR_NEM_V,0,,2,138,MSA 138
IR_NEM_V,0,,2,139,MSA 139
IR_NEM_V,0,,2,140,MSA 140
IR_NEM_V,0,,2,141,MSA 141
IR_NEM_V,0,,2,142,MSA 142
IR_NEM_V,0,,2,143,MSA 143
IR_NEM_V,0,,2,144,MSA 144
IR_NEM_V,0,,2,145,MSA 145
IR_NEM_V,0,,2,146,MSA 146
IR_NEM_V,0,,2,147,MSA 147
IR_NEM_V,0,,2,148,MSA 148
IR_NEM_V,0,,2,149,MSA 149
IR_NEM_V,0,,2,150,MSA 150
IR_NEM_V,0,,2,151,MSA 151
IR_NEM_V,0,,2,152,MSA 152
IR_NEM_V,0,,2,153,MSA 153
IR_NEM_V,0,,2,154,MSA 154
IR_NEM_V,0,,2,155,MSA 155
IR_NEM_V,0,,2,156,MSA 156
IR_NEM_V,0,,2,157,MSA 157
IR_NEM_V,0,,2,158,MSA 158
IR_NEM_V,0,,2,159,MSA 159
IR_NEM_V,0,,2,160,MSA 160
IR_NEM_V,0,,2,161,MSA 161
IR_NEM_V,0,,2,162,MSA 162
IR_NEM_V,0,,2,163,MSA 163
IR_NEM_V,0,,2,164,MSA 164
IR_NEM_V,0,,2,165,MSA 165
IR_NEM_V,0,,2,166,MSA 166
IR_NEM_V,0,,2,167,MSA 167
IR_NEM_V,0,,2,168,MSA 168
IR_NEM_V,0,,2,169,MSA 169
IR_NEM_V,0,,2,170,MSA 170
IR_NEM_V,0,,2,171,MSA 171
IR_NEM_V,0,,2,172,MSA 172
IR_NEM_V,0,,2,173,MSA 173
IR_NEM_V,0,,2,174,MSA 174
IR_NEM_V,0,,2,175,MSA 175
IR_NEM_V,0,,2,176,MSA 176
IR_NEM_V,0,,2,177,MSA 177
IR_NEM_V,0,,2,178,MSA 178
IR_NEM_V,0,,2,179,MSA 179
IR_NEM_V,0,,2,180,MSA 180
IR_NEM_V,0,,2,181,MSA 181
IR_NEM_V,0,,2,182,MSA 182
IR_NEM_V,0,,2,183,MSA 183
IR_NEM_V,0,,2,184,MSA 184
IR_NEM_V,0,,2,185,MSA 185
IR_NEM_V,0,,2,186,MSA 186
IR_NEM_V,0,,2,187,MSA 187
IR_NEM_V,0,,2,188,MSA 188
IR_NEM_V,0,,2,189,MSA 189
IR_NEM_V,0,,2,190,MSA 190
IR_NEM_V,0,,2,191,MSA 191
IR_NEM_V,0,,2,192,MSA 192
IR_NEM_V,0,,2,193,MSA 193
IR_NEM_V,0,,2,194,MSA 194
IR_NEM_V,0,,2,195,MSA 195
IR_NEM_V,0,,2,197,MSA 197
IR_NEM_V,0,,2,450,MSA 450
IR_NEM_V,0,,12,100,CCIP
IR_NEM_V,0,,14,100,ASSEMBLEE NATIONALE
IR_NEM_V,0,,15,751,SENAT
IR_NEM_V,0,,16,331,PORT AUTONOME DE BORDEAUX
IR_NEM_V,0,,1,10,STRASBOURG 2
IR_NEM_V,0,,1,11,ROUEN 2
IR_NEM_V,0,,1,13,STRASBOURG 3
IR_NEM_V,0,,1,16,ST ETIENNE 1
IR_NEM_V,0,,1,17,STRASBOURG 1
IR_NEM_V,0,,1,18,ANGERS 2
IR_NEM_V,0,,1,19,LILLE
IR_NEM_V,0,,1,1,ROUEN 1
IR_NEM_V,0,,1,20,CNQD
IR_NEM_V,0,,1,21,NICE
IR_NEM_V,0,,1,23,ANGERS 1
IR_NEM_V,0,,1,25,ST ETIENNE 2
IR_NEM_V,0,,1,26,TOULOUSE 5
IR_NEM_V,0,,1,27,TOULOUSE 4
IR_NEM_V,0,,1,28,MAYOTTE
IR_NEM_V,0,,1,2,TOULOUSE 1
IR_NEM_V,0,,1,36,MONTIGNY
IR_NEM_V,0,,1,3,SLM
IR_NEM_V,0,,1,4,MELUN
IR_NEM_V,0,,1,5,TOULOUSE 3
IR_NEM_V,0,,1,6,TOULOUSE 2
IR_NEM_V,0,,1,8,LIMOGES
IR_NEM_V,0,,3,1,RSI 001
IR_NEM_V,0,,3,2,RSI 002
IR_NEM_V,0,,3,3,RSI 003
IR_NEM_V,0,,3,4,RSI 004
IR_NEM_V,0,,3,101,RSI 101
IR_NEM_V,0,,21,204,APRIA-AMEXA 204
