nom_table,CPT_COP_NUM,PRS_NAT,SAN_CEN_COD
IR_NAT_SAN_C,,2241,268
IR_NAT_SAN_C,,2241,269
IR_NAT_SAN_C,,2241,289
IR_NAT_SAN_C,,2241,297
IR_NAT_SAN_C,,2241,347
IR_NAT_SAN_C,,2241,439
IR_NAT_SAN_C,,2242,124
IR_NAT_SAN_C,,2242,125
IR_NAT_SAN_C,,2242,130
IR_NAT_SAN_C,,2242,132
IR_NAT_SAN_C,,2242,142
IR_NAT_SAN_C,,2242,223
IR_NAT_SAN_C,,2242,224
IR_NAT_SAN_C,,2242,228
IR_NAT_SAN_C,,2242,230
IR_NAT_SAN_C,,2242,268
IR_NAT_SAN_C,,2242,269
IR_NAT_SAN_C,,2242,289
IR_NAT_SAN_C,,2242,297
IR_NAT_SAN_C,,2242,347
IR_NAT_SAN_C,,2242,439
IR_NAT_SAN_C,,2243,124
IR_NAT_SAN_C,,2243,125
IR_NAT_SAN_C,,2243,130
IR_NAT_SAN_C,,2243,132
IR_NAT_SAN_C,,2243,142
IR_NAT_SAN_C,,2243,223
IR_NAT_SAN_C,,2243,224
IR_NAT_SAN_C,,2243,228
IR_NAT_SAN_C,,2243,230
IR_NAT_SAN_C,,2243,268
IR_NAT_SAN_C,,2243,269
IR_NAT_SAN_C,,2243,289
IR_NAT_SAN_C,,2243,297
IR_NAT_SAN_C,,2243,347
IR_NAT_SAN_C,,2243,439
IR_NAT_SAN_C,,2245,124
IR_NAT_SAN_C,,2245,125
IR_NAT_SAN_C,,2245,130
IR_NAT_SAN_C,,2245,132
IR_NAT_SAN_C,,2245,142
IR_NAT_SAN_C,,2245,223
IR_NAT_SAN_C,,2245,224
IR_NAT_SAN_C,,2245,228
IR_NAT_SAN_C,,2245,230
IR_NAT_SAN_C,,2245,268
IR_NAT_SAN_C,,2245,269
IR_NAT_SAN_C,,2245,289
IR_NAT_SAN_C,,2245,297
IR_NAT_SAN_C,,2245,347
IR_NAT_SAN_C,,2245,439
IR_NAT_SAN_C,,2246,124
IR_NAT_SAN_C,,2246,125
IR_NAT_SAN_C,,2246,130
IR_NAT_SAN_C,,2246,132
IR_NAT_SAN_C,,2246,142
IR_NAT_SAN_C,,2246,223
IR_NAT_SAN_C,,2246,224
IR_NAT_SAN_C,,2246,228
IR_NAT_SAN_C,,2246,230
IR_NAT_SAN_C,,2246,268
IR_NAT_SAN_C,,2246,269
IR_NAT_SAN_C,,2246,289
IR_NAT_SAN_C,,2246,297
IR_NAT_SAN_C,,2246,347
IR_NAT_SAN_C,,2246,439
IR_NAT_SAN_C,,2247,124
IR_NAT_SAN_C,,2247,125
IR_NAT_SAN_C,,2247,130
IR_NAT_SAN_C,,2247,132
IR_NAT_SAN_C,,2247,142
IR_NAT_SAN_C,,2247,223
IR_NAT_SAN_C,,2247,224
IR_NAT_SAN_C,,2247,228
IR_NAT_SAN_C,,2247,230
IR_NAT_SAN_C,,2247,268
IR_NAT_SAN_C,,2247,269
IR_NAT_SAN_C,,2247,289
IR_NAT_SAN_C,,2247,297
IR_NAT_SAN_C,,2247,347
IR_NAT_SAN_C,,2247,439
IR_NAT_SAN_C,,2250,124
IR_NAT_SAN_C,,2250,125
IR_NAT_SAN_C,,2250,130
IR_NAT_SAN_C,,2250,132
IR_NAT_SAN_C,,2250,142
IR_NAT_SAN_C,,2250,223
IR_NAT_SAN_C,,2250,224
IR_NAT_SAN_C,,2250,228
IR_NAT_SAN_C,,2250,230
IR_NAT_SAN_C,,2250,268
IR_NAT_SAN_C,,2250,269
IR_NAT_SAN_C,,2250,289
IR_NAT_SAN_C,,2250,297
IR_NAT_SAN_C,,2250,347
IR_NAT_SAN_C,,2250,439
IR_NAT_SAN_C,,2251,124
IR_NAT_SAN_C,,2251,125
IR_NAT_SAN_C,,2251,130
IR_NAT_SAN_C,,2251,132
IR_NAT_SAN_C,,2251,142
IR_NAT_SAN_C,,2251,223
IR_NAT_SAN_C,,2251,224
IR_NAT_SAN_C,,2251,228
IR_NAT_SAN_C,,2251,230
IR_NAT_SAN_C,,2251,268
IR_NAT_SAN_C,,2251,269
IR_NAT_SAN_C,,2251,289
IR_NAT_SAN_C,,2251,297
IR_NAT_SAN_C,,2251,347
IR_NAT_SAN_C,,2251,439
IR_NAT_SAN_C,,2257,124
IR_NAT_SAN_C,,2257,125
IR_NAT_SAN_C,,2257,130
IR_NAT_SAN_C,,2257,132
IR_NAT_SAN_C,,2257,142
IR_NAT_SAN_C,,2257,223
IR_NAT_SAN_C,,2257,224
IR_NAT_SAN_C,,2257,228
IR_NAT_SAN_C,,2257,230
IR_NAT_SAN_C,,2257,268
IR_NAT_SAN_C,,2257,269
IR_NAT_SAN_C,,2257,289
IR_NAT_SAN_C,,2257,297
IR_NAT_SAN_C,,2257,347
IR_NAT_SAN_C,,2257,439
IR_NAT_SAN_C,,2261,124
IR_NAT_SAN_C,,2261,125
IR_NAT_SAN_C,,2261,130
IR_NAT_SAN_C,,2261,132
IR_NAT_SAN_C,,2261,142
IR_NAT_SAN_C,,2261,223
IR_NAT_SAN_C,,2261,224
IR_NAT_SAN_C,,2261,228
IR_NAT_SAN_C,,2261,230
IR_NAT_SAN_C,,2261,268
IR_NAT_SAN_C,,2261,269
IR_NAT_SAN_C,,2261,289
IR_NAT_SAN_C,,2261,297
IR_NAT_SAN_C,,2261,347
IR_NAT_SAN_C,,2261,439
IR_NAT_SAN_C,,2262,124
IR_NAT_SAN_C,,2262,125
IR_NAT_SAN_C,,2262,130
IR_NAT_SAN_C,,2262,132
IR_NAT_SAN_C,,2262,142
IR_NAT_SAN_C,,2262,223
IR_NAT_SAN_C,,2262,224
IR_NAT_SAN_C,,2262,228
IR_NAT_SAN_C,,2262,230
IR_NAT_SAN_C,,2262,268
IR_NAT_SAN_C,,2262,269
IR_NAT_SAN_C,,2262,289
IR_NAT_SAN_C,,2262,297
IR_NAT_SAN_C,,2262,347
IR_NAT_SAN_C,,2262,439
IR_NAT_SAN_C,,2271,124
IR_NAT_SAN_C,,2271,125
IR_NAT_SAN_C,,2271,130
IR_NAT_SAN_C,,2271,132
IR_NAT_SAN_C,,2271,142
IR_NAT_SAN_C,,2271,223
IR_NAT_SAN_C,,2271,224
IR_NAT_SAN_C,,2271,228
IR_NAT_SAN_C,,2271,230
IR_NAT_SAN_C,,2271,268
IR_NAT_SAN_C,,2271,269
IR_NAT_SAN_C,,2271,289
IR_NAT_SAN_C,,2271,297
IR_NAT_SAN_C,,2271,347
IR_NAT_SAN_C,,2271,439
IR_NAT_SAN_C,,2272,124
IR_NAT_SAN_C,,2272,125
IR_NAT_SAN_C,,2272,130
IR_NAT_SAN_C,,2272,132
IR_NAT_SAN_C,,2272,142
IR_NAT_SAN_C,,2272,223
IR_NAT_SAN_C,,2272,224
IR_NAT_SAN_C,,2272,228
IR_NAT_SAN_C,,2272,230
IR_NAT_SAN_C,,2272,268
IR_NAT_SAN_C,,2272,269
IR_NAT_SAN_C,,2272,289
IR_NAT_SAN_C,,2272,297
IR_NAT_SAN_C,,2272,347
IR_NAT_SAN_C,,2272,439
IR_NAT_SAN_C,,2273,124
IR_NAT_SAN_C,,2273,125
IR_NAT_SAN_C,,2273,130
IR_NAT_SAN_C,,2273,132
IR_NAT_SAN_C,,2273,142
IR_NAT_SAN_C,,2273,223
IR_NAT_SAN_C,,2273,224
IR_NAT_SAN_C,,2273,228
IR_NAT_SAN_C,,2273,230
IR_NAT_SAN_C,,2273,268
IR_NAT_SAN_C,,2273,269
IR_NAT_SAN_C,,2273,289
IR_NAT_SAN_C,,2273,297
IR_NAT_SAN_C,,2273,347
IR_NAT_SAN_C,,2273,439
IR_NAT_SAN_C,,2274,124
IR_NAT_SAN_C,,2274,125
IR_NAT_SAN_C,,2274,130
IR_NAT_SAN_C,,2274,132
IR_NAT_SAN_C,,2274,142
IR_NAT_SAN_C,,2274,223
IR_NAT_SAN_C,,2274,224
IR_NAT_SAN_C,,2274,228
IR_NAT_SAN_C,,2274,230
IR_NAT_SAN_C,,2274,268
IR_NAT_SAN_C,,2274,269
IR_NAT_SAN_C,,2274,289
IR_NAT_SAN_C,,2274,297
IR_NAT_SAN_C,,2274,347
IR_NAT_SAN_C,,2274,439
IR_NAT_SAN_C,,2275,124
IR_NAT_SAN_C,,2275,125
IR_NAT_SAN_C,,2275,130
IR_NAT_SAN_C,,2275,132
IR_NAT_SAN_C,,2275,142
IR_NAT_SAN_C,,2275,223
IR_NAT_SAN_C,,2275,224
IR_NAT_SAN_C,,2275,228
IR_NAT_SAN_C,,2275,230
IR_NAT_SAN_C,,2275,268
IR_NAT_SAN_C,,2275,269
IR_NAT_SAN_C,,2275,289
IR_NAT_SAN_C,,2275,297
IR_NAT_SAN_C,,2275,347
IR_NAT_SAN_C,,2275,439
IR_NAT_SAN_C,,2321,124
IR_NAT_SAN_C,,2321,125
IR_NAT_SAN_C,,2321,130
IR_NAT_SAN_C,,2321,132
IR_NAT_SAN_C,,2321,142
IR_NAT_SAN_C,,2321,223
IR_NAT_SAN_C,,2321,224
IR_NAT_SAN_C,,2321,228
IR_NAT_SAN_C,,2321,230
IR_NAT_SAN_C,,2321,268
IR_NAT_SAN_C,,2321,269
IR_NAT_SAN_C,,2321,289
IR_NAT_SAN_C,,2321,297
IR_NAT_SAN_C,,2321,347
IR_NAT_SAN_C,,2321,439
IR_NAT_SAN_C,,2332,124
IR_NAT_SAN_C,,2332,125
IR_NAT_SAN_C,,2332,130
IR_NAT_SAN_C,,2332,132
IR_NAT_SAN_C,,2332,142
IR_NAT_SAN_C,,2332,223
IR_NAT_SAN_C,,2332,224
IR_NAT_SAN_C,,2332,228
IR_NAT_SAN_C,,2332,230
IR_NAT_SAN_C,,2332,268
IR_NAT_SAN_C,,2332,269
IR_NAT_SAN_C,,2332,289
IR_NAT_SAN_C,,2332,297
IR_NAT_SAN_C,,2332,347
IR_NAT_SAN_C,,2332,439
IR_NAT_SAN_C,,2333,124
IR_NAT_SAN_C,,2333,125
IR_NAT_SAN_C,,2333,130
IR_NAT_SAN_C,,2333,132
IR_NAT_SAN_C,,2333,142
IR_NAT_SAN_C,,2333,223
IR_NAT_SAN_C,,2333,224
IR_NAT_SAN_C,,2333,228
IR_NAT_SAN_C,,2333,230
IR_NAT_SAN_C,,2333,268
IR_NAT_SAN_C,,2333,269
IR_NAT_SAN_C,,2333,289
IR_NAT_SAN_C,,2333,297
IR_NAT_SAN_C,,2333,347
IR_NAT_SAN_C,,2333,439
IR_NAT_SAN_C,,2334,124
IR_NAT_SAN_C,,2334,125
IR_NAT_SAN_C,,2334,130
IR_NAT_SAN_C,,2334,132
IR_NAT_SAN_C,,2334,142
IR_NAT_SAN_C,,2334,223
IR_NAT_SAN_C,,2334,224
IR_NAT_SAN_C,,2334,228
IR_NAT_SAN_C,,2334,230
IR_NAT_SAN_C,,2334,268
IR_NAT_SAN_C,,2334,269
IR_NAT_SAN_C,,2334,289
IR_NAT_SAN_C,,2334,297
IR_NAT_SAN_C,,2334,347
IR_NAT_SAN_C,,2334,439
IR_NAT_SAN_C,,2335,124
IR_NAT_SAN_C,,2335,125
IR_NAT_SAN_C,,2335,130
IR_NAT_SAN_C,,2335,132
IR_NAT_SAN_C,,2335,142
IR_NAT_SAN_C,,2335,223
IR_NAT_SAN_C,,2335,224
IR_NAT_SAN_C,,2335,228
IR_NAT_SAN_C,,2335,230
IR_NAT_SAN_C,,2335,268
IR_NAT_SAN_C,,2335,269
IR_NAT_SAN_C,,2335,289
IR_NAT_SAN_C,,2335,297
IR_NAT_SAN_C,,2335,347
IR_NAT_SAN_C,,2335,439
IR_NAT_SAN_C,,2336,124
IR_NAT_SAN_C,,2336,125
IR_NAT_SAN_C,,2336,130
IR_NAT_SAN_C,,2336,132
IR_NAT_SAN_C,,2336,142
IR_NAT_SAN_C,,2336,223
IR_NAT_SAN_C,,2336,224
IR_NAT_SAN_C,,2336,228
IR_NAT_SAN_C,,2336,230
IR_NAT_SAN_C,,2336,268
IR_NAT_SAN_C,,2336,269
IR_NAT_SAN_C,,2336,289
IR_NAT_SAN_C,,2336,297
IR_NAT_SAN_C,,2336,347
IR_NAT_SAN_C,,2336,439
IR_NAT_SAN_C,,2337,124
IR_NAT_SAN_C,,2337,125
IR_NAT_SAN_C,,2337,130
IR_NAT_SAN_C,,2337,132
IR_NAT_SAN_C,,2337,142
IR_NAT_SAN_C,,2337,223
IR_NAT_SAN_C,,2337,224
IR_NAT_SAN_C,,2337,228
IR_NAT_SAN_C,,2337,230
IR_NAT_SAN_C,,2337,268
IR_NAT_SAN_C,,2337,269
IR_NAT_SAN_C,,2337,289
IR_NAT_SAN_C,,2337,297
IR_NAT_SAN_C,,2337,347
IR_NAT_SAN_C,,2337,439
IR_NAT_SAN_C,,2338,124
IR_NAT_SAN_C,,2338,125
IR_NAT_SAN_C,,2338,130
IR_NAT_SAN_C,,2338,132
IR_NAT_SAN_C,,2338,142
IR_NAT_SAN_C,,2338,223
IR_NAT_SAN_C,,2338,224
IR_NAT_SAN_C,,2338,228
IR_NAT_SAN_C,,2338,230
IR_NAT_SAN_C,,2338,268
IR_NAT_SAN_C,,2338,269
IR_NAT_SAN_C,,2338,289
IR_NAT_SAN_C,,2338,297
IR_NAT_SAN_C,,2338,347
IR_NAT_SAN_C,,2338,439
IR_NAT_SAN_C,,2339,124
IR_NAT_SAN_C,,2339,125
IR_NAT_SAN_C,,2339,130
IR_NAT_SAN_C,,2339,132
IR_NAT_SAN_C,,2339,142
IR_NAT_SAN_C,,2339,223
IR_NAT_SAN_C,,2339,224
IR_NAT_SAN_C,,2339,228
IR_NAT_SAN_C,,2339,230
IR_NAT_SAN_C,,2339,268
IR_NAT_SAN_C,,2339,269
IR_NAT_SAN_C,,2339,289
IR_NAT_SAN_C,,2339,297
IR_NAT_SAN_C,,2339,347
IR_NAT_SAN_C,,2339,439
IR_NAT_SAN_C,,2351,124
IR_NAT_SAN_C,,2351,125
IR_NAT_SAN_C,,2351,130
IR_NAT_SAN_C,,2351,132
IR_NAT_SAN_C,,2351,142
IR_NAT_SAN_C,,2351,223
IR_NAT_SAN_C,,2351,224
IR_NAT_SAN_C,,2351,228
IR_NAT_SAN_C,,2351,230
IR_NAT_SAN_C,,2351,268
IR_NAT_SAN_C,,2351,269
IR_NAT_SAN_C,,2351,289
IR_NAT_SAN_C,,2351,297
IR_NAT_SAN_C,,2351,347
IR_NAT_SAN_C,,2351,439
IR_NAT_SAN_C,,2352,124
IR_NAT_SAN_C,,2352,125
IR_NAT_SAN_C,,2352,130
IR_NAT_SAN_C,,2352,132
IR_NAT_SAN_C,,2352,142
IR_NAT_SAN_C,,2352,223
IR_NAT_SAN_C,,2352,224
IR_NAT_SAN_C,,2352,228
IR_NAT_SAN_C,,2352,230
IR_NAT_SAN_C,,2352,268
IR_NAT_SAN_C,,2352,269
IR_NAT_SAN_C,,2352,289
IR_NAT_SAN_C,,2352,297
IR_NAT_SAN_C,,2352,347
IR_NAT_SAN_C,,2352,439
IR_NAT_SAN_C,,2353,124
IR_NAT_SAN_C,,2353,125
IR_NAT_SAN_C,,2353,130
IR_NAT_SAN_C,,2353,132
IR_NAT_SAN_C,,2353,142
IR_NAT_SAN_C,,2353,223
IR_NAT_SAN_C,,2353,224
IR_NAT_SAN_C,,2353,228
IR_NAT_SAN_C,,2353,230
IR_NAT_SAN_C,,2353,268
IR_NAT_SAN_C,,2353,269
IR_NAT_SAN_C,,2353,289
IR_NAT_SAN_C,,2353,297
IR_NAT_SAN_C,,2353,347
IR_NAT_SAN_C,,2353,439
IR_NAT_SAN_C,,2354,124
IR_NAT_SAN_C,,2354,125
IR_NAT_SAN_C,,2354,130
IR_NAT_SAN_C,,2354,132
IR_NAT_SAN_C,,2354,142
IR_NAT_SAN_C,,2354,223
IR_NAT_SAN_C,,2354,224
IR_NAT_SAN_C,,2354,228
IR_NAT_SAN_C,,2354,230
IR_NAT_SAN_C,,2354,268
IR_NAT_SAN_C,,2354,269
IR_NAT_SAN_C,,2354,289
IR_NAT_SAN_C,,2354,297
IR_NAT_SAN_C,,2354,347
IR_NAT_SAN_C,,2354,439
IR_NAT_SAN_C,,2412,124
IR_NAT_SAN_C,,2412,125
IR_NAT_SAN_C,,2412,130
IR_NAT_SAN_C,,2412,132
IR_NAT_SAN_C,,2412,142
IR_NAT_SAN_C,,2412,223
IR_NAT_SAN_C,,2412,224
IR_NAT_SAN_C,,2412,228
IR_NAT_SAN_C,,2412,230
IR_NAT_SAN_C,,2412,268
IR_NAT_SAN_C,,2412,269
IR_NAT_SAN_C,,2412,289
IR_NAT_SAN_C,,2412,297
IR_NAT_SAN_C,,2412,347
IR_NAT_SAN_C,,2412,439
IR_NAT_SAN_C,,2413,124
IR_NAT_SAN_C,,2413,125
IR_NAT_SAN_C,,2413,130
IR_NAT_SAN_C,,2413,132
IR_NAT_SAN_C,,2413,142
IR_NAT_SAN_C,,2413,223
IR_NAT_SAN_C,,2413,224
IR_NAT_SAN_C,,2413,228
IR_NAT_SAN_C,,2413,230
IR_NAT_SAN_C,,2413,268
IR_NAT_SAN_C,,2413,269
IR_NAT_SAN_C,,2413,289
IR_NAT_SAN_C,,2413,297
IR_NAT_SAN_C,,2413,347
IR_NAT_SAN_C,,2413,439
IR_NAT_SAN_C,,2415,124
IR_NAT_SAN_C,,2415,125
IR_NAT_SAN_C,,2415,130
IR_NAT_SAN_C,,2415,132
IR_NAT_SAN_C,,2415,142
IR_NAT_SAN_C,,2415,223
IR_NAT_SAN_C,,2415,224
IR_NAT_SAN_C,,2415,228
IR_NAT_SAN_C,,2415,230
IR_NAT_SAN_C,,2415,268
IR_NAT_SAN_C,,2415,269
IR_NAT_SAN_C,,2415,289
IR_NAT_SAN_C,,2415,297
IR_NAT_SAN_C,,2415,347
IR_NAT_SAN_C,,2415,439
IR_NAT_SAN_C,,2416,124
IR_NAT_SAN_C,,2416,125
IR_NAT_SAN_C,,2416,130
IR_NAT_SAN_C,,2416,132
IR_NAT_SAN_C,,2416,142
IR_NAT_SAN_C,,2416,223
IR_NAT_SAN_C,,2416,224
IR_NAT_SAN_C,,2416,228
IR_NAT_SAN_C,,2416,230
IR_NAT_SAN_C,,2416,268
IR_NAT_SAN_C,,2416,269
IR_NAT_SAN_C,,2416,289
IR_NAT_SAN_C,,2416,297
IR_NAT_SAN_C,,2416,347
IR_NAT_SAN_C,,2416,439
IR_NAT_SAN_C,,2417,124
IR_NAT_SAN_C,,2417,125
IR_NAT_SAN_C,,2417,130
IR_NAT_SAN_C,,2417,132
IR_NAT_SAN_C,,2417,142
IR_NAT_SAN_C,,2417,223
IR_NAT_SAN_C,,2417,224
IR_NAT_SAN_C,,2417,228
IR_NAT_SAN_C,,2417,230
IR_NAT_SAN_C,,2417,268
IR_NAT_SAN_C,,2417,269
IR_NAT_SAN_C,,2417,289
IR_NAT_SAN_C,,2417,297
IR_NAT_SAN_C,,2417,347
IR_NAT_SAN_C,,2417,439
IR_NAT_SAN_C,,2419,124
IR_NAT_SAN_C,,2419,125
IR_NAT_SAN_C,,2419,130
IR_NAT_SAN_C,,2419,132
IR_NAT_SAN_C,,2419,142
IR_NAT_SAN_C,,2419,223
IR_NAT_SAN_C,,2419,224
IR_NAT_SAN_C,,2419,228
IR_NAT_SAN_C,,2419,230
IR_NAT_SAN_C,,2419,268
IR_NAT_SAN_C,,2419,269
IR_NAT_SAN_C,,2419,289
IR_NAT_SAN_C,,2419,297
IR_NAT_SAN_C,,2419,347
IR_NAT_SAN_C,,2419,439
IR_NAT_SAN_C,,2421,124
IR_NAT_SAN_C,,2421,125
IR_NAT_SAN_C,,2421,130
IR_NAT_SAN_C,,2421,132
IR_NAT_SAN_C,,2421,142
IR_NAT_SAN_C,,2421,223
IR_NAT_SAN_C,,2421,224
IR_NAT_SAN_C,,2421,228
IR_NAT_SAN_C,,2421,230
IR_NAT_SAN_C,,2421,268
IR_NAT_SAN_C,,2421,269
IR_NAT_SAN_C,,2421,289
IR_NAT_SAN_C,,2421,297
IR_NAT_SAN_C,,2421,347
IR_NAT_SAN_C,,2421,439
IR_NAT_SAN_C,,2422,124
IR_NAT_SAN_C,,2422,125
IR_NAT_SAN_C,,2422,130
IR_NAT_SAN_C,,2422,132
IR_NAT_SAN_C,,2422,142
IR_NAT_SAN_C,,2422,223
IR_NAT_SAN_C,,2422,224
IR_NAT_SAN_C,,2422,228
IR_NAT_SAN_C,,2422,230
IR_NAT_SAN_C,,2422,268
IR_NAT_SAN_C,,2422,269
IR_NAT_SAN_C,,2422,289
IR_NAT_SAN_C,,2422,297
IR_NAT_SAN_C,,2422,347
IR_NAT_SAN_C,,2422,439
IR_NAT_SAN_C,,2424,124
IR_NAT_SAN_C,,2424,125
IR_NAT_SAN_C,,2424,130
IR_NAT_SAN_C,,2424,132
IR_NAT_SAN_C,,2424,142
IR_NAT_SAN_C,,2424,223
IR_NAT_SAN_C,,2424,224
IR_NAT_SAN_C,,2424,228
IR_NAT_SAN_C,,2424,230
IR_NAT_SAN_C,,2424,268
IR_NAT_SAN_C,,2424,269
IR_NAT_SAN_C,,2424,289
IR_NAT_SAN_C,,2424,297
IR_NAT_SAN_C,,2424,347
IR_NAT_SAN_C,,2424,439
IR_NAT_SAN_C,,2425,124
IR_NAT_SAN_C,,2425,125
IR_NAT_SAN_C,,2425,130
IR_NAT_SAN_C,,2425,132
IR_NAT_SAN_C,,2425,142
IR_NAT_SAN_C,,2425,223
IR_NAT_SAN_C,,2425,224
IR_NAT_SAN_C,,2425,228
IR_NAT_SAN_C,,2425,230
IR_NAT_SAN_C,,2425,268
IR_NAT_SAN_C,,2425,269
IR_NAT_SAN_C,,2425,289
IR_NAT_SAN_C,,2425,297
IR_NAT_SAN_C,,2425,347
IR_NAT_SAN_C,,2425,439
IR_NAT_SAN_C,,2426,124
IR_NAT_SAN_C,,2426,125
IR_NAT_SAN_C,,2426,130
IR_NAT_SAN_C,,2426,132
IR_NAT_SAN_C,,2426,142
IR_NAT_SAN_C,,2426,223
IR_NAT_SAN_C,,2426,224
IR_NAT_SAN_C,,2426,228
IR_NAT_SAN_C,,2426,230
IR_NAT_SAN_C,,2426,268
IR_NAT_SAN_C,,2426,269
IR_NAT_SAN_C,,2426,289
IR_NAT_SAN_C,,2426,297
IR_NAT_SAN_C,,2426,347
IR_NAT_SAN_C,,2426,439
IR_NAT_SAN_C,,2111,124
IR_NAT_SAN_C,,2111,125
IR_NAT_SAN_C,,2111,130
IR_NAT_SAN_C,,2111,132
IR_NAT_SAN_C,,2111,142
IR_NAT_SAN_C,,2111,223
IR_NAT_SAN_C,,2111,224
IR_NAT_SAN_C,,2111,228
IR_NAT_SAN_C,,2111,230
IR_NAT_SAN_C,,2111,268
IR_NAT_SAN_C,,2111,269
IR_NAT_SAN_C,,2111,289
IR_NAT_SAN_C,,2111,297
IR_NAT_SAN_C,,2111,347
IR_NAT_SAN_C,,2111,439
IR_NAT_SAN_C,,2112,124
IR_NAT_SAN_C,,2112,125
IR_NAT_SAN_C,,2112,130
IR_NAT_SAN_C,,2112,132
IR_NAT_SAN_C,,2112,142
IR_NAT_SAN_C,,2112,223
IR_NAT_SAN_C,,2112,224
IR_NAT_SAN_C,,2112,228
IR_NAT_SAN_C,,2112,230
IR_NAT_SAN_C,,2112,268
IR_NAT_SAN_C,,2112,269
IR_NAT_SAN_C,,2112,289
IR_NAT_SAN_C,,2112,297
IR_NAT_SAN_C,,2112,347
IR_NAT_SAN_C,,2112,439
IR_NAT_SAN_C,,2121,124
IR_NAT_SAN_C,,2121,125
IR_NAT_SAN_C,,2121,130
IR_NAT_SAN_C,,2121,132
IR_NAT_SAN_C,,2121,142
IR_NAT_SAN_C,,2121,223
IR_NAT_SAN_C,,2121,224
IR_NAT_SAN_C,,2121,228
IR_NAT_SAN_C,,2121,230
IR_NAT_SAN_C,,2121,268
IR_NAT_SAN_C,,2121,269
IR_NAT_SAN_C,,2121,289
IR_NAT_SAN_C,,2121,297
IR_NAT_SAN_C,,2121,347
IR_NAT_SAN_C,,2121,439
IR_NAT_SAN_C,,2122,124
IR_NAT_SAN_C,,2122,125
IR_NAT_SAN_C,,2122,130
IR_NAT_SAN_C,,2122,132
IR_NAT_SAN_C,,2122,142
IR_NAT_SAN_C,,2122,223
IR_NAT_SAN_C,,2122,224
IR_NAT_SAN_C,,2122,228
IR_NAT_SAN_C,,2122,230
IR_NAT_SAN_C,,2122,268
IR_NAT_SAN_C,,2122,269
IR_NAT_SAN_C,,2122,289
IR_NAT_SAN_C,,2122,297
IR_NAT_SAN_C,,2122,347
IR_NAT_SAN_C,,2122,439
IR_NAT_SAN_C,,2123,124
IR_NAT_SAN_C,,2123,125
IR_NAT_SAN_C,,2123,130
IR_NAT_SAN_C,,2123,132
IR_NAT_SAN_C,,2123,142
IR_NAT_SAN_C,,2123,223
IR_NAT_SAN_C,,2123,224
IR_NAT_SAN_C,,2123,228
IR_NAT_SAN_C,,2123,230
IR_NAT_SAN_C,,2123,268
IR_NAT_SAN_C,,2123,269
IR_NAT_SAN_C,,2123,289
IR_NAT_SAN_C,,2123,297
IR_NAT_SAN_C,,2123,347
IR_NAT_SAN_C,,2123,439
IR_NAT_SAN_C,,2124,124
IR_NAT_SAN_C,,2124,125
IR_NAT_SAN_C,,2124,130
IR_NAT_SAN_C,,2124,132
IR_NAT_SAN_C,,2124,142
IR_NAT_SAN_C,,2124,223
IR_NAT_SAN_C,,2124,224
IR_NAT_SAN_C,,2124,228
IR_NAT_SAN_C,,2124,230
IR_NAT_SAN_C,,2124,268
IR_NAT_SAN_C,,2124,269
IR_NAT_SAN_C,,2124,289
IR_NAT_SAN_C,,2124,297
IR_NAT_SAN_C,,2124,347
IR_NAT_SAN_C,,2124,439
IR_NAT_SAN_C,,2125,124
IR_NAT_SAN_C,,2125,125
IR_NAT_SAN_C,,2125,130
IR_NAT_SAN_C,,2125,132
IR_NAT_SAN_C,,2125,142
IR_NAT_SAN_C,,2125,223
IR_NAT_SAN_C,,2125,224
IR_NAT_SAN_C,,2125,228
IR_NAT_SAN_C,,2125,230
IR_NAT_SAN_C,,2125,268
IR_NAT_SAN_C,,2125,269
IR_NAT_SAN_C,,2125,289
IR_NAT_SAN_C,,2125,297
IR_NAT_SAN_C,,2125,347
IR_NAT_SAN_C,,2125,439
IR_NAT_SAN_C,,2126,124
IR_NAT_SAN_C,,2126,125
IR_NAT_SAN_C,,2126,130
IR_NAT_SAN_C,,2126,132
IR_NAT_SAN_C,,2126,142
IR_NAT_SAN_C,,2126,223
IR_NAT_SAN_C,,2126,224
IR_NAT_SAN_C,,2126,228
IR_NAT_SAN_C,,2126,230
IR_NAT_SAN_C,,2126,268
IR_NAT_SAN_C,,2126,269
IR_NAT_SAN_C,,2126,289
IR_NAT_SAN_C,,2126,297
IR_NAT_SAN_C,,2126,347
IR_NAT_SAN_C,,2126,439
IR_NAT_SAN_C,,2127,124
IR_NAT_SAN_C,,2127,125
IR_NAT_SAN_C,,2127,130
IR_NAT_SAN_C,,2127,132
IR_NAT_SAN_C,,2127,142
IR_NAT_SAN_C,,2127,223
IR_NAT_SAN_C,,2127,224
IR_NAT_SAN_C,,2127,228
IR_NAT_SAN_C,,2127,230
IR_NAT_SAN_C,,2127,268
IR_NAT_SAN_C,,2127,269
IR_NAT_SAN_C,,2127,289
IR_NAT_SAN_C,,2127,297
IR_NAT_SAN_C,,2127,347
IR_NAT_SAN_C,,2127,439
IR_NAT_SAN_C,,2128,124
IR_NAT_SAN_C,,2128,125
IR_NAT_SAN_C,,2128,130
IR_NAT_SAN_C,,2128,132
IR_NAT_SAN_C,,2128,142
IR_NAT_SAN_C,,2128,223
IR_NAT_SAN_C,,2128,224
IR_NAT_SAN_C,,2128,228
IR_NAT_SAN_C,,2128,230
IR_NAT_SAN_C,,2128,268
IR_NAT_SAN_C,,2128,269
IR_NAT_SAN_C,,2128,289
IR_NAT_SAN_C,,2128,297
IR_NAT_SAN_C,,2128,347
IR_NAT_SAN_C,,2128,439
IR_NAT_SAN_C,,2129,124
IR_NAT_SAN_C,,2129,125
IR_NAT_SAN_C,,2129,130
IR_NAT_SAN_C,,2129,132
IR_NAT_SAN_C,,2129,142
IR_NAT_SAN_C,,2129,223
IR_NAT_SAN_C,,2129,224
IR_NAT_SAN_C,,2129,228
IR_NAT_SAN_C,,2129,230
IR_NAT_SAN_C,,2129,268
IR_NAT_SAN_C,,2129,269
IR_NAT_SAN_C,,2129,289
IR_NAT_SAN_C,,2129,297
IR_NAT_SAN_C,,2129,347
IR_NAT_SAN_C,,2129,439
IR_NAT_SAN_C,,2131,124
IR_NAT_SAN_C,,2131,125
IR_NAT_SAN_C,,2131,130
IR_NAT_SAN_C,,2131,132
IR_NAT_SAN_C,,2131,142
IR_NAT_SAN_C,,2131,223
IR_NAT_SAN_C,,2131,224
IR_NAT_SAN_C,,2131,228
IR_NAT_SAN_C,,2131,230
IR_NAT_SAN_C,,2131,268
IR_NAT_SAN_C,,2131,269
IR_NAT_SAN_C,,2131,289
IR_NAT_SAN_C,,2131,297
IR_NAT_SAN_C,,2131,347
IR_NAT_SAN_C,,2131,439
IR_NAT_SAN_C,,2132,124
IR_NAT_SAN_C,,2132,125
IR_NAT_SAN_C,,2132,130
IR_NAT_SAN_C,,2132,132
IR_NAT_SAN_C,,2132,142
IR_NAT_SAN_C,,2132,223
IR_NAT_SAN_C,,2132,224
IR_NAT_SAN_C,,2132,228
IR_NAT_SAN_C,,2132,230
IR_NAT_SAN_C,,2132,268
IR_NAT_SAN_C,,2132,269
IR_NAT_SAN_C,,2132,289
IR_NAT_SAN_C,,2132,297
IR_NAT_SAN_C,,2132,347
IR_NAT_SAN_C,,2132,439
IR_NAT_SAN_C,,2141,124
IR_NAT_SAN_C,,2141,125
IR_NAT_SAN_C,,2141,130
IR_NAT_SAN_C,,2141,132
IR_NAT_SAN_C,,2141,142
IR_NAT_SAN_C,,2141,223
IR_NAT_SAN_C,,2141,224
IR_NAT_SAN_C,,2141,228
IR_NAT_SAN_C,,2141,230
IR_NAT_SAN_C,,2141,268
IR_NAT_SAN_C,,2141,269
IR_NAT_SAN_C,,2141,289
IR_NAT_SAN_C,,2141,297
IR_NAT_SAN_C,,2141,347
IR_NAT_SAN_C,,2141,439
IR_NAT_SAN_C,,2211,124
IR_NAT_SAN_C,,2211,125
IR_NAT_SAN_C,,2211,130
IR_NAT_SAN_C,,2211,132
IR_NAT_SAN_C,,2211,142
IR_NAT_SAN_C,,2211,223
IR_NAT_SAN_C,,2211,224
IR_NAT_SAN_C,,2211,228
IR_NAT_SAN_C,,2211,230
IR_NAT_SAN_C,,2211,268
IR_NAT_SAN_C,,2211,269
IR_NAT_SAN_C,,2211,289
IR_NAT_SAN_C,,2211,297
IR_NAT_SAN_C,,2211,347
IR_NAT_SAN_C,,2211,439
IR_NAT_SAN_C,,2212,124
IR_NAT_SAN_C,,2212,125
IR_NAT_SAN_C,,2212,130
IR_NAT_SAN_C,,2212,132
IR_NAT_SAN_C,,2212,142
IR_NAT_SAN_C,,2212,223
IR_NAT_SAN_C,,2212,224
IR_NAT_SAN_C,,2212,228
IR_NAT_SAN_C,,2212,230
IR_NAT_SAN_C,,2212,268
IR_NAT_SAN_C,,2212,269
IR_NAT_SAN_C,,2212,289
IR_NAT_SAN_C,,2212,297
IR_NAT_SAN_C,,2212,347
IR_NAT_SAN_C,,2212,439
IR_NAT_SAN_C,,2221,124
IR_NAT_SAN_C,,2221,125
IR_NAT_SAN_C,,2221,130
IR_NAT_SAN_C,,2221,132
IR_NAT_SAN_C,,2221,142
IR_NAT_SAN_C,,2221,223
IR_NAT_SAN_C,,2221,224
IR_NAT_SAN_C,,2221,228
IR_NAT_SAN_C,,2221,230
IR_NAT_SAN_C,,2221,268
IR_NAT_SAN_C,,2221,269
IR_NAT_SAN_C,,2221,289
IR_NAT_SAN_C,,2221,297
IR_NAT_SAN_C,,2221,347
IR_NAT_SAN_C,,2221,439
IR_NAT_SAN_C,,2222,124
IR_NAT_SAN_C,,2222,125
IR_NAT_SAN_C,,2222,130
IR_NAT_SAN_C,,2222,132
IR_NAT_SAN_C,,2222,142
IR_NAT_SAN_C,,2222,223
IR_NAT_SAN_C,,2222,224
IR_NAT_SAN_C,,2222,228
IR_NAT_SAN_C,,2222,230
IR_NAT_SAN_C,,2222,268
IR_NAT_SAN_C,,2222,269
IR_NAT_SAN_C,,2222,289
IR_NAT_SAN_C,,2222,297
IR_NAT_SAN_C,,2222,347
IR_NAT_SAN_C,,2222,439
IR_NAT_SAN_C,,2223,124
IR_NAT_SAN_C,,2223,125
IR_NAT_SAN_C,,2223,130
IR_NAT_SAN_C,,2223,132
IR_NAT_SAN_C,,2223,142
IR_NAT_SAN_C,,2223,223
IR_NAT_SAN_C,,2223,224
IR_NAT_SAN_C,,2223,228
IR_NAT_SAN_C,,2223,230
IR_NAT_SAN_C,,2223,268
IR_NAT_SAN_C,,2223,269
IR_NAT_SAN_C,,2223,289
IR_NAT_SAN_C,,2223,297
IR_NAT_SAN_C,,2223,347
IR_NAT_SAN_C,,2223,439
IR_NAT_SAN_C,,2224,124
IR_NAT_SAN_C,,2224,125
IR_NAT_SAN_C,,2224,130
IR_NAT_SAN_C,,2224,132
IR_NAT_SAN_C,,2224,142
IR_NAT_SAN_C,,2224,223
IR_NAT_SAN_C,,2224,224
IR_NAT_SAN_C,,2224,228
IR_NAT_SAN_C,,2224,230
IR_NAT_SAN_C,,2224,268
IR_NAT_SAN_C,,2224,269
IR_NAT_SAN_C,,2224,289
IR_NAT_SAN_C,,2224,297
IR_NAT_SAN_C,,2224,347
IR_NAT_SAN_C,,2224,439
IR_NAT_SAN_C,,2225,124
IR_NAT_SAN_C,,2225,125
IR_NAT_SAN_C,,2225,130
IR_NAT_SAN_C,,2225,132
IR_NAT_SAN_C,,2225,142
IR_NAT_SAN_C,,2225,223
IR_NAT_SAN_C,,2225,224
IR_NAT_SAN_C,,2225,228
IR_NAT_SAN_C,,2225,230
IR_NAT_SAN_C,,2225,268
IR_NAT_SAN_C,,2225,269
IR_NAT_SAN_C,,2225,289
IR_NAT_SAN_C,,2225,297
IR_NAT_SAN_C,,2225,347
IR_NAT_SAN_C,,2225,439
IR_NAT_SAN_C,,2226,124
IR_NAT_SAN_C,,2226,125
IR_NAT_SAN_C,,2226,130
IR_NAT_SAN_C,,2226,132
IR_NAT_SAN_C,,2226,142
IR_NAT_SAN_C,,2226,223
IR_NAT_SAN_C,,2226,224
IR_NAT_SAN_C,,2226,228
IR_NAT_SAN_C,,2226,230
IR_NAT_SAN_C,,2226,268
IR_NAT_SAN_C,,2226,269
IR_NAT_SAN_C,,2226,289
IR_NAT_SAN_C,,2226,297
IR_NAT_SAN_C,,2226,347
IR_NAT_SAN_C,,2226,439
IR_NAT_SAN_C,,2227,124
IR_NAT_SAN_C,,2227,125
IR_NAT_SAN_C,,2227,130
IR_NAT_SAN_C,,2227,132
IR_NAT_SAN_C,,2227,142
IR_NAT_SAN_C,,2227,223
IR_NAT_SAN_C,,2227,224
IR_NAT_SAN_C,,2227,228
IR_NAT_SAN_C,,2227,230
IR_NAT_SAN_C,,2227,268
IR_NAT_SAN_C,,2227,269
IR_NAT_SAN_C,,2227,289
IR_NAT_SAN_C,,2227,297
IR_NAT_SAN_C,,2227,347
IR_NAT_SAN_C,,2227,439
IR_NAT_SAN_C,,2231,124
IR_NAT_SAN_C,,2231,125
IR_NAT_SAN_C,,2231,130
IR_NAT_SAN_C,,2231,132
IR_NAT_SAN_C,,2231,142
IR_NAT_SAN_C,,2231,223
IR_NAT_SAN_C,,2231,224
IR_NAT_SAN_C,,2231,228
IR_NAT_SAN_C,,2231,230
IR_NAT_SAN_C,,2231,268
IR_NAT_SAN_C,,2231,269
IR_NAT_SAN_C,,2231,289
IR_NAT_SAN_C,,2231,297
IR_NAT_SAN_C,,2231,347
IR_NAT_SAN_C,,2231,439
IR_NAT_SAN_C,,2232,124
IR_NAT_SAN_C,,2232,125
IR_NAT_SAN_C,,2232,130
IR_NAT_SAN_C,,2232,132
IR_NAT_SAN_C,,2232,142
IR_NAT_SAN_C,,2232,223
IR_NAT_SAN_C,,2232,224
IR_NAT_SAN_C,,2232,228
IR_NAT_SAN_C,,2232,230
IR_NAT_SAN_C,,2232,268
IR_NAT_SAN_C,,2232,269
IR_NAT_SAN_C,,2232,289
IR_NAT_SAN_C,,2232,297
IR_NAT_SAN_C,,2232,347
IR_NAT_SAN_C,,2232,439
IR_NAT_SAN_C,,2234,124
IR_NAT_SAN_C,,2234,125
IR_NAT_SAN_C,,2234,130
IR_NAT_SAN_C,,2234,132
IR_NAT_SAN_C,,2234,142
IR_NAT_SAN_C,,2234,223
IR_NAT_SAN_C,,2234,224
IR_NAT_SAN_C,,2234,228
IR_NAT_SAN_C,,2234,230
IR_NAT_SAN_C,,2234,268
IR_NAT_SAN_C,,2234,269
IR_NAT_SAN_C,,2234,289
IR_NAT_SAN_C,,2234,297
IR_NAT_SAN_C,,2234,347
IR_NAT_SAN_C,,2234,439
IR_NAT_SAN_C,,2235,124
IR_NAT_SAN_C,,2235,125
IR_NAT_SAN_C,,2235,130
IR_NAT_SAN_C,,2235,132
IR_NAT_SAN_C,,2235,142
IR_NAT_SAN_C,,2235,223
IR_NAT_SAN_C,,2235,224
IR_NAT_SAN_C,,2235,228
IR_NAT_SAN_C,,2235,230
IR_NAT_SAN_C,,2235,268
IR_NAT_SAN_C,,2235,269
IR_NAT_SAN_C,,2235,289
IR_NAT_SAN_C,,2235,297
IR_NAT_SAN_C,,2235,347
IR_NAT_SAN_C,,2235,439
IR_NAT_SAN_C,,2236,124
IR_NAT_SAN_C,,2236,125
IR_NAT_SAN_C,,2236,130
IR_NAT_SAN_C,,2236,132
IR_NAT_SAN_C,,2236,142
IR_NAT_SAN_C,,2236,223
IR_NAT_SAN_C,,2236,224
IR_NAT_SAN_C,,2236,228
IR_NAT_SAN_C,,2236,230
IR_NAT_SAN_C,,2236,268
IR_NAT_SAN_C,,2236,269
IR_NAT_SAN_C,,2236,289
IR_NAT_SAN_C,,2236,297
IR_NAT_SAN_C,,2236,347
IR_NAT_SAN_C,,2236,439
IR_NAT_SAN_C,,2237,124
IR_NAT_SAN_C,,2237,125
IR_NAT_SAN_C,,2237,130
IR_NAT_SAN_C,,2237,132
IR_NAT_SAN_C,,2237,142
IR_NAT_SAN_C,,2237,223
IR_NAT_SAN_C,,2237,224
IR_NAT_SAN_C,,2237,228
IR_NAT_SAN_C,,2237,230
IR_NAT_SAN_C,,2237,268
IR_NAT_SAN_C,,2237,269
IR_NAT_SAN_C,,2237,289
IR_NAT_SAN_C,,2237,297
IR_NAT_SAN_C,,2237,347
IR_NAT_SAN_C,,2237,439
IR_NAT_SAN_C,,2241,124
IR_NAT_SAN_C,,2241,125
IR_NAT_SAN_C,,2241,130
IR_NAT_SAN_C,,2241,132
IR_NAT_SAN_C,,2241,142
IR_NAT_SAN_C,,2241,223
IR_NAT_SAN_C,,2241,224
IR_NAT_SAN_C,,2241,228
IR_NAT_SAN_C,,2241,230
