nom_table,ASU_NAT,CPT_COP_NUM,PRS_NAT,PRS_NAT_TDM
IR_NAT_ASU_C,10,,1188,99
IR_NAT_ASU_C,10,,1189,99
IR_NAT_ASU_C,10,,1190,99
IR_NAT_ASU_C,10,,1191,99
IR_NAT_ASU_C,30,,1191,99
IR_NAT_ASU_C,40,,1191,99
IR_NAT_ASU_C,10,,1192,99
IR_NAT_ASU_C,30,,1192,99
IR_NAT_ASU_C,40,,1192,99
IR_NAT_ASU_C,10,,1209,99
IR_NAT_ASU_C,30,,1209,99
IR_NAT_ASU_C,40,,1209,99
IR_NAT_ASU_C,10,,1210,99
IR_NAT_ASU_C,30,,1210,99
IR_NAT_ASU_C,40,,1210,99
IR_NAT_ASU_C,10,,1211,1
IR_NAT_ASU_C,30,,1211,1
IR_NAT_ASU_C,40,,1211,1
IR_NAT_ASU_C,10,,1212,1
IR_NAT_ASU_C,30,,1212,1
IR_NAT_ASU_C,40,,1212,1
IR_NAT_ASU_C,10,,1213,1
IR_NAT_ASU_C,30,,1213,1
IR_NAT_ASU_C,40,,1213,1
IR_NAT_ASU_C,10,,1214,
IR_NAT_ASU_C,30,,1214,
IR_NAT_ASU_C,10,,1215,99
IR_NAT_ASU_C,30,,1215,99
IR_NAT_ASU_C,40,,1215,99
IR_NAT_ASU_C,10,,1216,99
IR_NAT_ASU_C,30,,1216,99
IR_NAT_ASU_C,40,,1216,99
IR_NAT_ASU_C,10,,1221,1
IR_NAT_ASU_C,30,,1221,1
IR_NAT_ASU_C,40,,1221,1
IR_NAT_ASU_C,10,,1222,1
IR_NAT_ASU_C,30,,1222,1
IR_NAT_ASU_C,40,,1222,1
IR_NAT_ASU_C,10,,1224,1
IR_NAT_ASU_C,30,,1224,1
IR_NAT_ASU_C,40,,1224,1
IR_NAT_ASU_C,10,,1226,1
IR_NAT_ASU_C,30,,1226,1
IR_NAT_ASU_C,40,,1226,1
IR_NAT_ASU_C,10,,1227,1
IR_NAT_ASU_C,30,,1227,1
IR_NAT_ASU_C,40,,1227,1
IR_NAT_ASU_C,10,,1228,1
IR_NAT_ASU_C,30,,1228,1
IR_NAT_ASU_C,40,,1228,1
IR_NAT_ASU_C,10,,1311,1
IR_NAT_ASU_C,30,,1311,1
IR_NAT_ASU_C,40,,1311,1
IR_NAT_ASU_C,10,,1312,1
IR_NAT_ASU_C,30,,1312,1
IR_NAT_ASU_C,40,,1312,1
IR_NAT_ASU_C,70,,1312,1
IR_NAT_ASU_C,90,,1312,2
IR_NAT_ASU_C,10,,1313,1
IR_NAT_ASU_C,30,,1313,1
IR_NAT_ASU_C,40,,1313,1
IR_NAT_ASU_C,10,,1316,1
IR_NAT_ASU_C,30,,1316,1
IR_NAT_ASU_C,40,,1316,1
IR_NAT_ASU_C,70,,1316,1
IR_NAT_ASU_C,10,,1318,1
IR_NAT_ASU_C,30,,1318,1
IR_NAT_ASU_C,40,,1318,1
IR_NAT_ASU_C,10,,1321,1
IR_NAT_ASU_C,30,,1321,1
IR_NAT_ASU_C,40,,1321,1
IR_NAT_ASU_C,70,,1321,1
IR_NAT_ASU_C,90,,1321,
IR_NAT_ASU_C,10,,1322,1
IR_NAT_ASU_C,30,,1322,1
IR_NAT_ASU_C,40,,1322,1
IR_NAT_ASU_C,70,,1322,1
IR_NAT_ASU_C,10,,1323,1
IR_NAT_ASU_C,30,,1323,1
IR_NAT_ASU_C,40,,1323,1
IR_NAT_ASU_C,70,,1323,1
IR_NAT_ASU_C,10,,1324,1
IR_NAT_ASU_C,30,,1324,1
IR_NAT_ASU_C,40,,1324,1
IR_NAT_ASU_C,70,,1324,1
IR_NAT_ASU_C,90,,1324,
IR_NAT_ASU_C,10,,1331,1
IR_NAT_ASU_C,30,,1331,1
IR_NAT_ASU_C,40,,1331,1
IR_NAT_ASU_C,70,,1331,1
IR_NAT_ASU_C,90,,1331,2
IR_NAT_ASU_C,10,,1335,1
IR_NAT_ASU_C,30,,1335,1
IR_NAT_ASU_C,40,,1335,1
IR_NAT_ASU_C,10,,1336,1
IR_NAT_ASU_C,90,,1336,1
IR_NAT_ASU_C,10,,1341,1
IR_NAT_ASU_C,30,,1341,1
IR_NAT_ASU_C,40,,1341,1
IR_NAT_ASU_C,10,,1342,1
IR_NAT_ASU_C,30,,1342,1
IR_NAT_ASU_C,40,,1342,1
IR_NAT_ASU_C,10,,1351,99
IR_NAT_ASU_C,30,,1351,99
IR_NAT_ASU_C,40,,1351,99
IR_NAT_ASU_C,70,,1351,99
IR_NAT_ASU_C,90,,1351,99
IR_NAT_ASU_C,10,,1352,1
IR_NAT_ASU_C,30,,1352,1
IR_NAT_ASU_C,40,,1352,1
IR_NAT_ASU_C,70,,1352,1
IR_NAT_ASU_C,90,,1352,2
IR_NAT_ASU_C,10,,1361,1
IR_NAT_ASU_C,30,,1361,1
IR_NAT_ASU_C,40,,1361,1
IR_NAT_ASU_C,10,,1411,1
IR_NAT_ASU_C,30,,1411,1
IR_NAT_ASU_C,40,,1411,1
IR_NAT_ASU_C,70,,1411,1
IR_NAT_ASU_C,10,,1421,1
IR_NAT_ASU_C,30,,1421,1
IR_NAT_ASU_C,40,,1421,1
IR_NAT_ASU_C,10,,1422,1
IR_NAT_ASU_C,30,,1422,1
IR_NAT_ASU_C,40,,1422,
IR_NAT_ASU_C,70,,1422,1
IR_NAT_ASU_C,10,,1423,2
IR_NAT_ASU_C,30,,1423,2
IR_NAT_ASU_C,40,,1423,2
IR_NAT_ASU_C,10,,1424,2
IR_NAT_ASU_C,30,,1424,2
IR_NAT_ASU_C,40,,1424,2
IR_NAT_ASU_C,70,,1424,1
IR_NAT_ASU_C,10,,1425,99
IR_NAT_ASU_C,30,,1425,99
IR_NAT_ASU_C,40,,1425,99
IR_NAT_ASU_C,10,,1426,99
IR_NAT_ASU_C,10,,1427,99
IR_NAT_ASU_C,30,,1427,99
IR_NAT_ASU_C,40,,1427,99
IR_NAT_ASU_C,10,,1431,2
IR_NAT_ASU_C,30,,1431,2
IR_NAT_ASU_C,40,,1431,2
IR_NAT_ASU_C,70,,1431,1
IR_NAT_ASU_C,10,,1432,2
IR_NAT_ASU_C,30,,1432,2
IR_NAT_ASU_C,40,,1432,2
IR_NAT_ASU_C,90,,1432,2
IR_NAT_ASU_C,10,,1433,2
IR_NAT_ASU_C,30,,1433,2
IR_NAT_ASU_C,40,,1433,2
IR_NAT_ASU_C,70,,1433,1
IR_NAT_ASU_C,90,,1433,2
IR_NAT_ASU_C,30,,1434,99
IR_NAT_ASU_C,30,,1435,99
IR_NAT_ASU_C,30,,1436,99
IR_NAT_ASU_C,10,,1437,
IR_NAT_ASU_C,30,,1437,
IR_NAT_ASU_C,40,,1437,
IR_NAT_ASU_C,10,,1451,
IR_NAT_ASU_C,30,,1451,
IR_NAT_ASU_C,40,,1451,
IR_NAT_ASU_C,10,,1452,
IR_NAT_ASU_C,30,,1452,
IR_NAT_ASU_C,40,,1452,
IR_NAT_ASU_C,10,,1453,
IR_NAT_ASU_C,30,,1453,
IR_NAT_ASU_C,40,,1453,
IR_NAT_ASU_C,10,,1462,
IR_NAT_ASU_C,30,,1462,
IR_NAT_ASU_C,40,,1462,
IR_NAT_ASU_C,10,,1465,
IR_NAT_ASU_C,30,,1465,
IR_NAT_ASU_C,40,,1465,
IR_NAT_ASU_C,10,,1470,
IR_NAT_ASU_C,30,,1470,
IR_NAT_ASU_C,40,,1470,
IR_NAT_ASU_C,10,,1471,
IR_NAT_ASU_C,30,,1471,
IR_NAT_ASU_C,40,,1471,
IR_NAT_ASU_C,10,,1472,
IR_NAT_ASU_C,30,,1472,
IR_NAT_ASU_C,40,,1472,
IR_NAT_ASU_C,10,,1473,
IR_NAT_ASU_C,30,,1473,
IR_NAT_ASU_C,40,,1473,
IR_NAT_ASU_C,10,,1474,
IR_NAT_ASU_C,30,,1474,
IR_NAT_ASU_C,40,,1474,
IR_NAT_ASU_C,10,,1475,
IR_NAT_ASU_C,30,,1475,
IR_NAT_ASU_C,40,,1475,
IR_NAT_ASU_C,10,,1476,
IR_NAT_ASU_C,30,,1476,
IR_NAT_ASU_C,40,,1476,
IR_NAT_ASU_C,10,,1477,
IR_NAT_ASU_C,30,,1477,
IR_NAT_ASU_C,40,,1477,
IR_NAT_ASU_C,30,,1521,1
IR_NAT_ASU_C,10,,1522,1
IR_NAT_ASU_C,30,,1522,1
IR_NAT_ASU_C,10,,1523,
IR_NAT_ASU_C,10,,1601,1
IR_NAT_ASU_C,40,,1601,1
IR_NAT_ASU_C,10,,1602,1
IR_NAT_ASU_C,40,,1602,1
IR_NAT_ASU_C,10,,1605,1
IR_NAT_ASU_C,40,,1605,1
IR_NAT_ASU_C,10,,1606,1
IR_NAT_ASU_C,40,,1606,1
IR_NAT_ASU_C,10,,1607,1
IR_NAT_ASU_C,40,,1607,1
IR_NAT_ASU_C,10,,1608,1
IR_NAT_ASU_C,40,,1608,1
IR_NAT_ASU_C,10,,1609,1
IR_NAT_ASU_C,40,,1609,1
IR_NAT_ASU_C,10,,1610,99
IR_NAT_ASU_C,10,,1611,1
IR_NAT_ASU_C,40,,1611,1
IR_NAT_ASU_C,10,,1612,1
IR_NAT_ASU_C,40,,1612,1
IR_NAT_ASU_C,10,,1613,1
IR_NAT_ASU_C,40,,1613,1
IR_NAT_ASU_C,10,,1614,1
IR_NAT_ASU_C,40,,1614,1
IR_NAT_ASU_C,10,,1615,1
IR_NAT_ASU_C,40,,1615,1
IR_NAT_ASU_C,10,,1616,1
IR_NAT_ASU_C,40,,1616,1
IR_NAT_ASU_C,10,,1617,1
IR_NAT_ASU_C,40,,1617,1
IR_NAT_ASU_C,10,,1618,1
IR_NAT_ASU_C,40,,1618,1
IR_NAT_ASU_C,10,,1619,
IR_NAT_ASU_C,40,,1619,
IR_NAT_ASU_C,10,,1621,
IR_NAT_ASU_C,10,,1622,
IR_NAT_ASU_C,10,,1623,
IR_NAT_ASU_C,10,,1624,
IR_NAT_ASU_C,10,,1625,
IR_NAT_ASU_C,10,,1626,
IR_NAT_ASU_C,10,,1627,
IR_NAT_ASU_C,10,,1628,
IR_NAT_ASU_C,10,,1629,
IR_NAT_ASU_C,10,,1630,
IR_NAT_ASU_C,10,,1631,
IR_NAT_ASU_C,10,,1632,
IR_NAT_ASU_C,10,,1633,
IR_NAT_ASU_C,10,,1634,
IR_NAT_ASU_C,10,,1635,
IR_NAT_ASU_C,10,,1636,
IR_NAT_ASU_C,10,,1637,
IR_NAT_ASU_C,10,,1638,
IR_NAT_ASU_C,10,,1639,
IR_NAT_ASU_C,10,,1640,99
IR_NAT_ASU_C,10,,1641,99
IR_NAT_ASU_C,10,,1642,99
IR_NAT_ASU_C,10,,1643,99
IR_NAT_ASU_C,10,,1644,99
IR_NAT_ASU_C,10,,1645,99
IR_NAT_ASU_C,10,,1646,99
IR_NAT_ASU_C,10,,1647,99
IR_NAT_ASU_C,10,,1648,99
IR_NAT_ASU_C,10,,1649,99
IR_NAT_ASU_C,10,,1650,99
IR_NAT_ASU_C,10,,1651,99
IR_NAT_ASU_C,10,,1652,99
IR_NAT_ASU_C,10,,1653,99
IR_NAT_ASU_C,10,,1701,1
IR_NAT_ASU_C,10,,1702,1
IR_NAT_ASU_C,10,,1703,1
IR_NAT_ASU_C,10,,1704,1
IR_NAT_ASU_C,10,,1705,1
IR_NAT_ASU_C,10,,1706,1
IR_NAT_ASU_C,10,,1707,1
IR_NAT_ASU_C,10,,1708,1
IR_NAT_ASU_C,10,,1715,1
IR_NAT_ASU_C,40,,1715,1
IR_NAT_ASU_C,10,,1716,1
IR_NAT_ASU_C,40,,1716,1
IR_NAT_ASU_C,10,,1717,1
IR_NAT_ASU_C,40,,1717,1
IR_NAT_ASU_C,10,,1718,1
IR_NAT_ASU_C,40,,1718,1
IR_NAT_ASU_C,10,,1721,
IR_NAT_ASU_C,10,,1722,
IR_NAT_ASU_C,10,,1723,
IR_NAT_ASU_C,10,,1724,
IR_NAT_ASU_C,10,,1725,
IR_NAT_ASU_C,10,,1726,
IR_NAT_ASU_C,10,,1727,
IR_NAT_ASU_C,10,,1728,
IR_NAT_ASU_C,10,,1729,
IR_NAT_ASU_C,10,,1731,
IR_NAT_ASU_C,10,,1732,
IR_NAT_ASU_C,10,,1733,
IR_NAT_ASU_C,10,,1734,
IR_NAT_ASU_C,10,,1735,
IR_NAT_ASU_C,10,,1736,
IR_NAT_ASU_C,10,,1741,
IR_NAT_ASU_C,10,,1742,
IR_NAT_ASU_C,10,,1743,
IR_NAT_ASU_C,10,,1744,
IR_NAT_ASU_C,10,,1745,
IR_NAT_ASU_C,10,,1746,
IR_NAT_ASU_C,10,,1747,
IR_NAT_ASU_C,10,,1748,
IR_NAT_ASU_C,10,,1749,
IR_NAT_ASU_C,10,,1751,
IR_NAT_ASU_C,10,,1761,
IR_NAT_ASU_C,10,,1762,
IR_NAT_ASU_C,10,,1095,99
IR_NAT_ASU_C,30,,1095,99
IR_NAT_ASU_C,40,,1095,99
IR_NAT_ASU_C,10,,1096,99
IR_NAT_ASU_C,10,,1769,
IR_NAT_ASU_C,10,,1771,
IR_NAT_ASU_C,10,,1781,
IR_NAT_ASU_C,10,,1782,
IR_NAT_ASU_C,10,,1783,
IR_NAT_ASU_C,10,,1784,
IR_NAT_ASU_C,10,,1785,
IR_NAT_ASU_C,10,,1786,
IR_NAT_ASU_C,10,,1787,
IR_NAT_ASU_C,10,,1788,
IR_NAT_ASU_C,10,,1789,
IR_NAT_ASU_C,10,,1791,
IR_NAT_ASU_C,10,,1811,
IR_NAT_ASU_C,30,,1811,
IR_NAT_ASU_C,40,,1811,
IR_NAT_ASU_C,90,,1811,
IR_NAT_ASU_C,10,,1812,
IR_NAT_ASU_C,30,,1812,
IR_NAT_ASU_C,40,,1812,
IR_NAT_ASU_C,90,,1812,
IR_NAT_ASU_C,10,,1813,
IR_NAT_ASU_C,30,,1813,
IR_NAT_ASU_C,40,,1813,
IR_NAT_ASU_C,90,,1813,
IR_NAT_ASU_C,10,,1814,
IR_NAT_ASU_C,10,,1821,
IR_NAT_ASU_C,30,,1821,
IR_NAT_ASU_C,40,,1821,
IR_NAT_ASU_C,10,,1841,
IR_NAT_ASU_C,30,,1841,
IR_NAT_ASU_C,40,,1841,
IR_NAT_ASU_C,10,,1842,3
IR_NAT_ASU_C,30,,1842,3
IR_NAT_ASU_C,40,,1842,3
IR_NAT_ASU_C,90,,1842,
IR_NAT_ASU_C,10,,1843,3
IR_NAT_ASU_C,30,,1843,3
IR_NAT_ASU_C,40,,1843,3
IR_NAT_ASU_C,10,,1844,3
IR_NAT_ASU_C,30,,1844,3
IR_NAT_ASU_C,40,,1844,3
IR_NAT_ASU_C,10,,1845,3
IR_NAT_ASU_C,30,,1845,3
IR_NAT_ASU_C,40,,1845,3
IR_NAT_ASU_C,10,,1846,3
IR_NAT_ASU_C,30,,1846,3
IR_NAT_ASU_C,40,,1846,3
IR_NAT_ASU_C,90,,1846,3
IR_NAT_ASU_C,10,,1847,3
IR_NAT_ASU_C,30,,1847,3
IR_NAT_ASU_C,40,,1847,3
IR_NAT_ASU_C,10,,1903,99
IR_NAT_ASU_C,30,,1903,99
IR_NAT_ASU_C,10,,1904,99
IR_NAT_ASU_C,30,,1904,99
IR_NAT_ASU_C,10,,1905,99
IR_NAT_ASU_C,30,,1905,99
IR_NAT_ASU_C,40,,1905,99
IR_NAT_ASU_C,10,,1906,99
IR_NAT_ASU_C,30,,1906,99
IR_NAT_ASU_C,10,,1907,99
IR_NAT_ASU_C,30,,1908,99
IR_NAT_ASU_C,30,,1909,99
IR_NAT_ASU_C,10,,1910,
IR_NAT_ASU_C,10,,1911,1
IR_NAT_ASU_C,30,,1911,1
IR_NAT_ASU_C,40,,1911,1
IR_NAT_ASU_C,90,,1911,
IR_NAT_ASU_C,10,,1912,1
IR_NAT_ASU_C,30,,1912,1
IR_NAT_ASU_C,40,,1912,1
IR_NAT_ASU_C,10,,1913,1
IR_NAT_ASU_C,30,,1913,1
IR_NAT_ASU_C,40,,1913,1
IR_NAT_ASU_C,10,,1914,1
IR_NAT_ASU_C,30,,1914,1
IR_NAT_ASU_C,40,,1914,1
IR_NAT_ASU_C,90,,1914,2
IR_NAT_ASU_C,10,,1915,1
IR_NAT_ASU_C,40,,1915,1
IR_NAT_ASU_C,10,,1916,1
IR_NAT_ASU_C,40,,1916,1
IR_NAT_ASU_C,10,,1917,1
IR_NAT_ASU_C,40,,1917,1
IR_NAT_ASU_C,10,,1918,1
IR_NAT_ASU_C,30,,1918,1
IR_NAT_ASU_C,40,,1918,1
IR_NAT_ASU_C,10,,1919,1
IR_NAT_ASU_C,30,,1919,1
IR_NAT_ASU_C,10,,1920,
IR_NAT_ASU_C,10,,1921,1
IR_NAT_ASU_C,30,,1921,1
IR_NAT_ASU_C,90,,1921,1
IR_NAT_ASU_C,10,,1922,1
IR_NAT_ASU_C,30,,1922,1
IR_NAT_ASU_C,10,,1923,1
IR_NAT_ASU_C,30,,1923,1
IR_NAT_ASU_C,10,,1924,
IR_NAT_ASU_C,10,,1925,
IR_NAT_ASU_C,10,,1926,
IR_NAT_ASU_C,10,,1931,1
IR_NAT_ASU_C,30,,1931,1
IR_NAT_ASU_C,40,,1931,1
IR_NAT_ASU_C,90,,1931,2
IR_NAT_ASU_C,10,,1932,1
IR_NAT_ASU_C,30,,1932,1
IR_NAT_ASU_C,40,,1932,1
IR_NAT_ASU_C,90,,1932,2
IR_NAT_ASU_C,10,,1933,1
IR_NAT_ASU_C,30,,1933,1
IR_NAT_ASU_C,40,,1933,1
IR_NAT_ASU_C,10,,1934,1
IR_NAT_ASU_C,30,,1934,1
IR_NAT_ASU_C,40,,1934,1
IR_NAT_ASU_C,10,,1935,1
IR_NAT_ASU_C,30,,1935,1
IR_NAT_ASU_C,40,,1935,1
IR_NAT_ASU_C,10,,1936,1
IR_NAT_ASU_C,30,,1936,1
IR_NAT_ASU_C,40,,1936,1
IR_NAT_ASU_C,10,,1937,1
IR_NAT_ASU_C,30,,1937,1
IR_NAT_ASU_C,40,,1937,1
IR_NAT_ASU_C,10,,1938,1
IR_NAT_ASU_C,30,,1938,1
IR_NAT_ASU_C,40,,1938,1
IR_NAT_ASU_C,10,,1941,1
IR_NAT_ASU_C,30,,1941,1
IR_NAT_ASU_C,40,,1941,1
IR_NAT_ASU_C,10,,1942,1
IR_NAT_ASU_C,30,,1942,1
IR_NAT_ASU_C,40,,1942,1
IR_NAT_ASU_C,10,,1943,99
IR_NAT_ASU_C,30,,1943,99
IR_NAT_ASU_C,40,,1943,99
IR_NAT_ASU_C,10,,1944,99
IR_NAT_ASU_C,30,,1944,99
IR_NAT_ASU_C,40,,1944,99
IR_NAT_ASU_C,10,,1945,99
IR_NAT_ASU_C,30,,1945,99
IR_NAT_ASU_C,40,,1945,99
IR_NAT_ASU_C,10,,1951,1
IR_NAT_ASU_C,30,,1951,1
IR_NAT_ASU_C,40,,1951,1
IR_NAT_ASU_C,50,,1951,1
IR_NAT_ASU_C,70,,1951,1
IR_NAT_ASU_C,80,,1951,1
IR_NAT_ASU_C,90,,1951,20
IR_NAT_ASU_C,10,,1952,1
IR_NAT_ASU_C,30,,1952,1
IR_NAT_ASU_C,40,,1952,1
IR_NAT_ASU_C,50,,1952,1
IR_NAT_ASU_C,70,,1952,1
IR_NAT_ASU_C,80,,1952,1
IR_NAT_ASU_C,90,,1952,20
IR_NAT_ASU_C,10,,1954,1
IR_NAT_ASU_C,30,,1954,1
IR_NAT_ASU_C,40,,1954,1
IR_NAT_ASU_C,50,,1954,1
IR_NAT_ASU_C,70,,1954,1
IR_NAT_ASU_C,80,,1954,1
IR_NAT_ASU_C,90,,1954,20
IR_NAT_ASU_C,10,,1955,1
IR_NAT_ASU_C,30,,1955,1
IR_NAT_ASU_C,40,,1955,1
IR_NAT_ASU_C,50,,1955,1
IR_NAT_ASU_C,70,,1955,1
IR_NAT_ASU_C,80,,1955,1
IR_NAT_ASU_C,90,,1955,20
IR_NAT_ASU_C,10,,1956,1
IR_NAT_ASU_C,30,,1956,1
IR_NAT_ASU_C,40,,1956,1
IR_NAT_ASU_C,50,,1956,1
IR_NAT_ASU_C,70,,1956,1
IR_NAT_ASU_C,80,,1956,1
IR_NAT_ASU_C,90,,1956,20
IR_NAT_ASU_C,10,,1957,99
IR_NAT_ASU_C,40,,1957,99
IR_NAT_ASU_C,90,,1957,99
IR_NAT_ASU_C,10,,1971,5
IR_NAT_ASU_C,30,,1971,5
IR_NAT_ASU_C,40,,1971,5
IR_NAT_ASU_C,50,,1971,5
IR_NAT_ASU_C,70,,1971,5
IR_NAT_ASU_C,80,,1971,5
IR_NAT_ASU_C,90,,1971,2
IR_NAT_ASU_C,10,,1972,5
IR_NAT_ASU_C,30,,1972,5
IR_NAT_ASU_C,40,,1972,5
IR_NAT_ASU_C,50,,1972,5
IR_NAT_ASU_C,70,,1972,5
IR_NAT_ASU_C,80,,1972,5
IR_NAT_ASU_C,90,,1972,2
IR_NAT_ASU_C,10,,1973,7
IR_NAT_ASU_C,30,,1973,7
IR_NAT_ASU_C,40,,1973,7
IR_NAT_ASU_C,50,,1973,7
IR_NAT_ASU_C,70,,1973,7
IR_NAT_ASU_C,80,,1973,7
IR_NAT_ASU_C,90,,1973,2
IR_NAT_ASU_C,10,,1974,7
IR_NAT_ASU_C,30,,1974,7
IR_NAT_ASU_C,40,,1974,7
IR_NAT_ASU_C,50,,1974,7
IR_NAT_ASU_C,70,,1974,7
IR_NAT_ASU_C,80,,1974,7
IR_NAT_ASU_C,90,,1974,2
IR_NAT_ASU_C,10,,1975,3
IR_NAT_ASU_C,30,,1975,3
IR_NAT_ASU_C,40,,1975,3
IR_NAT_ASU_C,50,,1975,3
IR_NAT_ASU_C,70,,1975,3
IR_NAT_ASU_C,80,,1975,3
IR_NAT_ASU_C,90,,1975,2
IR_NAT_ASU_C,10,,1976,3
IR_NAT_ASU_C,30,,1976,3
IR_NAT_ASU_C,40,,1976,3
IR_NAT_ASU_C,50,,1976,3
IR_NAT_ASU_C,70,,1976,3
IR_NAT_ASU_C,80,,1976,3
IR_NAT_ASU_C,90,,1976,2
IR_NAT_ASU_C,10,,1977,1
IR_NAT_ASU_C,30,,1977,1
IR_NAT_ASU_C,40,,1977,1
IR_NAT_ASU_C,50,,1977,1
IR_NAT_ASU_C,70,,1977,1
IR_NAT_ASU_C,80,,1977,1
IR_NAT_ASU_C,90,,1977,2
IR_NAT_ASU_C,10,,1978,1
IR_NAT_ASU_C,30,,1978,1
IR_NAT_ASU_C,40,,1978,1
IR_NAT_ASU_C,50,,1978,1
IR_NAT_ASU_C,70,,1978,1
IR_NAT_ASU_C,80,,1978,1
IR_NAT_ASU_C,90,,1978,2
IR_NAT_ASU_C,10,,1981,1
IR_NAT_ASU_C,10,,1990,99
IR_NAT_ASU_C,30,,1990,99
IR_NAT_ASU_C,10,,1991,1
IR_NAT_ASU_C,40,,1991,1
IR_NAT_ASU_C,10,,1992,1
IR_NAT_ASU_C,40,,1992,1
IR_NAT_ASU_C,10,,1993,1
IR_NAT_ASU_C,40,,1993,1
IR_NAT_ASU_C,10,,1994,1
IR_NAT_ASU_C,40,,1994,1
IR_NAT_ASU_C,10,,1995,1
IR_NAT_ASU_C,40,,1995,1
IR_NAT_ASU_C,10,,1996,1
IR_NAT_ASU_C,40,,1996,1
IR_NAT_ASU_C,10,,1997,1
IR_NAT_ASU_C,40,,1997,1
IR_NAT_ASU_C,10,,1998,99
IR_NAT_ASU_C,30,,1998,99
IR_NAT_ASU_C,10,,1999,99
IR_NAT_ASU_C,30,,1999,99
IR_NAT_ASU_C,10,,2106,10
IR_NAT_ASU_C,30,,2106,10
IR_NAT_ASU_C,40,,2106,10
IR_NAT_ASU_C,10,,2107,10
IR_NAT_ASU_C,30,,2107,10
IR_NAT_ASU_C,40,,2107,10
IR_NAT_ASU_C,10,,2108,10
IR_NAT_ASU_C,30,,2108,10
IR_NAT_ASU_C,40,,2108,10
IR_NAT_ASU_C,10,,2109,10
IR_NAT_ASU_C,30,,2109,10
IR_NAT_ASU_C,40,,2109,10
IR_NAT_ASU_C,10,,2111,1
IR_NAT_ASU_C,30,,2111,1
IR_NAT_ASU_C,40,,2111,1
IR_NAT_ASU_C,10,,2112,1
IR_NAT_ASU_C,30,,2112,1
IR_NAT_ASU_C,40,,2112,1
IR_NAT_ASU_C,10,,2113,1
IR_NAT_ASU_C,30,,2113,1
IR_NAT_ASU_C,40,,2113,1
IR_NAT_ASU_C,10,,2114,1
IR_NAT_ASU_C,30,,2114,1
IR_NAT_ASU_C,40,,2114,1
IR_NAT_ASU_C,10,,2115,1
IR_NAT_ASU_C,30,,2115,1
IR_NAT_ASU_C,40,,2115,1
IR_NAT_ASU_C,10,,2116,1
IR_NAT_ASU_C,10,,2117,1
IR_NAT_ASU_C,10,,2118,1
IR_NAT_ASU_C,10,,2119,10
IR_NAT_ASU_C,30,,2119,10
IR_NAT_ASU_C,40,,2119,10
IR_NAT_ASU_C,10,,2120,1
IR_NAT_ASU_C,10,,1763,
IR_NAT_ASU_C,10,,1764,
IR_NAT_ASU_C,10,,1765,
IR_NAT_ASU_C,10,,1766,
IR_NAT_ASU_C,10,,1767,
IR_NAT_ASU_C,10,,1768,
IR_NAT_ASU_C,10,,2129,99
IR_NAT_ASU_C,30,,2129,99
IR_NAT_ASU_C,40,,2129,99
IR_NAT_ASU_C,10,,2131,99
IR_NAT_ASU_C,30,,2131,99
IR_NAT_ASU_C,40,,2131,99
IR_NAT_ASU_C,10,,2132,99
IR_NAT_ASU_C,30,,2132,99
IR_NAT_ASU_C,40,,2132,99
IR_NAT_ASU_C,10,,2133,99
IR_NAT_ASU_C,30,,2133,
IR_NAT_ASU_C,40,,2133,99
IR_NAT_ASU_C,10,,2134,99
IR_NAT_ASU_C,30,,2134,99
IR_NAT_ASU_C,40,,2134,99
IR_NAT_ASU_C,10,,2135,99
IR_NAT_ASU_C,30,,2135,99
IR_NAT_ASU_C,40,,2135,99
IR_NAT_ASU_C,10,,2136,99
IR_NAT_ASU_C,30,,2136,99
IR_NAT_ASU_C,40,,2136,99
IR_NAT_ASU_C,10,,2137,99
IR_NAT_ASU_C,30,,2137,99
IR_NAT_ASU_C,40,,2137,99
IR_NAT_ASU_C,10,,2138,99
IR_NAT_ASU_C,30,,2138,99
IR_NAT_ASU_C,40,,2138,99
IR_NAT_ASU_C,10,,2139,99
IR_NAT_ASU_C,30,,2139,99
IR_NAT_ASU_C,40,,2139,99
IR_NAT_ASU_C,10,,2140,99
IR_NAT_ASU_C,30,,2140,99
IR_NAT_ASU_C,40,,2140,99
IR_NAT_ASU_C,10,,2141,1
IR_NAT_ASU_C,30,,2141,1
IR_NAT_ASU_C,40,,2141,1
IR_NAT_ASU_C,10,,2142,99
IR_NAT_ASU_C,30,,2142,99
IR_NAT_ASU_C,40,,2142,99
IR_NAT_ASU_C,10,,2143,99
IR_NAT_ASU_C,30,,2143,99
IR_NAT_ASU_C,40,,2143,99
IR_NAT_ASU_C,10,,2144,99
IR_NAT_ASU_C,30,,2144,99
IR_NAT_ASU_C,40,,2144,99
IR_NAT_ASU_C,10,,2145,
IR_NAT_ASU_C,30,,2145,
IR_NAT_ASU_C,40,,2145,
IR_NAT_ASU_C,10,,2146,
IR_NAT_ASU_C,30,,2146,
IR_NAT_ASU_C,40,,2146,
IR_NAT_ASU_C,10,,2147,
IR_NAT_ASU_C,30,,2147,
IR_NAT_ASU_C,40,,2147,
IR_NAT_ASU_C,10,,2150,1
IR_NAT_ASU_C,30,,2150,1
IR_NAT_ASU_C,40,,2150,1
IR_NAT_ASU_C,10,,2151,99
IR_NAT_ASU_C,30,,2151,99
IR_NAT_ASU_C,40,,2151,99
IR_NAT_ASU_C,10,,2152,99
IR_NAT_ASU_C,30,,2152,99
IR_NAT_ASU_C,40,,2152,99
IR_NAT_ASU_C,10,,2153,99
IR_NAT_ASU_C,30,,2153,99
IR_NAT_ASU_C,40,,2153,99
IR_NAT_ASU_C,10,,2154,99
IR_NAT_ASU_C,30,,2154,99
IR_NAT_ASU_C,40,,2154,99
IR_NAT_ASU_C,10,,2155,99
IR_NAT_ASU_C,30,,2155,99
IR_NAT_ASU_C,40,,2155,99
IR_NAT_ASU_C,10,,2156,99
IR_NAT_ASU_C,30,,2156,99
IR_NAT_ASU_C,40,,2156,99
IR_NAT_ASU_C,10,,2157,99
IR_NAT_ASU_C,30,,2157,99
IR_NAT_ASU_C,40,,2157,99
IR_NAT_ASU_C,10,,2158,1
IR_NAT_ASU_C,30,,2158,1
IR_NAT_ASU_C,40,,2158,1
IR_NAT_ASU_C,10,,2159,1
IR_NAT_ASU_C,30,,2159,1
IR_NAT_ASU_C,40,,2159,1
IR_NAT_ASU_C,10,,2160,10
IR_NAT_ASU_C,10,,2161,99
IR_NAT_ASU_C,30,,2161,99
IR_NAT_ASU_C,40,,2161,99
IR_NAT_ASU_C,10,,2162,1
IR_NAT_ASU_C,40,,2162,1
IR_NAT_ASU_C,10,,2163,
IR_NAT_ASU_C,30,,2163,
IR_NAT_ASU_C,40,,2163,
IR_NAT_ASU_C,10,,2164,
IR_NAT_ASU_C,30,,2164,
IR_NAT_ASU_C,40,,2164,
IR_NAT_ASU_C,10,,2165,10
IR_NAT_ASU_C,30,,2165,10
IR_NAT_ASU_C,40,,2165,10
IR_NAT_ASU_C,10,,2166,10
IR_NAT_ASU_C,30,,2166,10
IR_NAT_ASU_C,40,,2166,10
IR_NAT_ASU_C,10,,2167,10
IR_NAT_ASU_C,30,,2167,10
IR_NAT_ASU_C,40,,2167,10
IR_NAT_ASU_C,10,,2168,10
IR_NAT_ASU_C,30,,2168,10
IR_NAT_ASU_C,40,,2168,10
IR_NAT_ASU_C,10,,2170,
IR_NAT_ASU_C,10,,2171,
IR_NAT_ASU_C,10,,2172,
IR_NAT_ASU_C,10,,2173,10
IR_NAT_ASU_C,10,,2174,10
IR_NAT_ASU_C,10,,2175,10
IR_NAT_ASU_C,10,,2176,10
IR_NAT_ASU_C,10,,2177,10
IR_NAT_ASU_C,10,,2178,10
IR_NAT_ASU_C,10,,2181,99
IR_NAT_ASU_C,30,,2181,99
IR_NAT_ASU_C,40,,2181,99
IR_NAT_ASU_C,10,,2182,99
IR_NAT_ASU_C,30,,2182,99
IR_NAT_ASU_C,40,,2182,99
IR_NAT_ASU_C,10,,2183,99
IR_NAT_ASU_C,30,,2183,99
IR_NAT_ASU_C,40,,2183,99
IR_NAT_ASU_C,10,,2184,99
IR_NAT_ASU_C,30,,2184,99
IR_NAT_ASU_C,40,,2184,99
IR_NAT_ASU_C,10,,2185,99
IR_NAT_ASU_C,30,,2185,99
IR_NAT_ASU_C,40,,2185,99
IR_NAT_ASU_C,10,,2186,1
IR_NAT_ASU_C,30,,2186,1
IR_NAT_ASU_C,40,,2186,1
IR_NAT_ASU_C,10,,2187,1
IR_NAT_ASU_C,30,,2187,1
IR_NAT_ASU_C,40,,2187,1
IR_NAT_ASU_C,10,,2188,1
IR_NAT_ASU_C,30,,2188,1
IR_NAT_ASU_C,40,,2188,1
IR_NAT_ASU_C,10,,2189,1
IR_NAT_ASU_C,30,,2189,1
IR_NAT_ASU_C,40,,2189,1
IR_NAT_ASU_C,10,,2190,1
IR_NAT_ASU_C,30,,2190,1
IR_NAT_ASU_C,40,,2190,1
IR_NAT_ASU_C,10,,2191,
IR_NAT_ASU_C,30,,2191,
IR_NAT_ASU_C,40,,2191,
IR_NAT_ASU_C,10,,2195,
IR_NAT_ASU_C,30,,2195,
IR_NAT_ASU_C,40,,2195,
IR_NAT_ASU_C,10,,2196,
IR_NAT_ASU_C,30,,2196,
IR_NAT_ASU_C,40,,2196,
IR_NAT_ASU_C,10,,2201,2
IR_NAT_ASU_C,30,,2201,2
IR_NAT_ASU_C,40,,2201,2
IR_NAT_ASU_C,10,,2202,2
IR_NAT_ASU_C,10,,2203,2
IR_NAT_ASU_C,10,,2204,2
IR_NAT_ASU_C,30,,2204,2
IR_NAT_ASU_C,10,,2205,2
IR_NAT_ASU_C,10,,2206,2
IR_NAT_ASU_C,40,,2206,2
IR_NAT_ASU_C,10,,2211,1
IR_NAT_ASU_C,30,,2211,1
IR_NAT_ASU_C,40,,2211,1
IR_NAT_ASU_C,10,,2212,1
IR_NAT_ASU_C,30,,2212,1
IR_NAT_ASU_C,40,,2212,1
IR_NAT_ASU_C,10,,2213,1
IR_NAT_ASU_C,30,,2213,1
IR_NAT_ASU_C,10,,2221,1
IR_NAT_ASU_C,30,,2221,1
IR_NAT_ASU_C,40,,2221,1
IR_NAT_ASU_C,10,,2222,1
IR_NAT_ASU_C,30,,2222,1
IR_NAT_ASU_C,40,,2222,1
IR_NAT_ASU_C,30,,2229,1
IR_NAT_ASU_C,10,,2230,10
IR_NAT_ASU_C,10,,2231,1
IR_NAT_ASU_C,30,,2231,1
IR_NAT_ASU_C,40,,2231,1
IR_NAT_ASU_C,10,,2232,1
IR_NAT_ASU_C,40,,2232,1
IR_NAT_ASU_C,10,,2234,1
IR_NAT_ASU_C,30,,2234,1
IR_NAT_ASU_C,40,,2234,1
IR_NAT_ASU_C,10,,2235,1
IR_NAT_ASU_C,30,,2235,1
IR_NAT_ASU_C,40,,2235,1
IR_NAT_ASU_C,10,,2236,1
IR_NAT_ASU_C,30,,2236,1
IR_NAT_ASU_C,40,,2236,1
IR_NAT_ASU_C,10,,2237,1
IR_NAT_ASU_C,30,,2237,1
IR_NAT_ASU_C,10,,2238,1
IR_NAT_ASU_C,30,,2238,1
IR_NAT_ASU_C,40,,2238,1
IR_NAT_ASU_C,10,,2239,1
IR_NAT_ASU_C,40,,2239,1
IR_NAT_ASU_C,10,,2240,1
IR_NAT_ASU_C,10,,2241,1
IR_NAT_ASU_C,30,,2241,1
IR_NAT_ASU_C,40,,2241,1
IR_NAT_ASU_C,10,,2242,1
IR_NAT_ASU_C,30,,2242,1
IR_NAT_ASU_C,40,,2242,1
IR_NAT_ASU_C,10,,2243,1
IR_NAT_ASU_C,30,,2243,1
IR_NAT_ASU_C,40,,2243,1
IR_NAT_ASU_C,10,,2244,10
IR_NAT_ASU_C,30,,2245,1
IR_NAT_ASU_C,30,,2246,1
IR_NAT_ASU_C,10,,2247,1
IR_NAT_ASU_C,30,,2247,1
IR_NAT_ASU_C,40,,2247,1
IR_NAT_ASU_C,10,,2248,10
IR_NAT_ASU_C,10,,2249,10
IR_NAT_ASU_C,10,,2250,1
IR_NAT_ASU_C,30,,2250,1
IR_NAT_ASU_C,10,,2251,1
IR_NAT_ASU_C,30,,2251,1
IR_NAT_ASU_C,40,,2251,1
IR_NAT_ASU_C,70,,2251,1
IR_NAT_ASU_C,10,,2252,1
IR_NAT_ASU_C,30,,2252,1
IR_NAT_ASU_C,40,,2252,1
IR_NAT_ASU_C,70,,2252,1
IR_NAT_ASU_C,10,,2257,
IR_NAT_ASU_C,40,,2257,
IR_NAT_ASU_C,10,,2258,1
IR_NAT_ASU_C,10,,2259,10
IR_NAT_ASU_C,30,,2259,10
IR_NAT_ASU_C,40,,2259,10
IR_NAT_ASU_C,10,,2260,10
IR_NAT_ASU_C,10,,2261,1
IR_NAT_ASU_C,30,,2261,1
IR_NAT_ASU_C,40,,2261,1
IR_NAT_ASU_C,10,,2262,1
IR_NAT_ASU_C,30,,2262,1
IR_NAT_ASU_C,40,,2262,1
IR_NAT_ASU_C,10,,2263,10
IR_NAT_ASU_C,10,,2264,10
IR_NAT_ASU_C,10,,2265,10
IR_NAT_ASU_C,10,,2271,1
IR_NAT_ASU_C,30,,2271,1
IR_NAT_ASU_C,40,,2271,1
IR_NAT_ASU_C,10,,2272,1
IR_NAT_ASU_C,30,,2272,1
IR_NAT_ASU_C,40,,2272,1
IR_NAT_ASU_C,10,,2273,1
IR_NAT_ASU_C,30,,2273,1
IR_NAT_ASU_C,40,,2273,1
IR_NAT_ASU_C,10,,2274,1
IR_NAT_ASU_C,30,,2274,1
IR_NAT_ASU_C,40,,2274,1
IR_NAT_ASU_C,10,,2275,1
IR_NAT_ASU_C,30,,2275,1
IR_NAT_ASU_C,40,,2275,1
IR_NAT_ASU_C,10,,2283,1
IR_NAT_ASU_C,10,,2284,1
IR_NAT_ASU_C,10,,2285,1
IR_NAT_ASU_C,10,,2315,1
IR_NAT_ASU_C,30,,2315,1
IR_NAT_ASU_C,40,,2315,1
IR_NAT_ASU_C,10,,2321,99
IR_NAT_ASU_C,10,,2331,99
IR_NAT_ASU_C,40,,2331,99
IR_NAT_ASU_C,10,,2332,99
IR_NAT_ASU_C,30,,2332,99
IR_NAT_ASU_C,40,,2332,99
IR_NAT_ASU_C,10,,2333,99
IR_NAT_ASU_C,30,,2333,99
IR_NAT_ASU_C,40,,2333,99
IR_NAT_ASU_C,10,,2334,99
IR_NAT_ASU_C,40,,2334,99
IR_NAT_ASU_C,10,,2335,99
IR_NAT_ASU_C,30,,2335,99
IR_NAT_ASU_C,40,,2335,99
IR_NAT_ASU_C,10,,2336,99
IR_NAT_ASU_C,30,,2336,99
IR_NAT_ASU_C,10,,2337,99
IR_NAT_ASU_C,30,,2337,99
IR_NAT_ASU_C,40,,2337,99
IR_NAT_ASU_C,10,,2338,99
IR_NAT_ASU_C,30,,2338,99
IR_NAT_ASU_C,40,,2338,99
IR_NAT_ASU_C,10,,2339,99
IR_NAT_ASU_C,30,,2339,99
IR_NAT_ASU_C,40,,2339,99
IR_NAT_ASU_C,10,,2341,99
IR_NAT_ASU_C,30,,2341,99
IR_NAT_ASU_C,40,,2341,99
IR_NAT_ASU_C,10,,2342,
IR_NAT_ASU_C,40,,2342,
IR_NAT_ASU_C,10,,2343,
IR_NAT_ASU_C,40,,2343,
IR_NAT_ASU_C,10,,2344,
IR_NAT_ASU_C,40,,2344,
IR_NAT_ASU_C,10,,2345,
IR_NAT_ASU_C,40,,2345,
IR_NAT_ASU_C,10,,2346,
IR_NAT_ASU_C,40,,2346,
IR_NAT_ASU_C,10,,2347,
IR_NAT_ASU_C,40,,2347,
IR_NAT_ASU_C,10,,2351,99
IR_NAT_ASU_C,30,,2351,99
IR_NAT_ASU_C,40,,2351,99
IR_NAT_ASU_C,70,,2351,1
IR_NAT_ASU_C,10,,2352,99
IR_NAT_ASU_C,30,,2352,99
IR_NAT_ASU_C,40,,2352,99
IR_NAT_ASU_C,70,,2352,1
IR_NAT_ASU_C,40,,2353,99
IR_NAT_ASU_C,70,,2353,1
IR_NAT_ASU_C,10,,2354,1
IR_NAT_ASU_C,30,,2354,1
IR_NAT_ASU_C,40,,2354,1
IR_NAT_ASU_C,70,,2354,1
IR_NAT_ASU_C,10,,2355,99
IR_NAT_ASU_C,30,,2355,99
IR_NAT_ASU_C,40,,2355,99
IR_NAT_ASU_C,70,,2355,1
IR_NAT_ASU_C,10,,2356,99
IR_NAT_ASU_C,30,,2356,99
IR_NAT_ASU_C,40,,2356,99
IR_NAT_ASU_C,70,,2356,1
IR_NAT_ASU_C,10,,2357,99
IR_NAT_ASU_C,30,,2357,99
IR_NAT_ASU_C,40,,2357,99
IR_NAT_ASU_C,70,,2357,1
IR_NAT_ASU_C,10,,2358,99
IR_NAT_ASU_C,30,,2358,99
IR_NAT_ASU_C,40,,2358,99
IR_NAT_ASU_C,70,,2358,1
IR_NAT_ASU_C,10,,2359,99
IR_NAT_ASU_C,30,,2359,99
IR_NAT_ASU_C,40,,2359,99
IR_NAT_ASU_C,70,,2359,1
IR_NAT_ASU_C,10,,2360,99
IR_NAT_ASU_C,30,,2360,99
IR_NAT_ASU_C,40,,2360,99
IR_NAT_ASU_C,70,,2360,1
IR_NAT_ASU_C,10,,2361,99
IR_NAT_ASU_C,30,,2361,99
IR_NAT_ASU_C,40,,2361,99
IR_NAT_ASU_C,70,,2361,1
IR_NAT_ASU_C,10,,2362,99
IR_NAT_ASU_C,30,,2362,99
IR_NAT_ASU_C,40,,2362,99
IR_NAT_ASU_C,70,,2362,1
IR_NAT_ASU_C,10,,2363,99
IR_NAT_ASU_C,30,,2363,99
IR_NAT_ASU_C,40,,2363,99
IR_NAT_ASU_C,70,,2363,1
IR_NAT_ASU_C,10,,2364,99
IR_NAT_ASU_C,30,,2364,99
IR_NAT_ASU_C,40,,2364,99
IR_NAT_ASU_C,70,,2364,1
IR_NAT_ASU_C,10,,2365,99
IR_NAT_ASU_C,30,,2365,99
IR_NAT_ASU_C,40,,2365,99
IR_NAT_ASU_C,70,,2365,1
IR_NAT_ASU_C,10,,2366,99
IR_NAT_ASU_C,30,,2366,99
IR_NAT_ASU_C,40,,2366,99
IR_NAT_ASU_C,70,,2366,1
IR_NAT_ASU_C,10,,2367,99
IR_NAT_ASU_C,30,,2367,99
IR_NAT_ASU_C,40,,2367,99
IR_NAT_ASU_C,70,,2367,1
IR_NAT_ASU_C,10,,2368,99
IR_NAT_ASU_C,30,,2368,99
IR_NAT_ASU_C,40,,2368,99
IR_NAT_ASU_C,70,,2368,1
IR_NAT_ASU_C,10,,2369,99
IR_NAT_ASU_C,30,,2369,99
IR_NAT_ASU_C,40,,2369,99
IR_NAT_ASU_C,70,,2369,1
IR_NAT_ASU_C,10,,2371,99
IR_NAT_ASU_C,10,,2372,99
IR_NAT_ASU_C,10,,2373,99
IR_NAT_ASU_C,10,,2380,99
IR_NAT_ASU_C,30,,2380,99
IR_NAT_ASU_C,40,,2380,99
IR_NAT_ASU_C,10,,2381,99
IR_NAT_ASU_C,30,,2381,99
IR_NAT_ASU_C,40,,2381,99
IR_NAT_ASU_C,10,,2382,99
IR_NAT_ASU_C,30,,2382,99
IR_NAT_ASU_C,40,,2382,99
IR_NAT_ASU_C,10,,2383,99
IR_NAT_ASU_C,30,,2383,99
IR_NAT_ASU_C,40,,2383,99
IR_NAT_ASU_C,10,,2384,99
IR_NAT_ASU_C,30,,2384,99
IR_NAT_ASU_C,40,,2384,99
IR_NAT_ASU_C,10,,2385,99
IR_NAT_ASU_C,30,,2385,99
IR_NAT_ASU_C,40,,2385,99
IR_NAT_ASU_C,10,,2386,99
IR_NAT_ASU_C,30,,2386,99
IR_NAT_ASU_C,40,,2386,99
IR_NAT_ASU_C,10,,2387,99
IR_NAT_ASU_C,30,,2387,99
IR_NAT_ASU_C,40,,2387,99
IR_NAT_ASU_C,10,,2388,99
IR_NAT_ASU_C,30,,2388,99
IR_NAT_ASU_C,40,,2388,99
IR_NAT_ASU_C,10,,2389,99
IR_NAT_ASU_C,30,,2389,99
IR_NAT_ASU_C,40,,2389,99
IR_NAT_ASU_C,10,,2391,99
IR_NAT_ASU_C,30,,2391,99
IR_NAT_ASU_C,40,,2391,99
IR_NAT_ASU_C,70,,2391,1
IR_NAT_ASU_C,10,,2392,99
IR_NAT_ASU_C,30,,2392,99
IR_NAT_ASU_C,40,,2392,99
IR_NAT_ASU_C,70,,2392,1
IR_NAT_ASU_C,10,,2411,
IR_NAT_ASU_C,10,,2412,
IR_NAT_ASU_C,10,,2413,
IR_NAT_ASU_C,10,,2414,
IR_NAT_ASU_C,10,,2415,
IR_NAT_ASU_C,10,,2416,
IR_NAT_ASU_C,10,,2417,
IR_NAT_ASU_C,10,,2418,
IR_NAT_ASU_C,10,,2419,
IR_NAT_ASU_C,10,,2420,
IR_NAT_ASU_C,10,,2421,
IR_NAT_ASU_C,10,,2422,
IR_NAT_ASU_C,10,,2423,
IR_NAT_ASU_C,10,,2424,
IR_NAT_ASU_C,10,,2425,
IR_NAT_ASU_C,10,,2426,
IR_NAT_ASU_C,10,,2428,10
IR_NAT_ASU_C,10,,2501,
IR_NAT_ASU_C,10,,2502,
IR_NAT_ASU_C,10,,2503,
IR_NAT_ASU_C,10,,2504,
IR_NAT_ASU_C,10,,3110,
IR_NAT_ASU_C,10,,3111,3
IR_NAT_ASU_C,30,,3111,3
IR_NAT_ASU_C,40,,3111,3
IR_NAT_ASU_C,70,,3111,1
IR_NAT_ASU_C,90,,3111,2
IR_NAT_ASU_C,10,,3112,3
IR_NAT_ASU_C,30,,3112,3
IR_NAT_ASU_C,40,,3112,3
IR_NAT_ASU_C,10,,3113,3
IR_NAT_ASU_C,30,,3113,3
IR_NAT_ASU_C,40,,3113,3
IR_NAT_ASU_C,90,,3113,2
IR_NAT_ASU_C,10,,3115,3
IR_NAT_ASU_C,30,,3115,3
IR_NAT_ASU_C,40,,3115,3
IR_NAT_ASU_C,10,,3116,
IR_NAT_ASU_C,30,,3116,
IR_NAT_ASU_C,40,,3116,
IR_NAT_ASU_C,70,,3116,
IR_NAT_ASU_C,10,,3117,
IR_NAT_ASU_C,30,,3117,
IR_NAT_ASU_C,40,,3117,
IR_NAT_ASU_C,70,,3117,
IR_NAT_ASU_C,10,,3118,
IR_NAT_ASU_C,10,,3119,
IR_NAT_ASU_C,10,,3121,3
IR_NAT_ASU_C,30,,3121,3
IR_NAT_ASU_C,40,,3121,3
IR_NAT_ASU_C,10,,3122,3
IR_NAT_ASU_C,30,,3122,3
IR_NAT_ASU_C,40,,3122,3
IR_NAT_ASU_C,10,,3125,3
IR_NAT_ASU_C,30,,3125,3
IR_NAT_ASU_C,40,,3125,3
IR_NAT_ASU_C,10,,3126,
IR_NAT_ASU_C,10,,3127,99
IR_NAT_ASU_C,30,,3127,99
IR_NAT_ASU_C,40,,3127,99
IR_NAT_ASU_C,50,,3127,99
IR_NAT_ASU_C,80,,3127,99
IR_NAT_ASU_C,10,,3128,99
IR_NAT_ASU_C,30,,3128,99
IR_NAT_ASU_C,40,,3128,99
IR_NAT_ASU_C,50,,3128,99
IR_NAT_ASU_C,80,,3128,99
IR_NAT_ASU_C,10,,3131,3
IR_NAT_ASU_C,30,,3131,3
IR_NAT_ASU_C,40,,3131,3
IR_NAT_ASU_C,10,,3132,3
IR_NAT_ASU_C,30,,3132,3
IR_NAT_ASU_C,40,,3132,3
IR_NAT_ASU_C,10,,3133,3
IR_NAT_ASU_C,30,,3133,3
IR_NAT_ASU_C,40,,3133,3
IR_NAT_ASU_C,10,,3134,3
IR_NAT_ASU_C,30,,3134,3
IR_NAT_ASU_C,40,,3134,3
IR_NAT_ASU_C,10,,3135,99
IR_NAT_ASU_C,30,,3135,99
IR_NAT_ASU_C,40,,3135,99
IR_NAT_ASU_C,10,,3139,
IR_NAT_ASU_C,10,,3211,4
IR_NAT_ASU_C,30,,3211,4
IR_NAT_ASU_C,40,,3211,4
IR_NAT_ASU_C,70,,3211,1
IR_NAT_ASU_C,90,,3211,2
IR_NAT_ASU_C,10,,3213,99
IR_NAT_ASU_C,10,,3216,99
IR_NAT_ASU_C,10,,3221,4
IR_NAT_ASU_C,30,,3221,4
IR_NAT_ASU_C,40,,3221,4
IR_NAT_ASU_C,10,,3222,4
IR_NAT_ASU_C,30,,3222,4
IR_NAT_ASU_C,40,,3222,4
IR_NAT_ASU_C,70,,3222,1
IR_NAT_ASU_C,90,,3222,2
IR_NAT_ASU_C,10,,3223,4
IR_NAT_ASU_C,30,,3223,4
IR_NAT_ASU_C,40,,3223,4
IR_NAT_ASU_C,70,,3223,1
IR_NAT_ASU_C,90,,3223,2
IR_NAT_ASU_C,10,,3225,4
IR_NAT_ASU_C,30,,3225,4
IR_NAT_ASU_C,40,,3225,4
IR_NAT_ASU_C,10,,3300,99
IR_NAT_ASU_C,10,,3301,99
IR_NAT_ASU_C,10,,3302,99
IR_NAT_ASU_C,10,,3303,99
IR_NAT_ASU_C,10,,3304,99
IR_NAT_ASU_C,10,,3305,99
IR_NAT_ASU_C,10,,3311,5
IR_NAT_ASU_C,30,,3311,5
IR_NAT_ASU_C,40,,3311,5
IR_NAT_ASU_C,10,,3312,5
IR_NAT_ASU_C,30,,3312,5
IR_NAT_ASU_C,40,,3312,5
IR_NAT_ASU_C,10,,3313,5
IR_NAT_ASU_C,30,,3313,5
IR_NAT_ASU_C,40,,3313,5
IR_NAT_ASU_C,90,,3313,2
IR_NAT_ASU_C,10,,3314,5
IR_NAT_ASU_C,30,,3314,5
IR_NAT_ASU_C,40,,3314,5
IR_NAT_ASU_C,10,,3315,5
IR_NAT_ASU_C,30,,3315,5
IR_NAT_ASU_C,40,,3315,5
IR_NAT_ASU_C,10,,3316,5
IR_NAT_ASU_C,30,,3316,5
IR_NAT_ASU_C,40,,3316,5
IR_NAT_ASU_C,10,,3317,5
IR_NAT_ASU_C,30,,3317,5
IR_NAT_ASU_C,40,,3317,5
IR_NAT_ASU_C,10,,3318,5
IR_NAT_ASU_C,30,,3318,5
IR_NAT_ASU_C,40,,3318,5
IR_NAT_ASU_C,10,,3319,5
IR_NAT_ASU_C,30,,3319,5
IR_NAT_ASU_C,40,,3319,5
IR_NAT_ASU_C,10,,3320,5
IR_NAT_ASU_C,30,,3320,5
IR_NAT_ASU_C,40,,3320,5
IR_NAT_ASU_C,30,,3321,5
IR_NAT_ASU_C,10,,3322,5
IR_NAT_ASU_C,30,,3322,5
IR_NAT_ASU_C,40,,3322,5
IR_NAT_ASU_C,90,,3322,
IR_NAT_ASU_C,10,,3323,5
IR_NAT_ASU_C,30,,3323,5
IR_NAT_ASU_C,40,,3323,5
IR_NAT_ASU_C,10,,3324,5
IR_NAT_ASU_C,30,,3324,5
IR_NAT_ASU_C,40,,3324,5
IR_NAT_ASU_C,10,,3325,5
IR_NAT_ASU_C,30,,3325,5
IR_NAT_ASU_C,40,,3325,5
IR_NAT_ASU_C,10,,3326,5
IR_NAT_ASU_C,30,,3326,5
IR_NAT_ASU_C,40,,3326,5
IR_NAT_ASU_C,10,,3327,5
IR_NAT_ASU_C,30,,3327,5
IR_NAT_ASU_C,40,,3327,5
IR_NAT_ASU_C,10,,3328,5
IR_NAT_ASU_C,30,,3328,5
IR_NAT_ASU_C,40,,3328,5
IR_NAT_ASU_C,10,,3329,5
IR_NAT_ASU_C,10,,3330,99
IR_NAT_ASU_C,30,,3330,99
IR_NAT_ASU_C,40,,3330,99
IR_NAT_ASU_C,10,,3331,5
IR_NAT_ASU_C,30,,3331,5
IR_NAT_ASU_C,90,,3331,2
IR_NAT_ASU_C,10,,3332,5
IR_NAT_ASU_C,30,,3332,5
IR_NAT_ASU_C,90,,3332,2
IR_NAT_ASU_C,10,,3333,5
IR_NAT_ASU_C,90,,3333,2
IR_NAT_ASU_C,10,,3334,99
IR_NAT_ASU_C,30,,3334,99
IR_NAT_ASU_C,90,,3334,99
IR_NAT_ASU_C,10,,3335,99
IR_NAT_ASU_C,30,,3335,99
IR_NAT_ASU_C,90,,3335,99
IR_NAT_ASU_C,10,,3336,99
IR_NAT_ASU_C,30,,3336,99
IR_NAT_ASU_C,40,,3336,99
IR_NAT_ASU_C,10,,3337,99
IR_NAT_ASU_C,10,,3338,99
IR_NAT_ASU_C,10,,3339,99
IR_NAT_ASU_C,10,,3340,99
IR_NAT_ASU_C,10,,3341,5
IR_NAT_ASU_C,30,,3341,5
IR_NAT_ASU_C,40,,3341,5
IR_NAT_ASU_C,10,,3342,5
IR_NAT_ASU_C,30,,3342,5
IR_NAT_ASU_C,40,,3342,5
IR_NAT_ASU_C,10,,3343,5
IR_NAT_ASU_C,30,,3343,5
IR_NAT_ASU_C,40,,3343,5
IR_NAT_ASU_C,10,,3351,5
IR_NAT_ASU_C,30,,3351,5
IR_NAT_ASU_C,40,,3351,5
IR_NAT_ASU_C,10,,3352,5
IR_NAT_ASU_C,30,,3352,5
IR_NAT_ASU_C,40,,3352,5
IR_NAT_ASU_C,10,,3353,5
IR_NAT_ASU_C,30,,3353,5
IR_NAT_ASU_C,40,,3353,5
IR_NAT_ASU_C,10,,3354,5
IR_NAT_ASU_C,30,,3354,5
IR_NAT_ASU_C,40,,3354,5
IR_NAT_ASU_C,10,,3355,5
IR_NAT_ASU_C,30,,3355,5
IR_NAT_ASU_C,40,,3355,5
IR_NAT_ASU_C,10,,3356,5
IR_NAT_ASU_C,30,,3356,5
IR_NAT_ASU_C,40,,3356,5
IR_NAT_ASU_C,10,,3357,
IR_NAT_ASU_C,30,,3357,
IR_NAT_ASU_C,40,,3357,
IR_NAT_ASU_C,10,,3361,1
IR_NAT_ASU_C,10,,3362,1
IR_NAT_ASU_C,10,,3363,1
IR_NAT_ASU_C,10,,3364,99
IR_NAT_ASU_C,30,,3364,99
IR_NAT_ASU_C,40,,3364,99
IR_NAT_ASU_C,90,,3364,99
IR_NAT_ASU_C,10,,3365,99
IR_NAT_ASU_C,30,,3365,99
IR_NAT_ASU_C,40,,3365,99
IR_NAT_ASU_C,10,,3366,99
IR_NAT_ASU_C,30,,3366,99
IR_NAT_ASU_C,40,,3366,99
IR_NAT_ASU_C,10,,3371,5
IR_NAT_ASU_C,30,,3371,5
IR_NAT_ASU_C,40,,3371,5
IR_NAT_ASU_C,10,,3372,5
IR_NAT_ASU_C,30,,3372,5
IR_NAT_ASU_C,40,,3372,5
IR_NAT_ASU_C,10,,3373,5
IR_NAT_ASU_C,30,,3373,5
IR_NAT_ASU_C,40,,3373,5
IR_NAT_ASU_C,10,,3374,1
IR_NAT_ASU_C,30,,3374,1
IR_NAT_ASU_C,10,,3375,
IR_NAT_ASU_C,30,,3375,
IR_NAT_ASU_C,10,,3378,99
IR_NAT_ASU_C,10,,3379,99
IR_NAT_ASU_C,30,,3379,99
IR_NAT_ASU_C,90,,3379,99
IR_NAT_ASU_C,10,,3380,
IR_NAT_ASU_C,30,,3380,
IR_NAT_ASU_C,40,,3380,
IR_NAT_ASU_C,10,,3381,5
IR_NAT_ASU_C,30,,3381,5
IR_NAT_ASU_C,40,,3381,5
IR_NAT_ASU_C,10,,3382,
IR_NAT_ASU_C,10,,3383,
IR_NAT_ASU_C,30,,3383,
IR_NAT_ASU_C,40,,3383,
IR_NAT_ASU_C,10,,3384,
IR_NAT_ASU_C,30,,3384,
IR_NAT_ASU_C,40,,3384,
IR_NAT_ASU_C,10,,3385,
IR_NAT_ASU_C,30,,3385,
IR_NAT_ASU_C,40,,3385,
IR_NAT_ASU_C,10,,3386,
IR_NAT_ASU_C,30,,3386,
IR_NAT_ASU_C,40,,3386,
IR_NAT_ASU_C,90,,3386,
IR_NAT_ASU_C,10,,3387,
IR_NAT_ASU_C,30,,3387,
IR_NAT_ASU_C,40,,3387,
IR_NAT_ASU_C,10,,3388,
IR_NAT_ASU_C,30,,3388,
IR_NAT_ASU_C,40,,3388,
IR_NAT_ASU_C,10,,3389,
IR_NAT_ASU_C,30,,3389,
IR_NAT_ASU_C,40,,3389,
IR_NAT_ASU_C,10,,3390,
IR_NAT_ASU_C,30,,3390,
IR_NAT_ASU_C,40,,3390,
IR_NAT_ASU_C,90,,3390,
IR_NAT_ASU_C,10,,3391,
IR_NAT_ASU_C,10,,3392,
IR_NAT_ASU_C,10,,3393,
IR_NAT_ASU_C,10,,3394,
IR_NAT_ASU_C,10,,3395,
IR_NAT_ASU_C,10,,3396,99
IR_NAT_ASU_C,10,,3397,99
IR_NAT_ASU_C,10,,3398,99
IR_NAT_ASU_C,10,,3399,
IR_NAT_ASU_C,30,,3399,
IR_NAT_ASU_C,10,,3411,5
IR_NAT_ASU_C,30,,3411,5
IR_NAT_ASU_C,40,,3411,5
IR_NAT_ASU_C,10,,3412,5
IR_NAT_ASU_C,30,,3412,5
IR_NAT_ASU_C,40,,3412,5
IR_NAT_ASU_C,10,,3413,5
IR_NAT_ASU_C,30,,3413,5
IR_NAT_ASU_C,10,,3414,5
IR_NAT_ASU_C,30,,3414,5
IR_NAT_ASU_C,40,,3414,5
IR_NAT_ASU_C,10,,3511,6
IR_NAT_ASU_C,30,,3511,6
IR_NAT_ASU_C,40,,3511,6
IR_NAT_ASU_C,10,,3512,6
IR_NAT_ASU_C,30,,3512,6
IR_NAT_ASU_C,40,,3512,6
IR_NAT_ASU_C,10,,3513,6
IR_NAT_ASU_C,30,,3513,6
IR_NAT_ASU_C,40,,3513,6
IR_NAT_ASU_C,10,,3514,6
IR_NAT_ASU_C,30,,3514,6
IR_NAT_ASU_C,40,,3514,6
IR_NAT_ASU_C,10,,3515,6
IR_NAT_ASU_C,30,,3515,6
IR_NAT_ASU_C,40,,3515,6
IR_NAT_ASU_C,10,,3516,6
IR_NAT_ASU_C,30,,3516,6
IR_NAT_ASU_C,40,,3516,6
IR_NAT_ASU_C,10,,3517,6
IR_NAT_ASU_C,30,,3517,6
IR_NAT_ASU_C,10,,3518,6
IR_NAT_ASU_C,30,,3518,6
IR_NAT_ASU_C,40,,3518,6
IR_NAT_ASU_C,10,,3521,6
IR_NAT_ASU_C,30,,3521,6
IR_NAT_ASU_C,40,,3521,6
IR_NAT_ASU_C,10,,3522,6
IR_NAT_ASU_C,30,,3522,6
IR_NAT_ASU_C,40,,3522,6
IR_NAT_ASU_C,10,,3523,
IR_NAT_ASU_C,30,,3523,
IR_NAT_ASU_C,10,,3524,
IR_NAT_ASU_C,30,,3524,
IR_NAT_ASU_C,10,,3525,
IR_NAT_ASU_C,30,,3525,
IR_NAT_ASU_C,10,,3526,
IR_NAT_ASU_C,30,,3526,
IR_NAT_ASU_C,10,,3527,
IR_NAT_ASU_C,30,,3527,
IR_NAT_ASU_C,10,,3528,
IR_NAT_ASU_C,30,,3528,
IR_NAT_ASU_C,10,,3529,
IR_NAT_ASU_C,30,,3529,
IR_NAT_ASU_C,10,,3530,
IR_NAT_ASU_C,30,,3530,
IR_NAT_ASU_C,10,,3531,6
IR_NAT_ASU_C,30,,3531,6
IR_NAT_ASU_C,40,,3531,6
IR_NAT_ASU_C,10,,3532,6
IR_NAT_ASU_C,30,,3532,6
IR_NAT_ASU_C,40,,3532,6
IR_NAT_ASU_C,10,,3533,6
IR_NAT_ASU_C,30,,3533,6
IR_NAT_ASU_C,40,,3533,6
IR_NAT_ASU_C,10,,3534,6
IR_NAT_ASU_C,30,,3534,6
IR_NAT_ASU_C,40,,3534,6
IR_NAT_ASU_C,10,,3535,6
IR_NAT_ASU_C,30,,3535,6
IR_NAT_ASU_C,40,,3535,6
IR_NAT_ASU_C,10,,3536,6
IR_NAT_ASU_C,30,,3536,6
IR_NAT_ASU_C,40,,3536,6
IR_NAT_ASU_C,10,,3537,6
IR_NAT_ASU_C,30,,3537,6
IR_NAT_ASU_C,40,,3537,6
IR_NAT_ASU_C,10,,3538,6
IR_NAT_ASU_C,30,,3538,6
IR_NAT_ASU_C,40,,3538,6
IR_NAT_ASU_C,10,,3539,6
IR_NAT_ASU_C,30,,3539,6
IR_NAT_ASU_C,40,,3539,6
IR_NAT_ASU_C,10,,3541,6
IR_NAT_ASU_C,30,,3541,6
IR_NAT_ASU_C,40,,3541,6
IR_NAT_ASU_C,70,,3541,1
IR_NAT_ASU_C,10,,3542,6
IR_NAT_ASU_C,30,,3542,6
IR_NAT_ASU_C,40,,3542,6
IR_NAT_ASU_C,10,,3543,6
IR_NAT_ASU_C,30,,3543,6
IR_NAT_ASU_C,40,,3543,6
IR_NAT_ASU_C,10,,3544,6
IR_NAT_ASU_C,30,,3544,6
IR_NAT_ASU_C,40,,3544,6
IR_NAT_ASU_C,10,,3545,6
IR_NAT_ASU_C,30,,3545,6
IR_NAT_ASU_C,40,,3545,6
IR_NAT_ASU_C,10,,3547,6
IR_NAT_ASU_C,70,,3547,1
IR_NAT_ASU_C,10,,3548,6
IR_NAT_ASU_C,30,,3548,6
IR_NAT_ASU_C,40,,3548,6
IR_NAT_ASU_C,10,,3549,99
IR_NAT_ASU_C,40,,3549,99
IR_NAT_ASU_C,10,,3551,6
IR_NAT_ASU_C,30,,3551,6
IR_NAT_ASU_C,40,,3551,6
IR_NAT_ASU_C,10,,3552,6
IR_NAT_ASU_C,30,,3552,6
IR_NAT_ASU_C,40,,3552,6
IR_NAT_ASU_C,10,,3553,
IR_NAT_ASU_C,30,,3553,
IR_NAT_ASU_C,10,,3554,
IR_NAT_ASU_C,30,,3554,
IR_NAT_ASU_C,10,,3555,
IR_NAT_ASU_C,30,,3555,
IR_NAT_ASU_C,10,,3556,
IR_NAT_ASU_C,30,,3556,
IR_NAT_ASU_C,10,,3557,
IR_NAT_ASU_C,30,,3557,
IR_NAT_ASU_C,10,,3561,6
IR_NAT_ASU_C,30,,3561,6
IR_NAT_ASU_C,40,,3561,6
IR_NAT_ASU_C,10,,3572,6
IR_NAT_ASU_C,30,,3572,6
IR_NAT_ASU_C,40,,3572,6
IR_NAT_ASU_C,10,,3573,6
IR_NAT_ASU_C,10,,3574,6
IR_NAT_ASU_C,30,,3574,6
IR_NAT_ASU_C,40,,3574,6
IR_NAT_ASU_C,10,,3575,99
IR_NAT_ASU_C,30,,3575,99
IR_NAT_ASU_C,40,,3575,99
IR_NAT_ASU_C,10,,3576,99
IR_NAT_ASU_C,30,,3576,99
IR_NAT_ASU_C,10,,3581,6
IR_NAT_ASU_C,30,,3581,6
IR_NAT_ASU_C,40,,3581,6
IR_NAT_ASU_C,10,,3582,6
IR_NAT_ASU_C,30,,3582,6
IR_NAT_ASU_C,40,,3582,6
IR_NAT_ASU_C,10,,3583,6
IR_NAT_ASU_C,30,,3583,6
IR_NAT_ASU_C,40,,3583,6
IR_NAT_ASU_C,10,,3591,
IR_NAT_ASU_C,10,,3592,99
IR_NAT_ASU_C,10,,3593,99
IR_NAT_ASU_C,30,,3593,99
IR_NAT_ASU_C,10,,3594,99
IR_NAT_ASU_C,30,,3594,99
IR_NAT_ASU_C,40,,3594,99
IR_NAT_ASU_C,10,,4111,1
IR_NAT_ASU_C,30,,4111,1
IR_NAT_ASU_C,40,,4111,1
IR_NAT_ASU_C,10,,4112,1
IR_NAT_ASU_C,30,,4112,1
IR_NAT_ASU_C,40,,4112,1
IR_NAT_ASU_C,10,,4113,1
IR_NAT_ASU_C,30,,4113,1
IR_NAT_ASU_C,40,,4113,1
IR_NAT_ASU_C,10,,4114,1
IR_NAT_ASU_C,30,,4114,1
IR_NAT_ASU_C,40,,4114,1
IR_NAT_ASU_C,10,,4131,7
IR_NAT_ASU_C,30,,4131,7
IR_NAT_ASU_C,40,,4131,7
IR_NAT_ASU_C,10,,4132,7
IR_NAT_ASU_C,30,,4132,7
IR_NAT_ASU_C,40,,4132,7
IR_NAT_ASU_C,10,,4141,8
IR_NAT_ASU_C,30,,4141,8
IR_NAT_ASU_C,40,,4141,8
IR_NAT_ASU_C,10,,4142,8
IR_NAT_ASU_C,30,,4142,8
IR_NAT_ASU_C,40,,4142,8
IR_NAT_ASU_C,10,,4143,8
IR_NAT_ASU_C,30,,4143,8
IR_NAT_ASU_C,40,,4143,8
IR_NAT_ASU_C,10,,4144,8
IR_NAT_ASU_C,30,,4144,8
IR_NAT_ASU_C,40,,4144,8
IR_NAT_ASU_C,10,,4145,8
IR_NAT_ASU_C,30,,4145,8
IR_NAT_ASU_C,40,,4145,8
IR_NAT_ASU_C,10,,4151,8
IR_NAT_ASU_C,30,,4151,8
IR_NAT_ASU_C,40,,4151,8
IR_NAT_ASU_C,10,,4152,8
IR_NAT_ASU_C,30,,4152,8
IR_NAT_ASU_C,40,,4152,8
IR_NAT_ASU_C,10,,4153,8
IR_NAT_ASU_C,30,,4153,8
IR_NAT_ASU_C,40,,4153,8
IR_NAT_ASU_C,10,,4154,8
IR_NAT_ASU_C,30,,4154,8
IR_NAT_ASU_C,40,,4154,8
IR_NAT_ASU_C,10,,4155,99
IR_NAT_ASU_C,30,,4155,99
IR_NAT_ASU_C,40,,4155,99
IR_NAT_ASU_C,10,,4156,99
IR_NAT_ASU_C,30,,4156,99
IR_NAT_ASU_C,40,,4156,99
IR_NAT_ASU_C,10,,4157,99
IR_NAT_ASU_C,30,,4157,99
IR_NAT_ASU_C,40,,4157,99
IR_NAT_ASU_C,10,,4158,99
IR_NAT_ASU_C,30,,4158,99
IR_NAT_ASU_C,40,,4158,99
IR_NAT_ASU_C,10,,4204,99
IR_NAT_ASU_C,30,,4204,99
IR_NAT_ASU_C,40,,4204,99
IR_NAT_ASU_C,10,,4205,99
IR_NAT_ASU_C,30,,4205,99
IR_NAT_ASU_C,40,,4205,99
IR_NAT_ASU_C,10,,4206,99
IR_NAT_ASU_C,30,,4206,99
IR_NAT_ASU_C,40,,4206,99
IR_NAT_ASU_C,10,,4207,99
IR_NAT_ASU_C,30,,4207,99
IR_NAT_ASU_C,40,,4207,99
IR_NAT_ASU_C,10,,4208,99
IR_NAT_ASU_C,30,,4208,99
IR_NAT_ASU_C,40,,4208,99
IR_NAT_ASU_C,10,,4209,99
IR_NAT_ASU_C,10,,4210,
IR_NAT_ASU_C,30,,4210,
IR_NAT_ASU_C,40,,4210,
IR_NAT_ASU_C,10,,4211,7
IR_NAT_ASU_C,30,,4211,7
IR_NAT_ASU_C,40,,4211,7
IR_NAT_ASU_C,10,,4212,7
IR_NAT_ASU_C,30,,4212,7
IR_NAT_ASU_C,40,,4212,7
IR_NAT_ASU_C,10,,4213,7
IR_NAT_ASU_C,30,,4213,7
IR_NAT_ASU_C,40,,4213,7
IR_NAT_ASU_C,10,,4214,7
IR_NAT_ASU_C,30,,4214,7
IR_NAT_ASU_C,40,,4214,7
IR_NAT_ASU_C,10,,4215,7
IR_NAT_ASU_C,30,,4215,7
IR_NAT_ASU_C,40,,4215,7
IR_NAT_ASU_C,10,,4216,7
IR_NAT_ASU_C,30,,4216,7
IR_NAT_ASU_C,40,,4216,7
IR_NAT_ASU_C,10,,4217,
IR_NAT_ASU_C,30,,4217,
IR_NAT_ASU_C,40,,4217,
IR_NAT_ASU_C,10,,4218,
IR_NAT_ASU_C,30,,4218,
IR_NAT_ASU_C,40,,4218,
IR_NAT_ASU_C,10,,4219,7
IR_NAT_ASU_C,30,,4219,7
IR_NAT_ASU_C,40,,4219,7
IR_NAT_ASU_C,10,,4220,
IR_NAT_ASU_C,30,,4220,
IR_NAT_ASU_C,40,,4220,
IR_NAT_ASU_C,10,,4221,7
IR_NAT_ASU_C,30,,4221,7
IR_NAT_ASU_C,40,,4221,7
IR_NAT_ASU_C,10,,4222,7
IR_NAT_ASU_C,40,,4222,7
IR_NAT_ASU_C,10,,4223,7
IR_NAT_ASU_C,40,,4223,7
IR_NAT_ASU_C,10,,4224,7
IR_NAT_ASU_C,30,,4224,7
IR_NAT_ASU_C,40,,4224,7
IR_NAT_ASU_C,10,,4225,7
IR_NAT_ASU_C,30,,4225,7
IR_NAT_ASU_C,40,,4225,7
IR_NAT_ASU_C,10,,4226,7
IR_NAT_ASU_C,30,,4226,7
IR_NAT_ASU_C,40,,4226,7
IR_NAT_ASU_C,10,,4227,
IR_NAT_ASU_C,10,,4228,
IR_NAT_ASU_C,10,,4229,
IR_NAT_ASU_C,30,,4229,
IR_NAT_ASU_C,40,,4229,
IR_NAT_ASU_C,40,,4315,1
IR_NAT_ASU_C,10,,4316,1
IR_NAT_ASU_C,30,,4316,1
IR_NAT_ASU_C,40,,4316,1
IR_NAT_ASU_C,40,,4317,1
IR_NAT_ASU_C,40,,4318,1
IR_NAT_ASU_C,40,,4319,1
IR_NAT_ASU_C,40,,4320,1
IR_NAT_ASU_C,40,,4321,1
IR_NAT_ASU_C,40,,4322,1
IR_NAT_ASU_C,10,,4323,1
IR_NAT_ASU_C,30,,4323,1
IR_NAT_ASU_C,40,,4323,1
IR_NAT_ASU_C,40,,4324,1
IR_NAT_ASU_C,40,,4325,1
IR_NAT_ASU_C,10,,4326,1
IR_NAT_ASU_C,30,,4326,1
IR_NAT_ASU_C,40,,4326,1
IR_NAT_ASU_C,10,,4327,1
IR_NAT_ASU_C,30,,4327,1
IR_NAT_ASU_C,40,,4327,1
IR_NAT_ASU_C,10,,4328,1
IR_NAT_ASU_C,30,,4328,1
IR_NAT_ASU_C,40,,4328,1
IR_NAT_ASU_C,10,,4329,1
IR_NAT_ASU_C,30,,4329,1
IR_NAT_ASU_C,40,,4329,1
IR_NAT_ASU_C,40,,4330,
IR_NAT_ASU_C,10,,4331,1
IR_NAT_ASU_C,30,,4331,1
IR_NAT_ASU_C,40,,4331,1
IR_NAT_ASU_C,40,,4332,1
IR_NAT_ASU_C,10,,4339,1
IR_NAT_ASU_C,30,,4339,1
IR_NAT_ASU_C,40,,4339,1
IR_NAT_ASU_C,40,,4341,1
IR_NAT_ASU_C,80,,4341,1
IR_NAT_ASU_C,10,,4342,1
IR_NAT_ASU_C,40,,4342,1
IR_NAT_ASU_C,10,,4343,1
IR_NAT_ASU_C,40,,4343,1
IR_NAT_ASU_C,40,,4351,1
IR_NAT_ASU_C,10,,4352,1
IR_NAT_ASU_C,40,,4352,1
IR_NAT_ASU_C,10,,4353,1
IR_NAT_ASU_C,40,,4353,1
IR_NAT_ASU_C,70,,4353,1
IR_NAT_ASU_C,10,,4359,99
IR_NAT_ASU_C,40,,4359,99
IR_NAT_ASU_C,10,,4360,99
IR_NAT_ASU_C,40,,4360,99
IR_NAT_ASU_C,10,,4361,99
IR_NAT_ASU_C,40,,4361,99
IR_NAT_ASU_C,10,,4363,99
IR_NAT_ASU_C,40,,4363,99
IR_NAT_ASU_C,10,,4364,99
IR_NAT_ASU_C,40,,4364,99
IR_NAT_ASU_C,10,,4365,99
IR_NAT_ASU_C,40,,4365,99
IR_NAT_ASU_C,10,,4366,99
IR_NAT_ASU_C,40,,4366,99
IR_NAT_ASU_C,10,,4367,99
IR_NAT_ASU_C,40,,4367,99
IR_NAT_ASU_C,10,,4368,99
IR_NAT_ASU_C,40,,4368,99
IR_NAT_ASU_C,10,,4369,99
IR_NAT_ASU_C,40,,4369,99
IR_NAT_ASU_C,10,,4370,99
IR_NAT_ASU_C,40,,4370,99
IR_NAT_ASU_C,10,,4371,1
IR_NAT_ASU_C,10,,4372,1
IR_NAT_ASU_C,10,,4373,1
IR_NAT_ASU_C,10,,4374,99
IR_NAT_ASU_C,10,,4375,1
IR_NAT_ASU_C,10,,4376,1
IR_NAT_ASU_C,10,,4377,1
IR_NAT_ASU_C,10,,4378,1
IR_NAT_ASU_C,40,,4378,1
IR_NAT_ASU_C,10,,4379,99
IR_NAT_ASU_C,10,,4380,99
IR_NAT_ASU_C,10,,4381,2
IR_NAT_ASU_C,30,,4381,2
IR_NAT_ASU_C,40,,4381,2
IR_NAT_ASU_C,10,,4382,2
IR_NAT_ASU_C,30,,4382,2
IR_NAT_ASU_C,40,,4382,2
IR_NAT_ASU_C,10,,4392,1
IR_NAT_ASU_C,10,,4393,1
IR_NAT_ASU_C,10,,4394,1
IR_NAT_ASU_C,10,,4395,1
IR_NAT_ASU_C,10,,4396,1
IR_NAT_ASU_C,10,,4397,1
IR_NAT_ASU_C,10,,4411,1
IR_NAT_ASU_C,30,,4411,1
IR_NAT_ASU_C,40,,4411,1
IR_NAT_ASU_C,10,,4412,1
IR_NAT_ASU_C,10,,4413,1
IR_NAT_ASU_C,40,,4413,1
IR_NAT_ASU_C,10,,4414,1
IR_NAT_ASU_C,10,,4415,1
IR_NAT_ASU_C,10,,4416,1
IR_NAT_ASU_C,30,,4416,1
IR_NAT_ASU_C,10,,4417,1
IR_NAT_ASU_C,10,,4419,1
IR_NAT_ASU_C,30,,4419,1
IR_NAT_ASU_C,40,,4419,1
IR_NAT_ASU_C,10,,4501,1
IR_NAT_ASU_C,30,,4501,1
IR_NAT_ASU_C,70,,4501,1
IR_NAT_ASU_C,90,,4501,2
IR_NAT_ASU_C,50,,4511,1
IR_NAT_ASU_C,50,,4512,99
IR_NAT_ASU_C,50,,4513,99
IR_NAT_ASU_C,50,,4514,99
IR_NAT_ASU_C,50,,4515,99
IR_NAT_ASU_C,10,,4611,1
IR_NAT_ASU_C,30,,4611,1
IR_NAT_ASU_C,10,,4612,1
IR_NAT_ASU_C,10,,5101,6
IR_NAT_ASU_C,30,,5101,6
IR_NAT_ASU_C,40,,5101,6
IR_NAT_ASU_C,10,,5102,6
IR_NAT_ASU_C,30,,5102,6
IR_NAT_ASU_C,40,,5102,6
IR_NAT_ASU_C,10,,5103,6
IR_NAT_ASU_C,30,,5103,6
IR_NAT_ASU_C,40,,5103,6
IR_NAT_ASU_C,10,,5104,6
IR_NAT_ASU_C,30,,5104,6
IR_NAT_ASU_C,40,,5104,6
IR_NAT_ASU_C,10,,5105,6
IR_NAT_ASU_C,30,,5105,6
IR_NAT_ASU_C,40,,5105,6
IR_NAT_ASU_C,10,,5106,6
IR_NAT_ASU_C,30,,5106,6
IR_NAT_ASU_C,40,,5106,6
IR_NAT_ASU_C,10,,5107,6
IR_NAT_ASU_C,30,,5107,6
IR_NAT_ASU_C,40,,5107,6
IR_NAT_ASU_C,10,,5108,
IR_NAT_ASU_C,30,,5108,
IR_NAT_ASU_C,10,,5109,
IR_NAT_ASU_C,30,,5109,
IR_NAT_ASU_C,10,,5110,
IR_NAT_ASU_C,30,,5110,
IR_NAT_ASU_C,10,,5111,
IR_NAT_ASU_C,30,,5111,
IR_NAT_ASU_C,10,,5112,
IR_NAT_ASU_C,30,,5112,
IR_NAT_ASU_C,10,,5113,
IR_NAT_ASU_C,30,,5113,
IR_NAT_ASU_C,10,,5114,
IR_NAT_ASU_C,30,,5114,
IR_NAT_ASU_C,10,,5115,
IR_NAT_ASU_C,30,,5115,
IR_NAT_ASU_C,10,,5116,
IR_NAT_ASU_C,30,,5116,
IR_NAT_ASU_C,10,,5117,
IR_NAT_ASU_C,30,,5117,
IR_NAT_ASU_C,10,,5118,
IR_NAT_ASU_C,30,,5118,
IR_NAT_ASU_C,10,,5119,
IR_NAT_ASU_C,30,,5119,
IR_NAT_ASU_C,10,,5120,
IR_NAT_ASU_C,30,,5120,
IR_NAT_ASU_C,10,,5201,6
IR_NAT_ASU_C,30,,5201,6
IR_NAT_ASU_C,40,,5201,6
IR_NAT_ASU_C,10,,5202,6
IR_NAT_ASU_C,30,,5202,6
IR_NAT_ASU_C,40,,5202,6
IR_NAT_ASU_C,10,,5203,6
IR_NAT_ASU_C,30,,5203,6
IR_NAT_ASU_C,40,,5203,6
IR_NAT_ASU_C,10,,5204,6
IR_NAT_ASU_C,30,,5204,6
IR_NAT_ASU_C,40,,5204,6
IR_NAT_ASU_C,10,,5205,
IR_NAT_ASU_C,30,,5205,
IR_NAT_ASU_C,10,,5206,
IR_NAT_ASU_C,30,,5206,
IR_NAT_ASU_C,10,,5401,6
IR_NAT_ASU_C,30,,5401,6
IR_NAT_ASU_C,40,,5401,6
IR_NAT_ASU_C,10,,6011,1
IR_NAT_ASU_C,40,,6011,1
IR_NAT_ASU_C,10,,6012,1
IR_NAT_ASU_C,40,,6012,1
IR_NAT_ASU_C,10,,6013,1
IR_NAT_ASU_C,10,,6014,1
IR_NAT_ASU_C,30,,6014,1
IR_NAT_ASU_C,10,,6110,1
IR_NAT_ASU_C,10,,6111,1
IR_NAT_ASU_C,40,,6111,1
IR_NAT_ASU_C,10,,6112,1
IR_NAT_ASU_C,40,,6113,1
IR_NAT_ASU_C,40,,6114,1
IR_NAT_ASU_C,10,,6115,1
IR_NAT_ASU_C,40,,6115,1
IR_NAT_ASU_C,10,,6116,1
IR_NAT_ASU_C,10,,6117,1
IR_NAT_ASU_C,40,,6117,1
IR_NAT_ASU_C,10,,6118,1
IR_NAT_ASU_C,40,,6118,1
IR_NAT_ASU_C,10,,6119,1
IR_NAT_ASU_C,40,,6120,1
IR_NAT_ASU_C,30,,6121,1
IR_NAT_ASU_C,30,,6122,1
IR_NAT_ASU_C,30,,6123,1
IR_NAT_ASU_C,30,,6124,1
IR_NAT_ASU_C,30,,6125,99
IR_NAT_ASU_C,30,,6126,99
IR_NAT_ASU_C,30,,6127,99
IR_NAT_ASU_C,30,,6128,99
IR_NAT_ASU_C,30,,6129,99
IR_NAT_ASU_C,10,,6131,1
IR_NAT_ASU_C,40,,6131,1
IR_NAT_ASU_C,10,,6132,1
IR_NAT_ASU_C,40,,6132,1
IR_NAT_ASU_C,40,,6133,1
IR_NAT_ASU_C,10,,6134,99
IR_NAT_ASU_C,10,,6135,99
IR_NAT_ASU_C,10,,6191,
IR_NAT_ASU_C,40,,6191,
IR_NAT_ASU_C,30,,6211,99
IR_NAT_ASU_C,30,,6212,1
IR_NAT_ASU_C,30,,6213,1
IR_NAT_ASU_C,30,,6214,99
IR_NAT_ASU_C,30,,6215,99
IR_NAT_ASU_C,30,,6221,1
IR_NAT_ASU_C,30,,6222,1
IR_NAT_ASU_C,30,,6231,99
IR_NAT_ASU_C,30,,6232,99
IR_NAT_ASU_C,30,,6233,99
IR_NAT_ASU_C,30,,6234,1
IR_NAT_ASU_C,30,,6235,1
IR_NAT_ASU_C,30,,6236,99
IR_NAT_ASU_C,30,,6237,1
IR_NAT_ASU_C,30,,6238,1
IR_NAT_ASU_C,10,,6239,99
IR_NAT_ASU_C,10,,6241,
IR_NAT_ASU_C,10,,6242,
IR_NAT_ASU_C,30,,6251,1
IR_NAT_ASU_C,30,,6252,1
IR_NAT_ASU_C,30,,6253,1
IR_NAT_ASU_C,30,,6254,1
IR_NAT_ASU_C,30,,6257,1
IR_NAT_ASU_C,30,,6258,1
IR_NAT_ASU_C,30,,6261,1
IR_NAT_ASU_C,30,,6262,1
IR_NAT_ASU_C,30,,6311,1
IR_NAT_ASU_C,30,,6312,1
IR_NAT_ASU_C,80,,7111,1
IR_NAT_ASU_C,80,,7112,1
IR_NAT_ASU_C,80,,7113,1
IR_NAT_ASU_C,80,,7119,1
IR_NAT_ASU_C,80,,7201,1
IR_NAT_ASU_C,40,,8111,1
IR_NAT_ASU_C,40,,8112,1
IR_NAT_ASU_C,40,,8113,1
IR_NAT_ASU_C,40,,8114,1
IR_NAT_ASU_C,40,,8115,1
IR_NAT_ASU_C,40,,8116,1
IR_NAT_ASU_C,10,,8117,
IR_NAT_ASU_C,30,,8117,
IR_NAT_ASU_C,40,,8117,
IR_NAT_ASU_C,50,,8117,
IR_NAT_ASU_C,70,,8117,
IR_NAT_ASU_C,80,,8117,
IR_NAT_ASU_C,90,,8117,
IR_NAT_ASU_C,10,,8118,
IR_NAT_ASU_C,30,,8118,
IR_NAT_ASU_C,40,,8118,
IR_NAT_ASU_C,50,,8118,
IR_NAT_ASU_C,70,,8118,
IR_NAT_ASU_C,80,,8118,
IR_NAT_ASU_C,90,,8118,
IR_NAT_ASU_C,10,,8119,
IR_NAT_ASU_C,30,,8119,
IR_NAT_ASU_C,40,,8119,
IR_NAT_ASU_C,50,,8119,
IR_NAT_ASU_C,70,,8119,
IR_NAT_ASU_C,80,,8119,
IR_NAT_ASU_C,90,,8119,
IR_NAT_ASU_C,10,,8120,
IR_NAT_ASU_C,30,,8120,
IR_NAT_ASU_C,40,,8120,
IR_NAT_ASU_C,50,,8120,
IR_NAT_ASU_C,70,,8120,
IR_NAT_ASU_C,80,,8120,
IR_NAT_ASU_C,90,,8120,
IR_NAT_ASU_C,40,,8121,
IR_NAT_ASU_C,40,,8222,1
IR_NAT_ASU_C,40,,8223,1
IR_NAT_ASU_C,40,,8224,1
IR_NAT_ASU_C,40,,8226,1
IR_NAT_ASU_C,40,,8227,1
IR_NAT_ASU_C,70,,9111,1
IR_NAT_ASU_C,70,,9112,1
IR_NAT_ASU_C,70,,9113,1
IR_NAT_ASU_C,70,,9114,1
IR_NAT_ASU_C,70,,9115,1
IR_NAT_ASU_C,70,,9116,1
IR_NAT_ASU_C,70,,9118,1
IR_NAT_ASU_C,70,,9119,1
IR_NAT_ASU_C,70,,9121,1
IR_NAT_ASU_C,70,,9122,1
IR_NAT_ASU_C,70,,9123,1
IR_NAT_ASU_C,70,,9129,1
IR_NAT_ASU_C,70,,9131,1
IR_NAT_ASU_C,70,,9132,1
IR_NAT_ASU_C,70,,9133,1
IR_NAT_ASU_C,70,,9134,1
IR_NAT_ASU_C,70,,9141,1
IR_NAT_ASU_C,70,,9142,1
IR_NAT_ASU_C,70,,9143,1
IR_NAT_ASU_C,70,,9144,1
IR_NAT_ASU_C,70,,9151,1
IR_NAT_ASU_C,70,,9152,1
IR_NAT_ASU_C,70,,9161,1
IR_NAT_ASU_C,70,,9162,1
IR_NAT_ASU_C,70,,9163,1
IR_NAT_ASU_C,70,,9164,1
IR_NAT_ASU_C,70,,9165,1
IR_NAT_ASU_C,70,,9166,1
IR_NAT_ASU_C,70,,9167,1
IR_NAT_ASU_C,70,,9168,1
IR_NAT_ASU_C,70,,9169,2
IR_NAT_ASU_C,70,,9170,1
IR_NAT_ASU_C,70,,9191,1
IR_NAT_ASU_C,90,,9191,2
IR_NAT_ASU_C,90,,9201,99
IR_NAT_ASU_C,90,,9202,99
IR_NAT_ASU_C,90,,9203,99
IR_NAT_ASU_C,70,,9211,1
IR_NAT_ASU_C,90,,9211,2
IR_NAT_ASU_C,90,,9221,2
IR_NAT_ASU_C,90,,9311,2
IR_NAT_ASU_C,90,,9313,2
IR_NAT_ASU_C,90,,9411,2
IR_NAT_ASU_C,90,,9421,2
IR_NAT_ASU_C,90,,9422,2
IR_NAT_ASU_C,90,,9423,2
IR_NAT_ASU_C,90,,9429,2
IR_NAT_ASU_C,90,,9430,
IR_NAT_ASU_C,90,,9431,2
IR_NAT_ASU_C,90,,9432,
IR_NAT_ASU_C,90,,9433,
IR_NAT_ASU_C,10,,9434,99
IR_NAT_ASU_C,90,,9434,99
IR_NAT_ASU_C,70,,9511,1
IR_NAT_ASU_C,90,,9511,2
IR_NAT_ASU_C,90,,9512,2
IR_NAT_ASU_C,70,,9521,1
IR_NAT_ASU_C,90,,9522,2
IR_NAT_ASU_C,90,,9523,2
IR_NAT_ASU_C,90,,9524,2
IR_NAT_ASU_C,90,,9525,2
IR_NAT_ASU_C,90,,9526,2
IR_NAT_ASU_C,90,,9527,2
IR_NAT_ASU_C,90,,9528,2
IR_NAT_ASU_C,90,,9529,2
IR_NAT_ASU_C,90,,9530,2
IR_NAT_ASU_C,90,,9531,2
IR_NAT_ASU_C,90,,9532,2
IR_NAT_ASU_C,90,,9533,2
IR_NAT_ASU_C,90,,9534,2
IR_NAT_ASU_C,90,,9535,2
IR_NAT_ASU_C,90,,9536,2
IR_NAT_ASU_C,90,,9537,2
IR_NAT_ASU_C,90,,9538,2
IR_NAT_ASU_C,90,,9539,2
IR_NAT_ASU_C,90,,9540,2
IR_NAT_ASU_C,90,,9541,2
IR_NAT_ASU_C,90,,9542,2
IR_NAT_ASU_C,90,,9543,2
IR_NAT_ASU_C,90,,9544,2
IR_NAT_ASU_C,90,,9545,2
IR_NAT_ASU_C,90,,9546,2
IR_NAT_ASU_C,90,,9547,2
IR_NAT_ASU_C,90,,9548,2
IR_NAT_ASU_C,90,,9549,2
IR_NAT_ASU_C,90,,9550,2
IR_NAT_ASU_C,90,,9551,2
IR_NAT_ASU_C,90,,9552,2
IR_NAT_ASU_C,90,,9553,2
IR_NAT_ASU_C,90,,9554,2
IR_NAT_ASU_C,90,,9555,2
IR_NAT_ASU_C,90,,9556,2
IR_NAT_ASU_C,90,,9557,2
IR_NAT_ASU_C,90,,9558,2
IR_NAT_ASU_C,90,,9559,2
IR_NAT_ASU_C,90,,9560,2
IR_NAT_ASU_C,90,,9561,2
IR_NAT_ASU_C,90,,9562,2
IR_NAT_ASU_C,90,,9563,2
IR_NAT_ASU_C,90,,9564,2
IR_NAT_ASU_C,90,,9565,2
IR_NAT_ASU_C,90,,9566,2
IR_NAT_ASU_C,90,,9567,2
IR_NAT_ASU_C,90,,9568,2
IR_NAT_ASU_C,90,,9569,
IR_NAT_ASU_C,90,,9570,99
IR_NAT_ASU_C,70,,9701,1
IR_NAT_ASU_C,70,,9702,1
IR_NAT_ASU_C,70,,9703,1
IR_NAT_ASU_C,70,,9704,1
IR_NAT_ASU_C,70,,9705,1
IR_NAT_ASU_C,70,,9706,1
IR_NAT_ASU_C,70,,9707,1
IR_NAT_ASU_C,70,,9708,1
IR_NAT_ASU_C,70,,9709,1
IR_NAT_ASU_C,70,,9710,1
IR_NAT_ASU_C,70,,9711,1
IR_NAT_ASU_C,70,,9713,1
IR_NAT_ASU_C,70,,9714,1
IR_NAT_ASU_C,70,,9715,1
IR_NAT_ASU_C,70,,9716,1
IR_NAT_ASU_C,70,,9717,1
IR_NAT_ASU_C,70,,9718,1
IR_NAT_ASU_C,70,,9719,1
IR_NAT_ASU_C,70,,9721,1
IR_NAT_ASU_C,70,,9722,1
IR_NAT_ASU_C,70,,9724,
IR_NAT_ASU_C,70,,9725,
IR_NAT_ASU_C,70,,9726,99
IR_NAT_ASU_C,70,,9727,99
IR_NAT_ASU_C,70,,9731,1
IR_NAT_ASU_C,70,,9732,1
IR_NAT_ASU_C,70,,9741,1
IR_NAT_ASU_C,70,,9742,1
IR_NAT_ASU_C,70,,9743,1
IR_NAT_ASU_C,70,,9744,1
IR_NAT_ASU_C,70,,9751,1
IR_NAT_ASU_C,70,,9752,1
IR_NAT_ASU_C,70,,9761,
IR_NAT_ASU_C,70,,9762,
IR_NAT_ASU_C,70,,9763,
IR_NAT_ASU_C,70,,9764,
IR_NAT_ASU_C,70,,9765,
IR_NAT_ASU_C,70,,9766,
IR_NAT_ASU_C,70,,9767,
IR_NAT_ASU_C,70,,9768,
IR_NAT_ASU_C,70,,9769,
IR_NAT_ASU_C,70,,9771,
IR_NAT_ASU_C,70,,9772,
IR_NAT_ASU_C,70,,9773,
IR_NAT_ASU_C,70,,9774,
IR_NAT_ASU_C,70,,9775,
IR_NAT_ASU_C,70,,9776,
IR_NAT_ASU_C,70,,9777,
IR_NAT_ASU_C,70,,9778,
IR_NAT_ASU_C,10,,9801,
IR_NAT_ASU_C,30,,9801,
IR_NAT_ASU_C,40,,9801,
IR_NAT_ASU_C,50,,9801,
IR_NAT_ASU_C,70,,9801,
IR_NAT_ASU_C,80,,9801,
IR_NAT_ASU_C,90,,9801,
IR_NAT_ASU_C,10,,9802,
IR_NAT_ASU_C,30,,9802,
IR_NAT_ASU_C,40,,9802,
IR_NAT_ASU_C,50,,9802,
IR_NAT_ASU_C,70,,9802,
IR_NAT_ASU_C,80,,9802,
IR_NAT_ASU_C,90,,9802,
IR_NAT_ASU_C,10,,9803,
IR_NAT_ASU_C,30,,9803,
IR_NAT_ASU_C,40,,9803,
IR_NAT_ASU_C,50,,9803,
IR_NAT_ASU_C,70,,9803,
IR_NAT_ASU_C,80,,9803,
IR_NAT_ASU_C,90,,9803,
IR_NAT_ASU_C,10,,9804,
IR_NAT_ASU_C,30,,9804,
IR_NAT_ASU_C,40,,9804,
IR_NAT_ASU_C,50,,9804,
IR_NAT_ASU_C,70,,9804,
IR_NAT_ASU_C,80,,9804,
IR_NAT_ASU_C,90,,9804,
IR_NAT_ASU_C,10,,9805,
IR_NAT_ASU_C,30,,9805,
IR_NAT_ASU_C,40,,9805,
IR_NAT_ASU_C,50,,9805,
IR_NAT_ASU_C,70,,9805,
IR_NAT_ASU_C,80,,9805,
IR_NAT_ASU_C,90,,9805,
IR_NAT_ASU_C,10,,9806,
IR_NAT_ASU_C,30,,9806,
IR_NAT_ASU_C,40,,9806,
IR_NAT_ASU_C,50,,9806,
IR_NAT_ASU_C,70,,9806,
IR_NAT_ASU_C,80,,9806,
IR_NAT_ASU_C,90,,9806,
IR_NAT_ASU_C,10,,9807,
IR_NAT_ASU_C,30,,9807,
IR_NAT_ASU_C,40,,9807,
IR_NAT_ASU_C,50,,9807,
IR_NAT_ASU_C,70,,9807,
IR_NAT_ASU_C,80,,9807,
IR_NAT_ASU_C,90,,9807,
IR_NAT_ASU_C,10,,9808,
IR_NAT_ASU_C,30,,9808,
IR_NAT_ASU_C,40,,9808,
IR_NAT_ASU_C,50,,9808,
IR_NAT_ASU_C,70,,9808,
IR_NAT_ASU_C,80,,9808,
IR_NAT_ASU_C,90,,9808,
IR_NAT_ASU_C,10,,9809,
IR_NAT_ASU_C,30,,9809,
IR_NAT_ASU_C,40,,9809,
IR_NAT_ASU_C,50,,9809,
IR_NAT_ASU_C,70,,9809,
IR_NAT_ASU_C,80,,9809,
IR_NAT_ASU_C,90,,9809,
IR_NAT_ASU_C,10,,9810,
IR_NAT_ASU_C,30,,9810,
IR_NAT_ASU_C,40,,9810,
IR_NAT_ASU_C,50,,9810,
IR_NAT_ASU_C,70,,9810,
IR_NAT_ASU_C,80,,9810,
IR_NAT_ASU_C,90,,9810,
IR_NAT_ASU_C,10,,9811,
IR_NAT_ASU_C,30,,9811,
IR_NAT_ASU_C,40,,9811,
IR_NAT_ASU_C,50,,9811,
IR_NAT_ASU_C,70,,9811,
IR_NAT_ASU_C,80,,9845,
IR_NAT_ASU_C,90,,9845,
IR_NAT_ASU_C,10,,9846,
IR_NAT_ASU_C,30,,9846,
IR_NAT_ASU_C,40,,9846,
IR_NAT_ASU_C,50,,9846,
IR_NAT_ASU_C,70,,9846,
IR_NAT_ASU_C,80,,9846,
IR_NAT_ASU_C,90,,9846,
IR_NAT_ASU_C,10,,9847,
IR_NAT_ASU_C,30,,9847,
IR_NAT_ASU_C,40,,9847,
IR_NAT_ASU_C,50,,9847,
IR_NAT_ASU_C,70,,9847,
IR_NAT_ASU_C,80,,9847,
IR_NAT_ASU_C,90,,9847,
IR_NAT_ASU_C,10,,9848,
IR_NAT_ASU_C,30,,9848,
IR_NAT_ASU_C,40,,9848,
IR_NAT_ASU_C,50,,9848,
IR_NAT_ASU_C,70,,9848,
IR_NAT_ASU_C,80,,9848,
IR_NAT_ASU_C,90,,9848,
IR_NAT_ASU_C,10,,9849,
IR_NAT_ASU_C,30,,9849,
IR_NAT_ASU_C,40,,9849,
IR_NAT_ASU_C,50,,9849,
IR_NAT_ASU_C,70,,9849,
IR_NAT_ASU_C,80,,9849,
IR_NAT_ASU_C,90,,9849,
IR_NAT_ASU_C,10,,9850,
IR_NAT_ASU_C,30,,9850,
IR_NAT_ASU_C,40,,9850,
IR_NAT_ASU_C,50,,9850,
IR_NAT_ASU_C,70,,9850,
IR_NAT_ASU_C,80,,9850,
IR_NAT_ASU_C,90,,9850,
IR_NAT_ASU_C,10,,9851,
IR_NAT_ASU_C,30,,9851,
IR_NAT_ASU_C,40,,9851,
IR_NAT_ASU_C,50,,9851,
IR_NAT_ASU_C,70,,9851,
IR_NAT_ASU_C,80,,9851,
IR_NAT_ASU_C,90,,9851,
IR_NAT_ASU_C,10,,9852,
IR_NAT_ASU_C,30,,9852,
IR_NAT_ASU_C,40,,9852,
IR_NAT_ASU_C,50,,9852,
IR_NAT_ASU_C,70,,9852,
IR_NAT_ASU_C,80,,9852,
IR_NAT_ASU_C,90,,9852,
IR_NAT_ASU_C,10,,9853,
IR_NAT_ASU_C,30,,9853,
IR_NAT_ASU_C,40,,9853,
IR_NAT_ASU_C,50,,9853,
IR_NAT_ASU_C,70,,9853,
IR_NAT_ASU_C,80,,9853,
IR_NAT_ASU_C,90,,9853,
IR_NAT_ASU_C,10,,9854,
IR_NAT_ASU_C,30,,9854,
IR_NAT_ASU_C,40,,9854,
IR_NAT_ASU_C,50,,9854,
IR_NAT_ASU_C,70,,9854,
IR_NAT_ASU_C,80,,9854,
IR_NAT_ASU_C,90,,9854,
IR_NAT_ASU_C,10,,9855,
IR_NAT_ASU_C,30,,9855,
IR_NAT_ASU_C,40,,9855,
IR_NAT_ASU_C,50,,9855,
IR_NAT_ASU_C,70,,9855,
IR_NAT_ASU_C,80,,9855,
IR_NAT_ASU_C,90,,9855,
IR_NAT_ASU_C,10,,9856,
IR_NAT_ASU_C,30,,9856,
IR_NAT_ASU_C,40,,9856,
IR_NAT_ASU_C,50,,9856,
IR_NAT_ASU_C,70,,9856,
IR_NAT_ASU_C,80,,9856,
IR_NAT_ASU_C,90,,9856,
IR_NAT_ASU_C,10,,9857,
IR_NAT_ASU_C,30,,9857,
IR_NAT_ASU_C,40,,9857,
IR_NAT_ASU_C,50,,9857,
IR_NAT_ASU_C,70,,9857,
IR_NAT_ASU_C,80,,9857,
IR_NAT_ASU_C,90,,9857,
IR_NAT_ASU_C,10,,9858,
IR_NAT_ASU_C,30,,9858,
IR_NAT_ASU_C,40,,9858,
IR_NAT_ASU_C,50,,9858,
IR_NAT_ASU_C,70,,9858,
IR_NAT_ASU_C,80,,9858,
IR_NAT_ASU_C,90,,9858,
IR_NAT_ASU_C,10,,9859,
IR_NAT_ASU_C,30,,9859,
IR_NAT_ASU_C,40,,9859,
IR_NAT_ASU_C,50,,9859,
IR_NAT_ASU_C,70,,9859,
IR_NAT_ASU_C,80,,9859,
IR_NAT_ASU_C,90,,9859,
IR_NAT_ASU_C,10,,9860,
IR_NAT_ASU_C,30,,9860,
IR_NAT_ASU_C,40,,9860,
IR_NAT_ASU_C,50,,9860,
IR_NAT_ASU_C,70,,9860,
IR_NAT_ASU_C,80,,9860,
IR_NAT_ASU_C,90,,9860,
IR_NAT_ASU_C,10,,9861,
IR_NAT_ASU_C,30,,9861,
IR_NAT_ASU_C,40,,9861,
IR_NAT_ASU_C,50,,9861,
IR_NAT_ASU_C,70,,9861,
IR_NAT_ASU_C,80,,9861,
IR_NAT_ASU_C,90,,9861,
IR_NAT_ASU_C,10,,9862,
IR_NAT_ASU_C,30,,9862,
IR_NAT_ASU_C,40,,9862,
IR_NAT_ASU_C,50,,9862,
IR_NAT_ASU_C,70,,9862,
IR_NAT_ASU_C,80,,9862,
IR_NAT_ASU_C,90,,9862,
IR_NAT_ASU_C,10,,9863,
IR_NAT_ASU_C,30,,9863,
IR_NAT_ASU_C,40,,9863,
IR_NAT_ASU_C,50,,9863,
IR_NAT_ASU_C,70,,9863,
IR_NAT_ASU_C,80,,9863,
IR_NAT_ASU_C,90,,9863,
IR_NAT_ASU_C,10,,9864,
IR_NAT_ASU_C,30,,9864,
IR_NAT_ASU_C,40,,9864,
IR_NAT_ASU_C,50,,9864,
IR_NAT_ASU_C,70,,9864,
IR_NAT_ASU_C,80,,9864,
IR_NAT_ASU_C,90,,9864,
IR_NAT_ASU_C,10,,9865,
IR_NAT_ASU_C,30,,9865,
IR_NAT_ASU_C,40,,9865,
IR_NAT_ASU_C,50,,9865,
IR_NAT_ASU_C,70,,9865,
IR_NAT_ASU_C,80,,9865,
IR_NAT_ASU_C,90,,9865,
IR_NAT_ASU_C,10,,9866,
IR_NAT_ASU_C,30,,9866,
IR_NAT_ASU_C,40,,9866,
IR_NAT_ASU_C,50,,9866,
IR_NAT_ASU_C,70,,9866,
IR_NAT_ASU_C,80,,9866,
IR_NAT_ASU_C,90,,9866,
IR_NAT_ASU_C,10,,9867,
IR_NAT_ASU_C,30,,9867,
IR_NAT_ASU_C,40,,9867,
IR_NAT_ASU_C,50,,9867,
IR_NAT_ASU_C,70,,9867,
IR_NAT_ASU_C,80,,9867,
IR_NAT_ASU_C,90,,9867,
IR_NAT_ASU_C,10,,9868,
IR_NAT_ASU_C,30,,9868,
IR_NAT_ASU_C,40,,9868,
IR_NAT_ASU_C,50,,9868,
IR_NAT_ASU_C,70,,9868,
IR_NAT_ASU_C,80,,9868,
IR_NAT_ASU_C,90,,9868,
IR_NAT_ASU_C,10,,9869,
IR_NAT_ASU_C,30,,9869,
IR_NAT_ASU_C,40,,9869,
IR_NAT_ASU_C,50,,9869,
IR_NAT_ASU_C,70,,9869,
IR_NAT_ASU_C,80,,9869,
IR_NAT_ASU_C,90,,9869,
IR_NAT_ASU_C,10,,9870,
IR_NAT_ASU_C,30,,9870,
IR_NAT_ASU_C,40,,9870,
IR_NAT_ASU_C,50,,9870,
IR_NAT_ASU_C,70,,9870,
IR_NAT_ASU_C,80,,9870,
IR_NAT_ASU_C,90,,9870,
IR_NAT_ASU_C,10,,9871,
IR_NAT_ASU_C,30,,9871,
IR_NAT_ASU_C,40,,9871,
IR_NAT_ASU_C,50,,9871,
IR_NAT_ASU_C,70,,9871,
IR_NAT_ASU_C,80,,9871,
IR_NAT_ASU_C,90,,9871,
IR_NAT_ASU_C,10,,9872,
IR_NAT_ASU_C,30,,9872,
IR_NAT_ASU_C,40,,9872,
IR_NAT_ASU_C,50,,9872,
IR_NAT_ASU_C,70,,9872,
IR_NAT_ASU_C,80,,9872,
IR_NAT_ASU_C,90,,9872,
IR_NAT_ASU_C,10,,9873,
IR_NAT_ASU_C,30,,9873,
IR_NAT_ASU_C,40,,9873,
IR_NAT_ASU_C,50,,9873,
IR_NAT_ASU_C,70,,9873,
IR_NAT_ASU_C,80,,9873,
IR_NAT_ASU_C,90,,9873,
IR_NAT_ASU_C,10,,9874,
IR_NAT_ASU_C,30,,9874,
IR_NAT_ASU_C,40,,9874,
IR_NAT_ASU_C,50,,9874,
IR_NAT_ASU_C,70,,9874,
IR_NAT_ASU_C,80,,9874,
IR_NAT_ASU_C,90,,9874,
IR_NAT_ASU_C,10,,9875,
IR_NAT_ASU_C,30,,9875,
IR_NAT_ASU_C,40,,9875,
IR_NAT_ASU_C,50,,9875,
IR_NAT_ASU_C,70,,9875,
IR_NAT_ASU_C,80,,9875,
IR_NAT_ASU_C,90,,9875,
IR_NAT_ASU_C,10,,9876,
IR_NAT_ASU_C,30,,9876,
IR_NAT_ASU_C,40,,9876,
IR_NAT_ASU_C,50,,9876,
IR_NAT_ASU_C,70,,9876,
IR_NAT_ASU_C,80,,9876,
IR_NAT_ASU_C,90,,9876,
IR_NAT_ASU_C,10,,9877,
IR_NAT_ASU_C,30,,9877,
IR_NAT_ASU_C,40,,9877,
IR_NAT_ASU_C,50,,9877,
IR_NAT_ASU_C,70,,9877,
IR_NAT_ASU_C,80,,9877,
IR_NAT_ASU_C,90,,9877,
IR_NAT_ASU_C,10,,9878,
IR_NAT_ASU_C,30,,9878,
IR_NAT_ASU_C,40,,9878,
IR_NAT_ASU_C,50,,9878,
IR_NAT_ASU_C,70,,9878,
IR_NAT_ASU_C,80,,9878,
IR_NAT_ASU_C,90,,9878,
IR_NAT_ASU_C,10,,9879,
IR_NAT_ASU_C,30,,9879,
IR_NAT_ASU_C,40,,9879,
IR_NAT_ASU_C,50,,9879,
IR_NAT_ASU_C,70,,9879,
IR_NAT_ASU_C,80,,9879,
IR_NAT_ASU_C,90,,9879,
IR_NAT_ASU_C,10,,9880,
IR_NAT_ASU_C,30,,9880,
IR_NAT_ASU_C,40,,9880,
IR_NAT_ASU_C,50,,9880,
IR_NAT_ASU_C,70,,9880,
IR_NAT_ASU_C,80,,9880,
IR_NAT_ASU_C,90,,9880,
IR_NAT_ASU_C,10,,9881,
IR_NAT_ASU_C,30,,9881,
IR_NAT_ASU_C,40,,9881,
IR_NAT_ASU_C,50,,9881,
IR_NAT_ASU_C,70,,9881,
IR_NAT_ASU_C,80,,9881,
IR_NAT_ASU_C,90,,9881,
IR_NAT_ASU_C,10,,9882,
IR_NAT_ASU_C,30,,9882,
IR_NAT_ASU_C,40,,9882,
IR_NAT_ASU_C,50,,9882,
IR_NAT_ASU_C,70,,9882,
IR_NAT_ASU_C,80,,9882,
IR_NAT_ASU_C,90,,9882,
IR_NAT_ASU_C,10,,9883,
IR_NAT_ASU_C,30,,9883,
IR_NAT_ASU_C,40,,9883,
IR_NAT_ASU_C,50,,9883,
IR_NAT_ASU_C,70,,9883,
IR_NAT_ASU_C,80,,9883,
IR_NAT_ASU_C,90,,9883,
IR_NAT_ASU_C,10,,9884,
IR_NAT_ASU_C,30,,9884,
IR_NAT_ASU_C,40,,9884,
IR_NAT_ASU_C,50,,9884,
IR_NAT_ASU_C,70,,9884,
IR_NAT_ASU_C,80,,9884,
IR_NAT_ASU_C,90,,9884,
IR_NAT_ASU_C,10,,9885,
IR_NAT_ASU_C,30,,9885,
IR_NAT_ASU_C,40,,9885,
IR_NAT_ASU_C,50,,9885,
IR_NAT_ASU_C,70,,9885,
IR_NAT_ASU_C,80,,9885,
IR_NAT_ASU_C,90,,9885,
IR_NAT_ASU_C,10,,9886,
IR_NAT_ASU_C,30,,9886,
IR_NAT_ASU_C,40,,9886,
IR_NAT_ASU_C,50,,9886,
IR_NAT_ASU_C,70,,9886,
IR_NAT_ASU_C,80,,9886,
IR_NAT_ASU_C,90,,9886,
IR_NAT_ASU_C,10,,9887,
IR_NAT_ASU_C,30,,9887,
IR_NAT_ASU_C,40,,9887,
IR_NAT_ASU_C,50,,9887,
IR_NAT_ASU_C,70,,9887,
IR_NAT_ASU_C,80,,9887,
IR_NAT_ASU_C,90,,9887,
IR_NAT_ASU_C,10,,9888,
IR_NAT_ASU_C,30,,9888,
IR_NAT_ASU_C,40,,9888,
IR_NAT_ASU_C,50,,9888,
IR_NAT_ASU_C,70,,9888,
IR_NAT_ASU_C,80,,9888,
IR_NAT_ASU_C,90,,9888,
IR_NAT_ASU_C,10,,9889,
IR_NAT_ASU_C,30,,9889,
IR_NAT_ASU_C,40,,9889,
IR_NAT_ASU_C,50,,9889,
IR_NAT_ASU_C,70,,9889,
IR_NAT_ASU_C,80,,9889,
IR_NAT_ASU_C,90,,9889,
IR_NAT_ASU_C,10,,9890,
IR_NAT_ASU_C,30,,9890,
IR_NAT_ASU_C,40,,9890,
IR_NAT_ASU_C,50,,9890,
IR_NAT_ASU_C,70,,9890,
IR_NAT_ASU_C,80,,9890,
IR_NAT_ASU_C,90,,9890,
IR_NAT_ASU_C,10,,9891,
IR_NAT_ASU_C,30,,9891,
IR_NAT_ASU_C,40,,9891,
IR_NAT_ASU_C,50,,9891,
IR_NAT_ASU_C,70,,9891,
IR_NAT_ASU_C,80,,9891,
IR_NAT_ASU_C,90,,9891,
IR_NAT_ASU_C,10,,9892,
IR_NAT_ASU_C,30,,9892,
IR_NAT_ASU_C,40,,9892,
IR_NAT_ASU_C,50,,9892,
IR_NAT_ASU_C,70,,9892,
IR_NAT_ASU_C,80,,9892,
IR_NAT_ASU_C,90,,9892,
IR_NAT_ASU_C,10,,9893,
IR_NAT_ASU_C,30,,9893,
IR_NAT_ASU_C,40,,9893,
IR_NAT_ASU_C,50,,9893,
IR_NAT_ASU_C,70,,9893,
IR_NAT_ASU_C,80,,9893,
IR_NAT_ASU_C,90,,9893,
IR_NAT_ASU_C,10,,9894,
IR_NAT_ASU_C,30,,9894,
IR_NAT_ASU_C,40,,9894,
IR_NAT_ASU_C,50,,9894,
IR_NAT_ASU_C,70,,9894,
IR_NAT_ASU_C,80,,9894,
IR_NAT_ASU_C,90,,9894,
IR_NAT_ASU_C,10,,9895,
IR_NAT_ASU_C,30,,9895,
IR_NAT_ASU_C,40,,9895,
IR_NAT_ASU_C,50,,9895,
IR_NAT_ASU_C,70,,9895,
IR_NAT_ASU_C,80,,9895,
IR_NAT_ASU_C,90,,9895,
IR_NAT_ASU_C,10,,9896,
IR_NAT_ASU_C,30,,9896,
IR_NAT_ASU_C,40,,9896,
IR_NAT_ASU_C,50,,9896,
IR_NAT_ASU_C,70,,9896,
IR_NAT_ASU_C,80,,9896,
IR_NAT_ASU_C,90,,9896,
IR_NAT_ASU_C,10,,9897,
IR_NAT_ASU_C,30,,9897,
IR_NAT_ASU_C,40,,9897,
IR_NAT_ASU_C,50,,9897,
IR_NAT_ASU_C,70,,9897,
IR_NAT_ASU_C,80,,9897,
IR_NAT_ASU_C,90,,9897,
IR_NAT_ASU_C,10,,9898,
IR_NAT_ASU_C,30,,9898,
IR_NAT_ASU_C,40,,9898,
IR_NAT_ASU_C,50,,9898,
IR_NAT_ASU_C,70,,9898,
IR_NAT_ASU_C,80,,9898,
IR_NAT_ASU_C,90,,9898,
IR_NAT_ASU_C,10,,9899,
IR_NAT_ASU_C,30,,9899,
IR_NAT_ASU_C,40,,9899,
IR_NAT_ASU_C,50,,9899,
IR_NAT_ASU_C,70,,9899,
IR_NAT_ASU_C,80,,9899,
IR_NAT_ASU_C,90,,9899,
IR_NAT_ASU_C,70,,9901,1
IR_NAT_ASU_C,70,,9902,1
IR_NAT_ASU_C,70,,9911,1
IR_NAT_ASU_C,70,,9912,1
IR_NAT_ASU_C,10,,9999,99
IR_NAT_ASU_C,30,,9999,99
IR_NAT_ASU_C,40,,9999,99
IR_NAT_ASU_C,50,,9999,99
IR_NAT_ASU_C,70,,9999,99
IR_NAT_ASU_C,80,,9999,99
IR_NAT_ASU_C,90,,9999,99
IR_NAT_ASU_C,10,,1939,99
IR_NAT_ASU_C,30,,1939,99
IR_NAT_ASU_C,30,,1940,99
IR_NAT_ASU_C,10,,3540,99
IR_NAT_ASU_C,30,,3540,99
IR_NAT_ASU_C,40,,3540,99
IR_NAT_ASU_C,10,,5400,99
IR_NAT_ASU_C,30,,5400,99
IR_NAT_ASU_C,40,,5400,99
IR_NAT_ASU_C,10,,1193,99
IR_NAT_ASU_C,30,,1193,99
IR_NAT_ASU_C,40,,1193,99
IR_NAT_ASU_C,10,,1194,99
IR_NAT_ASU_C,30,,1194,99
IR_NAT_ASU_C,40,,1194,99
IR_NAT_ASU_C,10,,1401,99
IR_NAT_ASU_C,30,,1401,99
IR_NAT_ASU_C,40,,1401,99
IR_NAT_ASU_C,10,,1402,99
IR_NAT_ASU_C,30,,1402,99
IR_NAT_ASU_C,40,,1402,99
IR_NAT_ASU_C,10,,1403,99
IR_NAT_ASU_C,30,,1403,99
IR_NAT_ASU_C,40,,1403,99
IR_NAT_ASU_C,10,,3306,99
IR_NAT_ASU_C,10,,3307,99
IR_NAT_ASU_C,10,,1097,99
IR_NAT_ASU_C,10,,1098,99
IR_NAT_ASU_C,30,,1098,99
IR_NAT_ASU_C,40,,1098,99
IR_NAT_ASU_C,10,,1099,99
IR_NAT_ASU_C,30,,1099,99
IR_NAT_ASU_C,40,,1099,99
IR_NAT_ASU_C,10,,1100,99
IR_NAT_ASU_C,30,,1100,99
IR_NAT_ASU_C,10,,1101,99
IR_NAT_ASU_C,30,,1101,99
IR_NAT_ASU_C,40,,1101,99
IR_NAT_ASU_C,70,,1101,99
IR_NAT_ASU_C,10,,1102,99
IR_NAT_ASU_C,30,,1102,99
IR_NAT_ASU_C,40,,1102,99
IR_NAT_ASU_C,70,,1102,99
IR_NAT_ASU_C,10,,1103,99
IR_NAT_ASU_C,30,,1103,99
IR_NAT_ASU_C,40,,1103,99
IR_NAT_ASU_C,70,,1103,99
IR_NAT_ASU_C,10,,1104,99
IR_NAT_ASU_C,30,,1104,99
IR_NAT_ASU_C,10,,1105,99
IR_NAT_ASU_C,30,,1105,99
IR_NAT_ASU_C,10,,1106,99
IR_NAT_ASU_C,30,,1106,99
IR_NAT_ASU_C,40,,1106,99
IR_NAT_ASU_C,10,,1107,99
IR_NAT_ASU_C,30,,1107,99
IR_NAT_ASU_C,40,,1107,99
IR_NAT_ASU_C,10,,1108,99
IR_NAT_ASU_C,30,,1108,99
IR_NAT_ASU_C,40,,1108,99
IR_NAT_ASU_C,10,,1109,99
IR_NAT_ASU_C,30,,1109,99
IR_NAT_ASU_C,40,,1109,99
IR_NAT_ASU_C,90,,1109,99
IR_NAT_ASU_C,10,,1110,99
IR_NAT_ASU_C,30,,1110,99
IR_NAT_ASU_C,40,,1110,99
IR_NAT_ASU_C,90,,1110,99
IR_NAT_ASU_C,10,,1111,1
IR_NAT_ASU_C,30,,1111,1
IR_NAT_ASU_C,40,,1111,1
IR_NAT_ASU_C,70,,1111,1
IR_NAT_ASU_C,90,,1111,2
IR_NAT_ASU_C,10,,1112,1
IR_NAT_ASU_C,30,,1112,1
IR_NAT_ASU_C,40,,1112,1
IR_NAT_ASU_C,70,,1112,1
IR_NAT_ASU_C,90,,1112,2
IR_NAT_ASU_C,10,,1113,1
IR_NAT_ASU_C,30,,1113,1
IR_NAT_ASU_C,40,,1113,1
IR_NAT_ASU_C,70,,1113,1
IR_NAT_ASU_C,10,,1114,1
IR_NAT_ASU_C,30,,1114,1
IR_NAT_ASU_C,40,,1114,1
IR_NAT_ASU_C,10,,1115,1
IR_NAT_ASU_C,30,,1115,1
IR_NAT_ASU_C,10,,1116,1
IR_NAT_ASU_C,30,,1116,1
IR_NAT_ASU_C,40,,1116,1
IR_NAT_ASU_C,70,,1116,1
IR_NAT_ASU_C,90,,1116,2
IR_NAT_ASU_C,10,,1117,1
IR_NAT_ASU_C,30,,1117,1
IR_NAT_ASU_C,40,,1117,1
IR_NAT_ASU_C,70,,1117,19
IR_NAT_ASU_C,90,,1117,1
IR_NAT_ASU_C,10,,1118,1
IR_NAT_ASU_C,30,,1118,1
IR_NAT_ASU_C,40,,1118,1
IR_NAT_ASU_C,70,,1118,19
IR_NAT_ASU_C,90,,1118,1
IR_NAT_ASU_C,10,,1119,1
IR_NAT_ASU_C,30,,1119,1
IR_NAT_ASU_C,40,,1119,1
IR_NAT_ASU_C,10,,1120,
IR_NAT_ASU_C,30,,1120,
IR_NAT_ASU_C,40,,1120,
IR_NAT_ASU_C,70,,1120,
IR_NAT_ASU_C,10,,1121,1
IR_NAT_ASU_C,30,,1121,1
IR_NAT_ASU_C,40,,1121,1
IR_NAT_ASU_C,10,,1122,1
IR_NAT_ASU_C,30,,1122,1
IR_NAT_ASU_C,10,,1123,1
IR_NAT_ASU_C,30,,1123,1
IR_NAT_ASU_C,10,,1124,1
IR_NAT_ASU_C,10,,1125,1
IR_NAT_ASU_C,30,,1125,1
IR_NAT_ASU_C,40,,1125,1
IR_NAT_ASU_C,90,,1125,2
IR_NAT_ASU_C,10,,1126,1
IR_NAT_ASU_C,30,,1126,1
IR_NAT_ASU_C,40,,1126,1
IR_NAT_ASU_C,90,,1126,2
IR_NAT_ASU_C,10,,1127,1
IR_NAT_ASU_C,30,,1127,1
IR_NAT_ASU_C,40,,1127,1
IR_NAT_ASU_C,10,,1128,1
IR_NAT_ASU_C,10,,1129,1
IR_NAT_ASU_C,30,,1129,1
IR_NAT_ASU_C,40,,1129,1
IR_NAT_ASU_C,70,,1129,1
IR_NAT_ASU_C,90,,1129,2
IR_NAT_ASU_C,10,,1130,
IR_NAT_ASU_C,10,,1131,1
IR_NAT_ASU_C,30,,1131,1
IR_NAT_ASU_C,40,,1131,1
IR_NAT_ASU_C,10,,1132,1
IR_NAT_ASU_C,30,,1132,1
IR_NAT_ASU_C,40,,1132,1
IR_NAT_ASU_C,10,,1133,1
IR_NAT_ASU_C,30,,1133,1
IR_NAT_ASU_C,40,,1133,1
IR_NAT_ASU_C,10,,1134,1
IR_NAT_ASU_C,30,,1134,1
IR_NAT_ASU_C,10,,1135,1
IR_NAT_ASU_C,30,,1135,1
IR_NAT_ASU_C,10,,1136,1
IR_NAT_ASU_C,30,,1136,1
IR_NAT_ASU_C,10,,1137,1
IR_NAT_ASU_C,30,,1137,1
IR_NAT_ASU_C,10,,1138,1
IR_NAT_ASU_C,10,,1139,1
IR_NAT_ASU_C,10,,1140,
IR_NAT_ASU_C,30,,1140,
IR_NAT_ASU_C,10,,1141,
IR_NAT_ASU_C,30,,1141,
IR_NAT_ASU_C,40,,1141,
IR_NAT_ASU_C,10,,1142,
IR_NAT_ASU_C,10,,1143,
IR_NAT_ASU_C,10,,1144,
IR_NAT_ASU_C,10,,1145,
IR_NAT_ASU_C,10,,1146,
IR_NAT_ASU_C,10,,1147,
IR_NAT_ASU_C,10,,1148,
IR_NAT_ASU_C,10,,1149,
IR_NAT_ASU_C,10,,1150,
IR_NAT_ASU_C,10,,1152,
IR_NAT_ASU_C,30,,1152,
IR_NAT_ASU_C,10,,1153,
IR_NAT_ASU_C,30,,1153,
IR_NAT_ASU_C,40,,1153,
IR_NAT_ASU_C,10,,1154,
IR_NAT_ASU_C,30,,1154,
IR_NAT_ASU_C,40,,1154,
IR_NAT_ASU_C,10,,1155,99
IR_NAT_ASU_C,10,,1156,99
IR_NAT_ASU_C,10,,1157,99
IR_NAT_ASU_C,10,,1158,99
IR_NAT_ASU_C,10,,1159,99
IR_NAT_ASU_C,30,,1159,99
IR_NAT_ASU_C,40,,1159,99
IR_NAT_ASU_C,10,,1160,99
IR_NAT_ASU_C,10,,1161,99
IR_NAT_ASU_C,10,,1162,99
IR_NAT_ASU_C,90,,1163,99
IR_NAT_ASU_C,10,,1164,99
IR_NAT_ASU_C,30,,1164,99
IR_NAT_ASU_C,10,,1165,99
IR_NAT_ASU_C,30,,1165,99
IR_NAT_ASU_C,10,,1166,99
IR_NAT_ASU_C,10,,1167,99
IR_NAT_ASU_C,10,,1168,99
IR_NAT_ASU_C,10,,1169,99
IR_NAT_ASU_C,10,,1170,99
IR_NAT_ASU_C,10,,1171,99
IR_NAT_ASU_C,10,,1172,99
IR_NAT_ASU_C,30,,1172,99
IR_NAT_ASU_C,10,,1173,99
IR_NAT_ASU_C,10,,1174,99
IR_NAT_ASU_C,30,,1174,99
IR_NAT_ASU_C,10,,1175,99
IR_NAT_ASU_C,30,,1175,99
IR_NAT_ASU_C,40,,1175,99
IR_NAT_ASU_C,10,,1176,99
IR_NAT_ASU_C,30,,1177,99
IR_NAT_ASU_C,10,,1178,99
IR_NAT_ASU_C,10,,1179,99
IR_NAT_ASU_C,10,,1180,99
IR_NAT_ASU_C,10,,1181,99
IR_NAT_ASU_C,10,,1182,99
IR_NAT_ASU_C,10,,1183,99
IR_NAT_ASU_C,10,,1184,99
IR_NAT_ASU_C,10,,1185,99
IR_NAT_ASU_C,10,,1186,99
IR_NAT_ASU_C,10,,1187,99
IR_NAT_ASU_C,80,,9811,
IR_NAT_ASU_C,90,,9811,
IR_NAT_ASU_C,10,,9812,
IR_NAT_ASU_C,30,,9812,
IR_NAT_ASU_C,40,,9812,
IR_NAT_ASU_C,50,,9812,
IR_NAT_ASU_C,70,,9812,
IR_NAT_ASU_C,80,,9812,
IR_NAT_ASU_C,90,,9812,
IR_NAT_ASU_C,10,,9813,
IR_NAT_ASU_C,30,,9813,
IR_NAT_ASU_C,40,,9813,
IR_NAT_ASU_C,50,,9813,
IR_NAT_ASU_C,70,,9813,
IR_NAT_ASU_C,80,,9813,
IR_NAT_ASU_C,90,,9813,
IR_NAT_ASU_C,10,,9814,
IR_NAT_ASU_C,30,,9814,
IR_NAT_ASU_C,40,,9814,
IR_NAT_ASU_C,50,,9814,
IR_NAT_ASU_C,70,,9814,
IR_NAT_ASU_C,80,,9814,
IR_NAT_ASU_C,90,,9814,
IR_NAT_ASU_C,10,,9815,
IR_NAT_ASU_C,30,,9815,
IR_NAT_ASU_C,40,,9815,
IR_NAT_ASU_C,50,,9815,
IR_NAT_ASU_C,70,,9815,
IR_NAT_ASU_C,80,,9815,
IR_NAT_ASU_C,90,,9815,
IR_NAT_ASU_C,10,,9816,
IR_NAT_ASU_C,30,,9816,
IR_NAT_ASU_C,40,,9816,
IR_NAT_ASU_C,50,,9816,
IR_NAT_ASU_C,70,,9816,
IR_NAT_ASU_C,80,,9816,
IR_NAT_ASU_C,90,,9816,
IR_NAT_ASU_C,10,,9817,
IR_NAT_ASU_C,30,,9817,
IR_NAT_ASU_C,40,,9817,
IR_NAT_ASU_C,50,,9817,
IR_NAT_ASU_C,70,,9817,
IR_NAT_ASU_C,80,,9817,
IR_NAT_ASU_C,90,,9817,
IR_NAT_ASU_C,10,,9818,
IR_NAT_ASU_C,30,,9818,
IR_NAT_ASU_C,40,,9818,
IR_NAT_ASU_C,50,,9818,
IR_NAT_ASU_C,70,,9818,
IR_NAT_ASU_C,80,,9818,
IR_NAT_ASU_C,90,,9818,
IR_NAT_ASU_C,10,,9819,
IR_NAT_ASU_C,30,,9819,
IR_NAT_ASU_C,40,,9819,
IR_NAT_ASU_C,50,,9819,
IR_NAT_ASU_C,70,,9819,
IR_NAT_ASU_C,80,,9819,
IR_NAT_ASU_C,90,,9819,
IR_NAT_ASU_C,10,,9820,
IR_NAT_ASU_C,30,,9820,
IR_NAT_ASU_C,40,,9820,
IR_NAT_ASU_C,50,,9820,
IR_NAT_ASU_C,70,,9820,
IR_NAT_ASU_C,80,,9820,
IR_NAT_ASU_C,90,,9820,
IR_NAT_ASU_C,10,,9821,
IR_NAT_ASU_C,30,,9821,
IR_NAT_ASU_C,40,,9821,
IR_NAT_ASU_C,50,,9821,
IR_NAT_ASU_C,70,,9821,
IR_NAT_ASU_C,80,,9821,
IR_NAT_ASU_C,90,,9821,
IR_NAT_ASU_C,10,,9822,
IR_NAT_ASU_C,30,,9822,
IR_NAT_ASU_C,40,,9822,
IR_NAT_ASU_C,50,,9822,
IR_NAT_ASU_C,70,,9822,
IR_NAT_ASU_C,80,,9822,
IR_NAT_ASU_C,90,,9822,
IR_NAT_ASU_C,10,,9823,
IR_NAT_ASU_C,30,,9823,
IR_NAT_ASU_C,40,,9823,
IR_NAT_ASU_C,50,,9823,
IR_NAT_ASU_C,70,,9823,
IR_NAT_ASU_C,80,,9823,
IR_NAT_ASU_C,90,,9823,
IR_NAT_ASU_C,10,,9824,
IR_NAT_ASU_C,30,,9824,
IR_NAT_ASU_C,40,,9824,
IR_NAT_ASU_C,50,,9824,
IR_NAT_ASU_C,70,,9824,
IR_NAT_ASU_C,80,,9824,
IR_NAT_ASU_C,90,,9824,
IR_NAT_ASU_C,10,,9825,
IR_NAT_ASU_C,30,,9825,
IR_NAT_ASU_C,40,,9825,
IR_NAT_ASU_C,50,,9825,
IR_NAT_ASU_C,70,,9825,
IR_NAT_ASU_C,80,,9825,
IR_NAT_ASU_C,90,,9825,
IR_NAT_ASU_C,10,,9826,
IR_NAT_ASU_C,30,,9826,
IR_NAT_ASU_C,40,,9826,
IR_NAT_ASU_C,50,,9826,
IR_NAT_ASU_C,70,,9826,
IR_NAT_ASU_C,80,,9826,
IR_NAT_ASU_C,90,,9826,
IR_NAT_ASU_C,10,,9827,
IR_NAT_ASU_C,30,,9827,
IR_NAT_ASU_C,40,,9827,
IR_NAT_ASU_C,50,,9827,
IR_NAT_ASU_C,70,,9827,
IR_NAT_ASU_C,80,,9827,
IR_NAT_ASU_C,90,,9827,
IR_NAT_ASU_C,10,,9828,
IR_NAT_ASU_C,30,,9828,
IR_NAT_ASU_C,40,,9828,
IR_NAT_ASU_C,50,,9828,
IR_NAT_ASU_C,70,,9828,
IR_NAT_ASU_C,80,,9828,
IR_NAT_ASU_C,90,,9828,
IR_NAT_ASU_C,10,,9829,
IR_NAT_ASU_C,30,,9829,
IR_NAT_ASU_C,40,,9829,
IR_NAT_ASU_C,50,,9829,
IR_NAT_ASU_C,70,,9829,
IR_NAT_ASU_C,80,,9829,
IR_NAT_ASU_C,90,,9829,
IR_NAT_ASU_C,10,,9830,
IR_NAT_ASU_C,30,,9830,
IR_NAT_ASU_C,40,,9830,
IR_NAT_ASU_C,50,,9830,
IR_NAT_ASU_C,70,,9830,
IR_NAT_ASU_C,80,,9830,
IR_NAT_ASU_C,90,,9830,
IR_NAT_ASU_C,10,,9831,
IR_NAT_ASU_C,30,,9831,
IR_NAT_ASU_C,40,,9831,
IR_NAT_ASU_C,50,,9831,
IR_NAT_ASU_C,70,,9831,
IR_NAT_ASU_C,80,,9831,
IR_NAT_ASU_C,90,,9831,
IR_NAT_ASU_C,10,,9832,
IR_NAT_ASU_C,30,,9832,
IR_NAT_ASU_C,40,,9832,
IR_NAT_ASU_C,50,,9832,
IR_NAT_ASU_C,70,,9832,
IR_NAT_ASU_C,80,,9832,
IR_NAT_ASU_C,90,,9832,
IR_NAT_ASU_C,10,,9833,
IR_NAT_ASU_C,30,,9833,
IR_NAT_ASU_C,40,,9833,
IR_NAT_ASU_C,50,,9833,
IR_NAT_ASU_C,70,,9833,
IR_NAT_ASU_C,80,,9833,
IR_NAT_ASU_C,90,,9833,
IR_NAT_ASU_C,10,,9834,
IR_NAT_ASU_C,30,,9834,
IR_NAT_ASU_C,40,,9834,
IR_NAT_ASU_C,50,,9834,
IR_NAT_ASU_C,70,,9834,
IR_NAT_ASU_C,80,,9834,
IR_NAT_ASU_C,90,,9834,
IR_NAT_ASU_C,10,,9835,
IR_NAT_ASU_C,30,,9835,
IR_NAT_ASU_C,40,,9835,
IR_NAT_ASU_C,50,,9835,
IR_NAT_ASU_C,70,,9835,
IR_NAT_ASU_C,80,,9835,
IR_NAT_ASU_C,90,,9835,
IR_NAT_ASU_C,10,,9836,
IR_NAT_ASU_C,30,,9836,
IR_NAT_ASU_C,40,,9836,
IR_NAT_ASU_C,50,,9836,
IR_NAT_ASU_C,70,,9836,
IR_NAT_ASU_C,80,,9836,
IR_NAT_ASU_C,90,,9836,
IR_NAT_ASU_C,10,,9837,
IR_NAT_ASU_C,30,,9837,
IR_NAT_ASU_C,40,,9837,
IR_NAT_ASU_C,50,,9837,
IR_NAT_ASU_C,70,,9837,
IR_NAT_ASU_C,80,,9837,
IR_NAT_ASU_C,90,,9837,
IR_NAT_ASU_C,10,,9838,
IR_NAT_ASU_C,30,,9838,
IR_NAT_ASU_C,40,,9838,
IR_NAT_ASU_C,50,,9838,
IR_NAT_ASU_C,70,,9838,
IR_NAT_ASU_C,80,,9838,
IR_NAT_ASU_C,90,,9838,
IR_NAT_ASU_C,10,,9839,
IR_NAT_ASU_C,30,,9839,
IR_NAT_ASU_C,40,,9839,
IR_NAT_ASU_C,50,,9839,
IR_NAT_ASU_C,70,,9839,
IR_NAT_ASU_C,80,,9839,
IR_NAT_ASU_C,90,,9839,
IR_NAT_ASU_C,10,,9840,
IR_NAT_ASU_C,30,,9840,
IR_NAT_ASU_C,40,,9840,
IR_NAT_ASU_C,50,,9840,
IR_NAT_ASU_C,70,,9840,
IR_NAT_ASU_C,80,,9840,
IR_NAT_ASU_C,90,,9840,
IR_NAT_ASU_C,10,,9841,
IR_NAT_ASU_C,30,,9841,
IR_NAT_ASU_C,40,,9841,
IR_NAT_ASU_C,50,,9841,
IR_NAT_ASU_C,70,,9841,
IR_NAT_ASU_C,80,,9841,
IR_NAT_ASU_C,90,,9841,
IR_NAT_ASU_C,10,,9842,
IR_NAT_ASU_C,30,,9842,
IR_NAT_ASU_C,40,,9842,
IR_NAT_ASU_C,50,,9842,
IR_NAT_ASU_C,70,,9842,
IR_NAT_ASU_C,80,,9842,
IR_NAT_ASU_C,90,,9842,
IR_NAT_ASU_C,10,,9843,
IR_NAT_ASU_C,30,,9843,
IR_NAT_ASU_C,40,,9843,
IR_NAT_ASU_C,50,,9843,
IR_NAT_ASU_C,70,,9843,
IR_NAT_ASU_C,80,,9843,
IR_NAT_ASU_C,90,,9843,
IR_NAT_ASU_C,10,,9844,
IR_NAT_ASU_C,30,,9844,
IR_NAT_ASU_C,40,,9844,
IR_NAT_ASU_C,50,,9844,
IR_NAT_ASU_C,70,,9844,
IR_NAT_ASU_C,80,,9844,
IR_NAT_ASU_C,90,,9844,
IR_NAT_ASU_C,10,,9845,
IR_NAT_ASU_C,30,,9845,
IR_NAT_ASU_C,40,,9845,
IR_NAT_ASU_C,50,,9845,
IR_NAT_ASU_C,70,,9845,
