nom_table,PFS_ACT_NAT,CPT_COP_NUM,PRS_NAT
IR_NAT_ACE_C,65,,1746
IR_NAT_ACE_C,66,,1746
IR_NAT_ACE_C,67,,1746
IR_NAT_ACE_C,68,,1746
IR_NAT_ACE_C,19,,1747
IR_NAT_ACE_C,21,,1747
IR_NAT_ACE_C,24,,1747
IR_NAT_ACE_C,26,,1747
IR_NAT_ACE_C,27,,1747
IR_NAT_ACE_C,28,,1747
IR_NAT_ACE_C,29,,1747
IR_NAT_ACE_C,30,,1747
IR_NAT_ACE_C,39,,1747
IR_NAT_ACE_C,40,,1747
IR_NAT_ACE_C,50,,1747
IR_NAT_ACE_C,51,,1747
IR_NAT_ACE_C,52,,1747
IR_NAT_ACE_C,55,,1747
IR_NAT_ACE_C,56,,1747
IR_NAT_ACE_C,60,,1747
IR_NAT_ACE_C,61,,1747
IR_NAT_ACE_C,62,,1747
IR_NAT_ACE_C,63,,1747
IR_NAT_ACE_C,64,,1747
IR_NAT_ACE_C,65,,1747
IR_NAT_ACE_C,66,,1747
IR_NAT_ACE_C,67,,1747
IR_NAT_ACE_C,68,,1747
IR_NAT_ACE_C,19,,1748
IR_NAT_ACE_C,21,,1748
IR_NAT_ACE_C,24,,1748
IR_NAT_ACE_C,26,,1748
IR_NAT_ACE_C,27,,1748
IR_NAT_ACE_C,28,,1748
IR_NAT_ACE_C,29,,1748
IR_NAT_ACE_C,30,,1748
IR_NAT_ACE_C,39,,1748
IR_NAT_ACE_C,40,,1748
IR_NAT_ACE_C,50,,1748
IR_NAT_ACE_C,51,,1748
IR_NAT_ACE_C,52,,1748
IR_NAT_ACE_C,55,,1748
IR_NAT_ACE_C,56,,1748
IR_NAT_ACE_C,60,,1748
IR_NAT_ACE_C,61,,1748
IR_NAT_ACE_C,62,,1748
IR_NAT_ACE_C,63,,1748
IR_NAT_ACE_C,64,,1748
IR_NAT_ACE_C,65,,1748
IR_NAT_ACE_C,66,,1748
IR_NAT_ACE_C,67,,1748
IR_NAT_ACE_C,68,,1748
IR_NAT_ACE_C,19,,1749
IR_NAT_ACE_C,21,,1749
IR_NAT_ACE_C,24,,1749
IR_NAT_ACE_C,26,,1749
IR_NAT_ACE_C,27,,1749
IR_NAT_ACE_C,28,,1749
IR_NAT_ACE_C,29,,1749
IR_NAT_ACE_C,30,,1749
IR_NAT_ACE_C,39,,1749
IR_NAT_ACE_C,40,,1749
IR_NAT_ACE_C,50,,1749
IR_NAT_ACE_C,51,,1749
IR_NAT_ACE_C,52,,1749
IR_NAT_ACE_C,55,,1749
IR_NAT_ACE_C,56,,1749
IR_NAT_ACE_C,60,,1749
IR_NAT_ACE_C,61,,1749
IR_NAT_ACE_C,62,,1749
IR_NAT_ACE_C,63,,1749
IR_NAT_ACE_C,64,,1749
IR_NAT_ACE_C,65,,1749
IR_NAT_ACE_C,66,,1749
IR_NAT_ACE_C,67,,1749
IR_NAT_ACE_C,68,,1749
IR_NAT_ACE_C,19,,1751
IR_NAT_ACE_C,21,,1751
IR_NAT_ACE_C,24,,1751
IR_NAT_ACE_C,26,,1751
IR_NAT_ACE_C,27,,1751
IR_NAT_ACE_C,28,,1751
IR_NAT_ACE_C,29,,1751
IR_NAT_ACE_C,30,,1751
IR_NAT_ACE_C,39,,1751
IR_NAT_ACE_C,40,,1751
IR_NAT_ACE_C,50,,1751
IR_NAT_ACE_C,51,,1751
IR_NAT_ACE_C,52,,1751
IR_NAT_ACE_C,55,,1751
IR_NAT_ACE_C,56,,1751
IR_NAT_ACE_C,60,,1751
IR_NAT_ACE_C,61,,1751
IR_NAT_ACE_C,62,,1751
IR_NAT_ACE_C,63,,1751
IR_NAT_ACE_C,64,,1751
IR_NAT_ACE_C,65,,1751
IR_NAT_ACE_C,66,,1751
IR_NAT_ACE_C,67,,1751
IR_NAT_ACE_C,68,,1751
IR_NAT_ACE_C,19,,1761
IR_NAT_ACE_C,21,,1761
IR_NAT_ACE_C,24,,1761
IR_NAT_ACE_C,26,,1761
IR_NAT_ACE_C,27,,1761
IR_NAT_ACE_C,28,,1761
IR_NAT_ACE_C,29,,1761
IR_NAT_ACE_C,30,,1761
IR_NAT_ACE_C,39,,1761
IR_NAT_ACE_C,40,,1761
IR_NAT_ACE_C,50,,1761
IR_NAT_ACE_C,51,,1761
IR_NAT_ACE_C,52,,1761
IR_NAT_ACE_C,55,,1761
IR_NAT_ACE_C,56,,1761
IR_NAT_ACE_C,60,,1761
IR_NAT_ACE_C,61,,1761
IR_NAT_ACE_C,62,,1761
IR_NAT_ACE_C,63,,1761
IR_NAT_ACE_C,64,,1761
IR_NAT_ACE_C,65,,1761
IR_NAT_ACE_C,66,,1761
IR_NAT_ACE_C,67,,1761
IR_NAT_ACE_C,68,,1761
IR_NAT_ACE_C,19,,1762
IR_NAT_ACE_C,21,,1762
IR_NAT_ACE_C,24,,1762
IR_NAT_ACE_C,26,,1762
IR_NAT_ACE_C,27,,1762
IR_NAT_ACE_C,28,,1762
IR_NAT_ACE_C,29,,1762
IR_NAT_ACE_C,30,,1762
IR_NAT_ACE_C,39,,1762
IR_NAT_ACE_C,40,,1762
IR_NAT_ACE_C,50,,1762
IR_NAT_ACE_C,51,,1762
IR_NAT_ACE_C,52,,1762
IR_NAT_ACE_C,55,,1762
IR_NAT_ACE_C,56,,1762
IR_NAT_ACE_C,60,,1762
IR_NAT_ACE_C,19,,1763
IR_NAT_ACE_C,21,,1763
IR_NAT_ACE_C,24,,1763
IR_NAT_ACE_C,26,,1763
IR_NAT_ACE_C,27,,1763
IR_NAT_ACE_C,28,,1763
IR_NAT_ACE_C,29,,1763
IR_NAT_ACE_C,30,,1763
IR_NAT_ACE_C,39,,1763
IR_NAT_ACE_C,40,,1763
IR_NAT_ACE_C,50,,1763
IR_NAT_ACE_C,51,,1763
IR_NAT_ACE_C,52,,1763
IR_NAT_ACE_C,55,,1763
IR_NAT_ACE_C,56,,1763
IR_NAT_ACE_C,60,,1763
IR_NAT_ACE_C,61,,1763
IR_NAT_ACE_C,62,,1763
IR_NAT_ACE_C,63,,1763
IR_NAT_ACE_C,64,,1763
IR_NAT_ACE_C,65,,1763
IR_NAT_ACE_C,66,,1763
IR_NAT_ACE_C,67,,1763
IR_NAT_ACE_C,68,,1763
IR_NAT_ACE_C,19,,1764
IR_NAT_ACE_C,21,,1764
IR_NAT_ACE_C,24,,1764
IR_NAT_ACE_C,26,,1764
IR_NAT_ACE_C,27,,1764
IR_NAT_ACE_C,28,,1764
IR_NAT_ACE_C,29,,1764
IR_NAT_ACE_C,30,,1764
IR_NAT_ACE_C,39,,1764
IR_NAT_ACE_C,40,,1764
IR_NAT_ACE_C,50,,1764
IR_NAT_ACE_C,51,,1764
IR_NAT_ACE_C,52,,1764
IR_NAT_ACE_C,55,,1764
IR_NAT_ACE_C,56,,1764
IR_NAT_ACE_C,60,,1764
IR_NAT_ACE_C,61,,1764
IR_NAT_ACE_C,62,,1764
IR_NAT_ACE_C,63,,1764
IR_NAT_ACE_C,64,,1764
IR_NAT_ACE_C,65,,1764
IR_NAT_ACE_C,66,,1764
IR_NAT_ACE_C,67,,1764
IR_NAT_ACE_C,68,,1764
IR_NAT_ACE_C,19,,1765
IR_NAT_ACE_C,21,,1765
IR_NAT_ACE_C,24,,1765
IR_NAT_ACE_C,26,,1765
IR_NAT_ACE_C,27,,1765
IR_NAT_ACE_C,28,,1765
IR_NAT_ACE_C,29,,1765
IR_NAT_ACE_C,30,,1765
IR_NAT_ACE_C,39,,1765
IR_NAT_ACE_C,40,,1765
IR_NAT_ACE_C,50,,1765
IR_NAT_ACE_C,51,,1765
IR_NAT_ACE_C,52,,1765
IR_NAT_ACE_C,55,,1765
IR_NAT_ACE_C,56,,1765
IR_NAT_ACE_C,60,,1765
IR_NAT_ACE_C,61,,1765
IR_NAT_ACE_C,62,,1765
IR_NAT_ACE_C,63,,1765
IR_NAT_ACE_C,64,,1765
IR_NAT_ACE_C,65,,1765
IR_NAT_ACE_C,66,,1765
IR_NAT_ACE_C,67,,1765
IR_NAT_ACE_C,68,,1765
IR_NAT_ACE_C,19,,1766
IR_NAT_ACE_C,21,,1766
IR_NAT_ACE_C,24,,1766
IR_NAT_ACE_C,26,,1766
IR_NAT_ACE_C,27,,1766
IR_NAT_ACE_C,28,,1766
IR_NAT_ACE_C,29,,1766
IR_NAT_ACE_C,30,,1766
IR_NAT_ACE_C,39,,1766
IR_NAT_ACE_C,40,,1766
IR_NAT_ACE_C,50,,1766
IR_NAT_ACE_C,51,,1766
IR_NAT_ACE_C,52,,1766
IR_NAT_ACE_C,55,,1766
IR_NAT_ACE_C,56,,1766
IR_NAT_ACE_C,60,,1766
IR_NAT_ACE_C,61,,1766
IR_NAT_ACE_C,62,,1766
IR_NAT_ACE_C,63,,1766
IR_NAT_ACE_C,64,,1766
IR_NAT_ACE_C,65,,1766
IR_NAT_ACE_C,66,,1766
IR_NAT_ACE_C,67,,1766
IR_NAT_ACE_C,68,,1766
IR_NAT_ACE_C,19,,1767
IR_NAT_ACE_C,21,,1767
IR_NAT_ACE_C,24,,1767
IR_NAT_ACE_C,26,,1767
IR_NAT_ACE_C,27,,1767
IR_NAT_ACE_C,28,,1767
IR_NAT_ACE_C,29,,1767
IR_NAT_ACE_C,30,,1767
IR_NAT_ACE_C,39,,1767
IR_NAT_ACE_C,40,,1767
IR_NAT_ACE_C,50,,1767
IR_NAT_ACE_C,51,,1767
IR_NAT_ACE_C,52,,1767
IR_NAT_ACE_C,55,,1767
IR_NAT_ACE_C,56,,1767
IR_NAT_ACE_C,60,,1767
IR_NAT_ACE_C,61,,1767
IR_NAT_ACE_C,62,,1767
IR_NAT_ACE_C,63,,1767
IR_NAT_ACE_C,64,,1767
IR_NAT_ACE_C,65,,1767
IR_NAT_ACE_C,66,,1767
IR_NAT_ACE_C,67,,1767
IR_NAT_ACE_C,68,,1767
IR_NAT_ACE_C,19,,1768
IR_NAT_ACE_C,21,,1768
IR_NAT_ACE_C,24,,1768
IR_NAT_ACE_C,26,,1768
IR_NAT_ACE_C,27,,1768
IR_NAT_ACE_C,28,,1768
IR_NAT_ACE_C,29,,1768
IR_NAT_ACE_C,30,,1768
IR_NAT_ACE_C,39,,1768
IR_NAT_ACE_C,40,,1768
IR_NAT_ACE_C,50,,1768
IR_NAT_ACE_C,51,,1768
IR_NAT_ACE_C,52,,1768
IR_NAT_ACE_C,55,,1768
IR_NAT_ACE_C,56,,1768
IR_NAT_ACE_C,60,,1768
IR_NAT_ACE_C,61,,1768
IR_NAT_ACE_C,62,,1768
IR_NAT_ACE_C,63,,1768
IR_NAT_ACE_C,64,,1768
IR_NAT_ACE_C,65,,1768
IR_NAT_ACE_C,66,,1768
IR_NAT_ACE_C,67,,1768
IR_NAT_ACE_C,68,,1768
IR_NAT_ACE_C,19,,1769
IR_NAT_ACE_C,21,,1769
IR_NAT_ACE_C,24,,1769
IR_NAT_ACE_C,26,,1769
IR_NAT_ACE_C,27,,1769
IR_NAT_ACE_C,28,,1769
IR_NAT_ACE_C,29,,1769
IR_NAT_ACE_C,30,,1769
IR_NAT_ACE_C,39,,1769
IR_NAT_ACE_C,40,,1769
IR_NAT_ACE_C,50,,1769
IR_NAT_ACE_C,51,,1769
IR_NAT_ACE_C,52,,1769
IR_NAT_ACE_C,55,,1769
IR_NAT_ACE_C,56,,1769
IR_NAT_ACE_C,60,,1769
IR_NAT_ACE_C,61,,1769
IR_NAT_ACE_C,62,,1769
IR_NAT_ACE_C,63,,1769
IR_NAT_ACE_C,64,,1769
IR_NAT_ACE_C,65,,1769
IR_NAT_ACE_C,66,,1769
IR_NAT_ACE_C,67,,1769
IR_NAT_ACE_C,68,,1769
IR_NAT_ACE_C,19,,1771
IR_NAT_ACE_C,21,,1771
IR_NAT_ACE_C,24,,1771
IR_NAT_ACE_C,26,,1771
IR_NAT_ACE_C,27,,1771
IR_NAT_ACE_C,28,,1771
IR_NAT_ACE_C,29,,1771
IR_NAT_ACE_C,30,,1771
IR_NAT_ACE_C,39,,1771
IR_NAT_ACE_C,40,,1771
IR_NAT_ACE_C,50,,1771
IR_NAT_ACE_C,51,,1771
IR_NAT_ACE_C,52,,1771
IR_NAT_ACE_C,55,,1771
IR_NAT_ACE_C,56,,1771
IR_NAT_ACE_C,60,,1771
IR_NAT_ACE_C,61,,1771
IR_NAT_ACE_C,62,,1771
IR_NAT_ACE_C,63,,1771
IR_NAT_ACE_C,64,,1771
IR_NAT_ACE_C,65,,1771
IR_NAT_ACE_C,66,,1771
IR_NAT_ACE_C,67,,1771
IR_NAT_ACE_C,68,,1771
IR_NAT_ACE_C,19,,1781
IR_NAT_ACE_C,21,,1781
IR_NAT_ACE_C,24,,1781
IR_NAT_ACE_C,26,,1781
IR_NAT_ACE_C,27,,1781
IR_NAT_ACE_C,28,,1781
IR_NAT_ACE_C,29,,1781
IR_NAT_ACE_C,30,,1781
IR_NAT_ACE_C,39,,1781
IR_NAT_ACE_C,40,,1781
IR_NAT_ACE_C,50,,1781
IR_NAT_ACE_C,51,,1781
IR_NAT_ACE_C,52,,1781
IR_NAT_ACE_C,55,,1781
IR_NAT_ACE_C,56,,1781
IR_NAT_ACE_C,60,,1781
IR_NAT_ACE_C,61,,1781
IR_NAT_ACE_C,62,,1781
IR_NAT_ACE_C,63,,1781
IR_NAT_ACE_C,64,,1781
IR_NAT_ACE_C,65,,1781
IR_NAT_ACE_C,66,,1781
IR_NAT_ACE_C,67,,1781
IR_NAT_ACE_C,68,,1781
IR_NAT_ACE_C,19,,1782
IR_NAT_ACE_C,21,,1782
IR_NAT_ACE_C,24,,1782
IR_NAT_ACE_C,26,,1782
IR_NAT_ACE_C,27,,1782
IR_NAT_ACE_C,28,,1782
IR_NAT_ACE_C,29,,1782
IR_NAT_ACE_C,30,,1782
IR_NAT_ACE_C,39,,1782
IR_NAT_ACE_C,40,,1782
IR_NAT_ACE_C,50,,1782
IR_NAT_ACE_C,51,,1782
IR_NAT_ACE_C,52,,1782
IR_NAT_ACE_C,55,,1782
IR_NAT_ACE_C,56,,1782
IR_NAT_ACE_C,60,,1782
IR_NAT_ACE_C,61,,1782
IR_NAT_ACE_C,62,,1782
IR_NAT_ACE_C,63,,1782
IR_NAT_ACE_C,64,,1782
IR_NAT_ACE_C,65,,1782
IR_NAT_ACE_C,66,,1782
IR_NAT_ACE_C,67,,1782
IR_NAT_ACE_C,68,,1782
IR_NAT_ACE_C,19,,1783
IR_NAT_ACE_C,21,,1783
IR_NAT_ACE_C,24,,1783
IR_NAT_ACE_C,26,,1783
IR_NAT_ACE_C,27,,1783
IR_NAT_ACE_C,28,,1783
IR_NAT_ACE_C,29,,1783
IR_NAT_ACE_C,30,,1783
IR_NAT_ACE_C,39,,1783
IR_NAT_ACE_C,40,,1783
IR_NAT_ACE_C,50,,1783
IR_NAT_ACE_C,51,,1783
IR_NAT_ACE_C,52,,1783
IR_NAT_ACE_C,55,,1783
IR_NAT_ACE_C,56,,1783
IR_NAT_ACE_C,60,,1783
IR_NAT_ACE_C,61,,1783
IR_NAT_ACE_C,62,,1783
IR_NAT_ACE_C,63,,1783
IR_NAT_ACE_C,64,,1783
IR_NAT_ACE_C,65,,1783
IR_NAT_ACE_C,66,,1783
IR_NAT_ACE_C,67,,1783
IR_NAT_ACE_C,68,,1783
IR_NAT_ACE_C,19,,1784
IR_NAT_ACE_C,21,,1784
IR_NAT_ACE_C,24,,1784
IR_NAT_ACE_C,26,,1784
IR_NAT_ACE_C,27,,1784
IR_NAT_ACE_C,28,,1784
IR_NAT_ACE_C,29,,1784
IR_NAT_ACE_C,30,,1784
IR_NAT_ACE_C,39,,1784
IR_NAT_ACE_C,40,,1784
IR_NAT_ACE_C,50,,1784
IR_NAT_ACE_C,51,,1784
IR_NAT_ACE_C,52,,1784
IR_NAT_ACE_C,55,,1784
IR_NAT_ACE_C,56,,1784
IR_NAT_ACE_C,60,,1784
IR_NAT_ACE_C,61,,1784
IR_NAT_ACE_C,62,,1784
IR_NAT_ACE_C,63,,1784
IR_NAT_ACE_C,64,,1784
IR_NAT_ACE_C,65,,1784
IR_NAT_ACE_C,66,,1784
IR_NAT_ACE_C,67,,1784
IR_NAT_ACE_C,68,,1784
IR_NAT_ACE_C,19,,1785
IR_NAT_ACE_C,21,,1785
IR_NAT_ACE_C,24,,1785
IR_NAT_ACE_C,26,,1785
IR_NAT_ACE_C,27,,1785
IR_NAT_ACE_C,28,,1785
IR_NAT_ACE_C,29,,1785
IR_NAT_ACE_C,30,,1785
IR_NAT_ACE_C,39,,1785
IR_NAT_ACE_C,40,,1785
IR_NAT_ACE_C,50,,1785
IR_NAT_ACE_C,51,,1785
IR_NAT_ACE_C,52,,1785
IR_NAT_ACE_C,55,,1785
IR_NAT_ACE_C,56,,1785
IR_NAT_ACE_C,60,,1785
IR_NAT_ACE_C,61,,1785
IR_NAT_ACE_C,62,,1785
IR_NAT_ACE_C,63,,1785
IR_NAT_ACE_C,64,,1785
IR_NAT_ACE_C,65,,1785
IR_NAT_ACE_C,66,,1785
IR_NAT_ACE_C,67,,1785
IR_NAT_ACE_C,68,,1785
IR_NAT_ACE_C,19,,1786
IR_NAT_ACE_C,21,,1786
IR_NAT_ACE_C,24,,1786
IR_NAT_ACE_C,26,,1786
IR_NAT_ACE_C,27,,1786
IR_NAT_ACE_C,28,,1786
IR_NAT_ACE_C,29,,1786
IR_NAT_ACE_C,30,,1786
IR_NAT_ACE_C,39,,1786
IR_NAT_ACE_C,40,,1786
IR_NAT_ACE_C,50,,1786
IR_NAT_ACE_C,51,,1786
IR_NAT_ACE_C,52,,1786
IR_NAT_ACE_C,55,,1786
IR_NAT_ACE_C,56,,1786
IR_NAT_ACE_C,60,,1786
IR_NAT_ACE_C,61,,1786
IR_NAT_ACE_C,62,,1786
IR_NAT_ACE_C,63,,1786
IR_NAT_ACE_C,64,,1786
IR_NAT_ACE_C,65,,1786
IR_NAT_ACE_C,66,,1786
IR_NAT_ACE_C,67,,1786
IR_NAT_ACE_C,68,,1786
IR_NAT_ACE_C,19,,1787
IR_NAT_ACE_C,21,,1787
IR_NAT_ACE_C,24,,1787
IR_NAT_ACE_C,26,,1787
IR_NAT_ACE_C,27,,1787
IR_NAT_ACE_C,28,,1787
IR_NAT_ACE_C,29,,1787
IR_NAT_ACE_C,30,,1787
IR_NAT_ACE_C,39,,1787
IR_NAT_ACE_C,40,,1787
IR_NAT_ACE_C,50,,1787
IR_NAT_ACE_C,51,,1787
IR_NAT_ACE_C,52,,1787
IR_NAT_ACE_C,55,,1787
IR_NAT_ACE_C,56,,1787
IR_NAT_ACE_C,60,,1787
IR_NAT_ACE_C,61,,1787
IR_NAT_ACE_C,62,,1787
IR_NAT_ACE_C,63,,1787
IR_NAT_ACE_C,64,,1787
IR_NAT_ACE_C,65,,1787
IR_NAT_ACE_C,66,,1787
IR_NAT_ACE_C,67,,1787
IR_NAT_ACE_C,68,,1787
IR_NAT_ACE_C,19,,1788
IR_NAT_ACE_C,21,,1788
IR_NAT_ACE_C,24,,1788
IR_NAT_ACE_C,26,,1788
IR_NAT_ACE_C,27,,1788
IR_NAT_ACE_C,28,,1788
IR_NAT_ACE_C,29,,1788
IR_NAT_ACE_C,30,,1788
IR_NAT_ACE_C,39,,1788
IR_NAT_ACE_C,40,,1788
IR_NAT_ACE_C,50,,1788
IR_NAT_ACE_C,51,,1788
IR_NAT_ACE_C,52,,1788
IR_NAT_ACE_C,55,,1788
IR_NAT_ACE_C,56,,1788
IR_NAT_ACE_C,60,,1788
IR_NAT_ACE_C,61,,1788
IR_NAT_ACE_C,62,,1788
IR_NAT_ACE_C,63,,1788
IR_NAT_ACE_C,64,,1788
IR_NAT_ACE_C,65,,1788
IR_NAT_ACE_C,66,,1788
IR_NAT_ACE_C,67,,1788
IR_NAT_ACE_C,68,,1788
IR_NAT_ACE_C,19,,1789
IR_NAT_ACE_C,21,,1789
IR_NAT_ACE_C,24,,1789
IR_NAT_ACE_C,26,,1789
IR_NAT_ACE_C,27,,1789
IR_NAT_ACE_C,28,,1789
IR_NAT_ACE_C,29,,1789
IR_NAT_ACE_C,30,,1789
IR_NAT_ACE_C,39,,1789
IR_NAT_ACE_C,40,,1789
IR_NAT_ACE_C,50,,1789
IR_NAT_ACE_C,51,,1789
IR_NAT_ACE_C,52,,1789
IR_NAT_ACE_C,55,,1789
IR_NAT_ACE_C,56,,1789
IR_NAT_ACE_C,60,,1789
IR_NAT_ACE_C,61,,1789
IR_NAT_ACE_C,62,,1789
IR_NAT_ACE_C,63,,1789
IR_NAT_ACE_C,64,,1789
IR_NAT_ACE_C,65,,1789
IR_NAT_ACE_C,66,,1789
IR_NAT_ACE_C,67,,1789
IR_NAT_ACE_C,68,,1789
IR_NAT_ACE_C,19,,1791
IR_NAT_ACE_C,21,,1791
IR_NAT_ACE_C,24,,1791
IR_NAT_ACE_C,26,,1791
IR_NAT_ACE_C,27,,1791
IR_NAT_ACE_C,28,,1791
IR_NAT_ACE_C,29,,1791
IR_NAT_ACE_C,30,,1791
IR_NAT_ACE_C,39,,1791
IR_NAT_ACE_C,40,,1791
IR_NAT_ACE_C,50,,1791
IR_NAT_ACE_C,51,,1791
IR_NAT_ACE_C,52,,1791
IR_NAT_ACE_C,55,,1791
IR_NAT_ACE_C,56,,1791
IR_NAT_ACE_C,60,,1791
IR_NAT_ACE_C,61,,1791
IR_NAT_ACE_C,62,,1791
IR_NAT_ACE_C,63,,1791
IR_NAT_ACE_C,64,,1791
IR_NAT_ACE_C,65,,1791
IR_NAT_ACE_C,66,,1791
IR_NAT_ACE_C,67,,1791
IR_NAT_ACE_C,68,,1791
IR_NAT_ACE_C,19,,1811
IR_NAT_ACE_C,21,,1811
IR_NAT_ACE_C,24,,1811
IR_NAT_ACE_C,26,,1811
IR_NAT_ACE_C,27,,1811
IR_NAT_ACE_C,28,,1811
IR_NAT_ACE_C,29,,1811
IR_NAT_ACE_C,30,,1811
IR_NAT_ACE_C,39,,1811
IR_NAT_ACE_C,40,,1811
IR_NAT_ACE_C,53,,1811
IR_NAT_ACE_C,54,,1811
IR_NAT_ACE_C,19,,1812
IR_NAT_ACE_C,21,,1812
IR_NAT_ACE_C,24,,1812
IR_NAT_ACE_C,26,,1812
IR_NAT_ACE_C,27,,1812
IR_NAT_ACE_C,28,,1812
IR_NAT_ACE_C,29,,1812
IR_NAT_ACE_C,30,,1812
IR_NAT_ACE_C,39,,1812
IR_NAT_ACE_C,40,,1812
IR_NAT_ACE_C,53,,1812
IR_NAT_ACE_C,54,,1812
IR_NAT_ACE_C,19,,1813
IR_NAT_ACE_C,21,,1813
IR_NAT_ACE_C,24,,1813
IR_NAT_ACE_C,26,,1813
IR_NAT_ACE_C,27,,1813
IR_NAT_ACE_C,28,,1813
IR_NAT_ACE_C,29,,1813
IR_NAT_ACE_C,30,,1813
IR_NAT_ACE_C,39,,1813
IR_NAT_ACE_C,40,,1813
IR_NAT_ACE_C,53,,1813
IR_NAT_ACE_C,54,,1813
IR_NAT_ACE_C,19,,1821
IR_NAT_ACE_C,30,,1821
IR_NAT_ACE_C,39,,1821
IR_NAT_ACE_C,40,,1821
IR_NAT_ACE_C,19,,1841
IR_NAT_ACE_C,21,,1841
IR_NAT_ACE_C,53,,1841
IR_NAT_ACE_C,54,,1841
IR_NAT_ACE_C,21,,1842
IR_NAT_ACE_C,24,,1842
IR_NAT_ACE_C,26,,1842
IR_NAT_ACE_C,27,,1842
IR_NAT_ACE_C,28,,1842
IR_NAT_ACE_C,29,,1842
IR_NAT_ACE_C,30,,1842
IR_NAT_ACE_C,39,,1842
IR_NAT_ACE_C,40,,1842
IR_NAT_ACE_C,26,,1843
IR_NAT_ACE_C,26,,1844
IR_NAT_ACE_C,26,,1845
IR_NAT_ACE_C,26,,1846
IR_NAT_ACE_C,26,,1847
IR_NAT_ACE_C,21,,1908
IR_NAT_ACE_C,21,,1909
IR_NAT_ACE_C,24,,1910
IR_NAT_ACE_C,26,,1910
IR_NAT_ACE_C,21,,1911
IR_NAT_ACE_C,21,,1912
IR_NAT_ACE_C,53,,1912
IR_NAT_ACE_C,54,,1912
IR_NAT_ACE_C,21,,1913
IR_NAT_ACE_C,24,,1913
IR_NAT_ACE_C,30,,1913
IR_NAT_ACE_C,39,,1913
IR_NAT_ACE_C,21,,1919
IR_NAT_ACE_C,24,,1919
IR_NAT_ACE_C,26,,1919
IR_NAT_ACE_C,27,,1919
IR_NAT_ACE_C,28,,1919
IR_NAT_ACE_C,29,,1919
IR_NAT_ACE_C,30,,1919
IR_NAT_ACE_C,39,,1919
IR_NAT_ACE_C,40,,1919
IR_NAT_ACE_C,21,,1920
IR_NAT_ACE_C,21,,1922
IR_NAT_ACE_C,21,,1923
IR_NAT_ACE_C,21,,1939
IR_NAT_ACE_C,21,,1940
IR_NAT_ACE_C,19,,1960
IR_NAT_ACE_C,21,,1960
IR_NAT_ACE_C,24,,1960
IR_NAT_ACE_C,26,,1960
IR_NAT_ACE_C,27,,1960
IR_NAT_ACE_C,28,,1960
IR_NAT_ACE_C,29,,1960
IR_NAT_ACE_C,30,,1960
IR_NAT_ACE_C,39,,1960
IR_NAT_ACE_C,40,,1960
IR_NAT_ACE_C,53,,1960
IR_NAT_ACE_C,54,,1960
IR_NAT_ACE_C,19,,1961
IR_NAT_ACE_C,21,,1961
IR_NAT_ACE_C,24,,1961
IR_NAT_ACE_C,26,,1961
IR_NAT_ACE_C,27,,1961
IR_NAT_ACE_C,28,,1961
IR_NAT_ACE_C,29,,1961
IR_NAT_ACE_C,30,,1961
IR_NAT_ACE_C,39,,1961
IR_NAT_ACE_C,40,,1961
IR_NAT_ACE_C,53,,1961
IR_NAT_ACE_C,54,,1961
IR_NAT_ACE_C,21,,1981
IR_NAT_ACE_C,30,,2413
IR_NAT_ACE_C,39,,2413
IR_NAT_ACE_C,21,,2414
IR_NAT_ACE_C,30,,2417
IR_NAT_ACE_C,39,,2417
IR_NAT_ACE_C,21,,2418
IR_NAT_ACE_C,21,,2420
IR_NAT_ACE_C,21,,2426
IR_NAT_ACE_C,21,,2428
IR_NAT_ACE_C,24,,3110
IR_NAT_ACE_C,24,,3111
IR_NAT_ACE_C,30,,3111
IR_NAT_ACE_C,39,,3111
IR_NAT_ACE_C,40,,3111
IR_NAT_ACE_C,24,,3112
IR_NAT_ACE_C,21,,3113
IR_NAT_ACE_C,24,,3115
IR_NAT_ACE_C,24,,3116
IR_NAT_ACE_C,30,,3116
IR_NAT_ACE_C,39,,3116
IR_NAT_ACE_C,24,,3117
IR_NAT_ACE_C,26,,3121
IR_NAT_ACE_C,26,,3122
IR_NAT_ACE_C,26,,3125
IR_NAT_ACE_C,26,,3126
IR_NAT_ACE_C,26,,3127
IR_NAT_ACE_C,26,,3128
IR_NAT_ACE_C,27,,3131
IR_NAT_ACE_C,28,,3132
IR_NAT_ACE_C,29,,3133
IR_NAT_ACE_C,27,,3134
IR_NAT_ACE_C,29,,3135
IR_NAT_ACE_C,28,,3139
IR_NAT_ACE_C,30,,3211
IR_NAT_ACE_C,39,,3211
IR_NAT_ACE_C,40,,3211
IR_NAT_ACE_C,50,,3211
IR_NAT_ACE_C,51,,3211
IR_NAT_ACE_C,52,,3211
IR_NAT_ACE_C,30,,3213
IR_NAT_ACE_C,39,,3213
IR_NAT_ACE_C,40,,3213
IR_NAT_ACE_C,30,,3216
IR_NAT_ACE_C,39,,3216
IR_NAT_ACE_C,40,,3216
IR_NAT_ACE_C,30,,3221
IR_NAT_ACE_C,39,,3221
IR_NAT_ACE_C,30,,3222
IR_NAT_ACE_C,39,,3222
IR_NAT_ACE_C,30,,3223
IR_NAT_ACE_C,39,,3223
IR_NAT_ACE_C,30,,3225
IR_NAT_ACE_C,39,,3225
IR_NAT_ACE_C,40,,3225
IR_NAT_ACE_C,50,,3300
IR_NAT_ACE_C,50,,3301
IR_NAT_ACE_C,50,,3302
IR_NAT_ACE_C,50,,3303
IR_NAT_ACE_C,50,,3304
IR_NAT_ACE_C,50,,3305
IR_NAT_ACE_C,50,,3306
IR_NAT_ACE_C,50,,3307
IR_NAT_ACE_C,50,,3323
IR_NAT_ACE_C,51,,3323
IR_NAT_ACE_C,21,,3329
IR_NAT_ACE_C,50,,3334
IR_NAT_ACE_C,51,,3334
IR_NAT_ACE_C,50,,3335
IR_NAT_ACE_C,51,,3335
IR_NAT_ACE_C,50,,3342
IR_NAT_ACE_C,51,,3342
IR_NAT_ACE_C,50,,3343
IR_NAT_ACE_C,51,,3343
IR_NAT_ACE_C,50,,3361
IR_NAT_ACE_C,51,,3361
IR_NAT_ACE_C,50,,3362
IR_NAT_ACE_C,51,,3362
IR_NAT_ACE_C,50,,3363
IR_NAT_ACE_C,51,,3363
IR_NAT_ACE_C,50,,3371
IR_NAT_ACE_C,51,,3371
IR_NAT_ACE_C,50,,3372
IR_NAT_ACE_C,51,,3372
IR_NAT_ACE_C,50,,3373
IR_NAT_ACE_C,51,,3373
IR_NAT_ACE_C,50,,3374
IR_NAT_ACE_C,51,,3374
IR_NAT_ACE_C,50,,3378
IR_NAT_ACE_C,50,,3381
IR_NAT_ACE_C,50,,3382
IR_NAT_ACE_C,51,,3382
IR_NAT_ACE_C,60,,3382
IR_NAT_ACE_C,50,,3391
IR_NAT_ACE_C,51,,3391
IR_NAT_ACE_C,50,,3392
IR_NAT_ACE_C,51,,3392
IR_NAT_ACE_C,50,,3393
IR_NAT_ACE_C,51,,3393
IR_NAT_ACE_C,50,,3394
IR_NAT_ACE_C,51,,3394
IR_NAT_ACE_C,50,,3395
IR_NAT_ACE_C,51,,3395
IR_NAT_ACE_C,50,,3396
IR_NAT_ACE_C,51,,3396
IR_NAT_ACE_C,50,,3397
IR_NAT_ACE_C,51,,3397
IR_NAT_ACE_C,50,,3398
IR_NAT_ACE_C,27,,3522
IR_NAT_ACE_C,50,,3522
IR_NAT_ACE_C,51,,3522
IR_NAT_ACE_C,60,,3522
IR_NAT_ACE_C,61,,3522
IR_NAT_ACE_C,62,,3522
IR_NAT_ACE_C,63,,3522
IR_NAT_ACE_C,67,,3522
IR_NAT_ACE_C,68,,3522
IR_NAT_ACE_C,65,,3540
IR_NAT_ACE_C,67,,3548
IR_NAT_ACE_C,68,,3548
IR_NAT_ACE_C,50,,3574
IR_NAT_ACE_C,51,,3574
IR_NAT_ACE_C,60,,3574
IR_NAT_ACE_C,61,,3574
IR_NAT_ACE_C,62,,3574
IR_NAT_ACE_C,63,,3574
IR_NAT_ACE_C,64,,3574
IR_NAT_ACE_C,65,,3574
IR_NAT_ACE_C,66,,3574
IR_NAT_ACE_C,67,,3574
IR_NAT_ACE_C,68,,3574
IR_NAT_ACE_C,27,,3575
IR_NAT_ACE_C,50,,3575
IR_NAT_ACE_C,51,,3575
IR_NAT_ACE_C,60,,3575
IR_NAT_ACE_C,61,,3575
IR_NAT_ACE_C,62,,3575
IR_NAT_ACE_C,63,,3575
IR_NAT_ACE_C,64,,3575
IR_NAT_ACE_C,65,,3575
IR_NAT_ACE_C,66,,3575
IR_NAT_ACE_C,67,,3575
IR_NAT_ACE_C,68,,3575
IR_NAT_ACE_C,50,,3576
IR_NAT_ACE_C,51,,3576
IR_NAT_ACE_C,52,,3576
IR_NAT_ACE_C,60,,3576
IR_NAT_ACE_C,61,,3576
IR_NAT_ACE_C,62,,3576
IR_NAT_ACE_C,63,,3576
IR_NAT_ACE_C,64,,3576
IR_NAT_ACE_C,65,,3576
IR_NAT_ACE_C,66,,3576
IR_NAT_ACE_C,67,,3576
IR_NAT_ACE_C,68,,3576
IR_NAT_ACE_C,50,,3591
IR_NAT_ACE_C,51,,3591
IR_NAT_ACE_C,60,,3591
IR_NAT_ACE_C,61,,3591
IR_NAT_ACE_C,62,,3591
IR_NAT_ACE_C,64,,3591
IR_NAT_ACE_C,60,,3593
IR_NAT_ACE_C,61,,3593
IR_NAT_ACE_C,62,,3593
IR_NAT_ACE_C,63,,3593
IR_NAT_ACE_C,64,,3593
IR_NAT_ACE_C,65,,3593
IR_NAT_ACE_C,66,,3593
IR_NAT_ACE_C,67,,3593
IR_NAT_ACE_C,68,,3593
IR_NAT_ACE_C,19,,3610
IR_NAT_ACE_C,21,,3610
IR_NAT_ACE_C,24,,3610
IR_NAT_ACE_C,26,,3610
IR_NAT_ACE_C,27,,3610
IR_NAT_ACE_C,28,,3610
IR_NAT_ACE_C,29,,3610
IR_NAT_ACE_C,50,,3610
IR_NAT_ACE_C,51,,3610
IR_NAT_ACE_C,52,,3610
IR_NAT_ACE_C,55,,3610
IR_NAT_ACE_C,56,,3610
IR_NAT_ACE_C,57,,3610
IR_NAT_ACE_C,60,,3610
IR_NAT_ACE_C,61,,3610
IR_NAT_ACE_C,62,,3610
IR_NAT_ACE_C,63,,3610
IR_NAT_ACE_C,64,,3610
IR_NAT_ACE_C,65,,3610
IR_NAT_ACE_C,66,,3610
IR_NAT_ACE_C,67,,3610
IR_NAT_ACE_C,68,,3610
IR_NAT_ACE_C,19,,3611
IR_NAT_ACE_C,21,,3611
IR_NAT_ACE_C,24,,3611
IR_NAT_ACE_C,26,,3611
IR_NAT_ACE_C,27,,3611
IR_NAT_ACE_C,28,,3611
IR_NAT_ACE_C,29,,3611
IR_NAT_ACE_C,50,,3611
IR_NAT_ACE_C,51,,3611
IR_NAT_ACE_C,52,,3611
IR_NAT_ACE_C,55,,3611
IR_NAT_ACE_C,56,,3611
IR_NAT_ACE_C,57,,3611
IR_NAT_ACE_C,60,,3611
IR_NAT_ACE_C,61,,3611
IR_NAT_ACE_C,62,,3611
IR_NAT_ACE_C,63,,3611
IR_NAT_ACE_C,64,,3611
IR_NAT_ACE_C,65,,3611
IR_NAT_ACE_C,66,,3611
IR_NAT_ACE_C,67,,3611
IR_NAT_ACE_C,68,,3611
IR_NAT_ACE_C,19,,3612
IR_NAT_ACE_C,21,,3612
IR_NAT_ACE_C,24,,3612
IR_NAT_ACE_C,26,,3612
IR_NAT_ACE_C,27,,3612
IR_NAT_ACE_C,28,,3612
IR_NAT_ACE_C,29,,3612
IR_NAT_ACE_C,50,,3612
IR_NAT_ACE_C,51,,3612
IR_NAT_ACE_C,52,,3612
IR_NAT_ACE_C,55,,3612
IR_NAT_ACE_C,56,,3612
IR_NAT_ACE_C,57,,3612
IR_NAT_ACE_C,60,,3612
IR_NAT_ACE_C,61,,3612
IR_NAT_ACE_C,62,,3612
IR_NAT_ACE_C,63,,3612
IR_NAT_ACE_C,64,,3612
IR_NAT_ACE_C,65,,3612
IR_NAT_ACE_C,66,,3612
IR_NAT_ACE_C,67,,3612
IR_NAT_ACE_C,68,,3612
IR_NAT_ACE_C,55,,4204
IR_NAT_ACE_C,55,,4205
IR_NAT_ACE_C,55,,4206
IR_NAT_ACE_C,55,,4207
IR_NAT_ACE_C,55,,4208
IR_NAT_ACE_C,55,,4209
IR_NAT_ACE_C,56,,4210
IR_NAT_ACE_C,55,,4212
IR_NAT_ACE_C,55,,4213
IR_NAT_ACE_C,56,,4217
IR_NAT_ACE_C,56,,4218
IR_NAT_ACE_C,56,,4220
IR_NAT_ACE_C,55,,4221
IR_NAT_ACE_C,55,,4222
IR_NAT_ACE_C,55,,4224
IR_NAT_ACE_C,55,,4225
IR_NAT_ACE_C,55,,4226
IR_NAT_ACE_C,55,,4227
IR_NAT_ACE_C,55,,4228
IR_NAT_ACE_C,56,,4229
IR_NAT_ACE_C,19,,4316
IR_NAT_ACE_C,53,,4316
IR_NAT_ACE_C,54,,4316
IR_NAT_ACE_C,19,,4364
IR_NAT_ACE_C,21,,4364
IR_NAT_ACE_C,24,,4364
IR_NAT_ACE_C,26,,4364
IR_NAT_ACE_C,27,,4364
IR_NAT_ACE_C,28,,4364
IR_NAT_ACE_C,29,,4364
IR_NAT_ACE_C,21,,4365
IR_NAT_ACE_C,24,,4365
IR_NAT_ACE_C,19,,4366
IR_NAT_ACE_C,21,,4366
IR_NAT_ACE_C,26,,4366
IR_NAT_ACE_C,29,,4366
IR_NAT_ACE_C,19,,4367
IR_NAT_ACE_C,21,,4367
IR_NAT_ACE_C,24,,4367
IR_NAT_ACE_C,29,,4367
IR_NAT_ACE_C,50,,4375
IR_NAT_ACE_C,51,,4375
IR_NAT_ACE_C,50,,4376
IR_NAT_ACE_C,51,,4376
IR_NAT_ACE_C,50,,4377
IR_NAT_ACE_C,51,,4377
IR_NAT_ACE_C,50,,4378
IR_NAT_ACE_C,51,,4378
IR_NAT_ACE_C,19,,5205
IR_NAT_ACE_C,53,,5205
IR_NAT_ACE_C,54,,5205
IR_NAT_ACE_C,19,,5206
IR_NAT_ACE_C,53,,5206
IR_NAT_ACE_C,54,,5206
IR_NAT_ACE_C,65,,5400
IR_NAT_ACE_C,19,,9141
IR_NAT_ACE_C,25,,9201
IR_NAT_ACE_C,29,,9201
IR_NAT_ACE_C,25,,9202
IR_NAT_ACE_C,29,,9202
IR_NAT_ACE_C,25,,9203
IR_NAT_ACE_C,29,,9203
IR_NAT_ACE_C,19,,9411
IR_NAT_ACE_C,19,,9421
IR_NAT_ACE_C,53,,9421
IR_NAT_ACE_C,54,,9421
IR_NAT_ACE_C,19,,9422
IR_NAT_ACE_C,53,,9422
IR_NAT_ACE_C,54,,9422
IR_NAT_ACE_C,19,,9423
IR_NAT_ACE_C,53,,9423
IR_NAT_ACE_C,54,,9423
IR_NAT_ACE_C,19,,9429
IR_NAT_ACE_C,53,,9429
IR_NAT_ACE_C,54,,9429
IR_NAT_ACE_C,19,,9433
IR_NAT_ACE_C,53,,9433
IR_NAT_ACE_C,54,,9433
IR_NAT_ACE_C,30,,9434
IR_NAT_ACE_C,39,,9434
IR_NAT_ACE_C,40,,9434
IR_NAT_ACE_C,50,,9566
IR_NAT_ACE_C,51,,9566
IR_NAT_ACE_C,24,,9569
IR_NAT_ACE_C,26,,9570
IR_NAT_ACE_C,29,,1100
IR_NAT_ACE_C,19,,1111
IR_NAT_ACE_C,21,,1111
IR_NAT_ACE_C,53,,1111
IR_NAT_ACE_C,54,,1111
IR_NAT_ACE_C,19,,1112
IR_NAT_ACE_C,53,,1112
IR_NAT_ACE_C,54,,1112
IR_NAT_ACE_C,29,,1159
IR_NAT_ACE_C,91,,1163
IR_NAT_ACE_C,92,,1163
IR_NAT_ACE_C,93,,1163
IR_NAT_ACE_C,19,,1167
IR_NAT_ACE_C,21,,1167
IR_NAT_ACE_C,24,,1167
IR_NAT_ACE_C,26,,1167
IR_NAT_ACE_C,27,,1167
IR_NAT_ACE_C,28,,1167
IR_NAT_ACE_C,29,,1167
IR_NAT_ACE_C,30,,1167
IR_NAT_ACE_C,39,,1167
IR_NAT_ACE_C,40,,1167
IR_NAT_ACE_C,50,,1167
IR_NAT_ACE_C,51,,1167
IR_NAT_ACE_C,52,,1167
IR_NAT_ACE_C,53,,1167
IR_NAT_ACE_C,54,,1167
IR_NAT_ACE_C,60,,1167
IR_NAT_ACE_C,61,,1167
IR_NAT_ACE_C,62,,1167
IR_NAT_ACE_C,63,,1167
IR_NAT_ACE_C,64,,1167
IR_NAT_ACE_C,65,,1167
IR_NAT_ACE_C,66,,1167
IR_NAT_ACE_C,67,,1167
IR_NAT_ACE_C,68,,1167
IR_NAT_ACE_C,91,,1167
IR_NAT_ACE_C,92,,1167
IR_NAT_ACE_C,93,,1167
IR_NAT_ACE_C,91,,1169
IR_NAT_ACE_C,92,,1169
IR_NAT_ACE_C,93,,1169
IR_NAT_ACE_C,19,,1172
IR_NAT_ACE_C,21,,1172
IR_NAT_ACE_C,24,,1172
IR_NAT_ACE_C,26,,1172
IR_NAT_ACE_C,27,,1172
IR_NAT_ACE_C,28,,1172
IR_NAT_ACE_C,29,,1172
IR_NAT_ACE_C,53,,1172
IR_NAT_ACE_C,54,,1172
IR_NAT_ACE_C,60,,1172
IR_NAT_ACE_C,61,,1172
IR_NAT_ACE_C,62,,1172
IR_NAT_ACE_C,63,,1172
IR_NAT_ACE_C,64,,1172
IR_NAT_ACE_C,65,,1172
IR_NAT_ACE_C,66,,1172
IR_NAT_ACE_C,67,,1172
IR_NAT_ACE_C,68,,1172
IR_NAT_ACE_C,29,,1185
IR_NAT_ACE_C,19,,1190
IR_NAT_ACE_C,21,,1190
IR_NAT_ACE_C,24,,1190
IR_NAT_ACE_C,26,,1190
IR_NAT_ACE_C,27,,1190
IR_NAT_ACE_C,28,,1190
IR_NAT_ACE_C,29,,1190
IR_NAT_ACE_C,53,,1190
IR_NAT_ACE_C,54,,1190
IR_NAT_ACE_C,60,,1190
IR_NAT_ACE_C,61,,1190
IR_NAT_ACE_C,62,,1190
IR_NAT_ACE_C,63,,1190
IR_NAT_ACE_C,64,,1190
IR_NAT_ACE_C,65,,1190
IR_NAT_ACE_C,66,,1190
IR_NAT_ACE_C,67,,1190
IR_NAT_ACE_C,68,,1190
IR_NAT_ACE_C,21,,1191
IR_NAT_ACE_C,53,,1191
IR_NAT_ACE_C,54,,1191
IR_NAT_ACE_C,21,,1193
IR_NAT_ACE_C,53,,1193
IR_NAT_ACE_C,54,,1193
IR_NAT_ACE_C,21,,1194
IR_NAT_ACE_C,53,,1194
IR_NAT_ACE_C,54,,1194
IR_NAT_ACE_C,19,,1211
IR_NAT_ACE_C,21,,1211
IR_NAT_ACE_C,53,,1211
IR_NAT_ACE_C,54,,1211
IR_NAT_ACE_C,19,,1212
IR_NAT_ACE_C,53,,1212
IR_NAT_ACE_C,54,,1212
IR_NAT_ACE_C,19,,1222
IR_NAT_ACE_C,21,,1222
IR_NAT_ACE_C,40,,1312
IR_NAT_ACE_C,21,,1316
IR_NAT_ACE_C,19,,1321
IR_NAT_ACE_C,21,,1321
IR_NAT_ACE_C,53,,1321
IR_NAT_ACE_C,54,,1321
IR_NAT_ACE_C,21,,1322
IR_NAT_ACE_C,21,,1324
IR_NAT_ACE_C,19,,1331
IR_NAT_ACE_C,30,,1331
IR_NAT_ACE_C,53,,1331
IR_NAT_ACE_C,54,,1331
IR_NAT_ACE_C,19,,1351
IR_NAT_ACE_C,53,,1351
IR_NAT_ACE_C,54,,1351
IR_NAT_ACE_C,19,,1352
IR_NAT_ACE_C,21,,1352
IR_NAT_ACE_C,53,,1352
IR_NAT_ACE_C,54,,1352
IR_NAT_ACE_C,19,,1401
IR_NAT_ACE_C,53,,1401
IR_NAT_ACE_C,54,,1401
IR_NAT_ACE_C,19,,1402
IR_NAT_ACE_C,53,,1402
IR_NAT_ACE_C,54,,1402
IR_NAT_ACE_C,19,,1403
IR_NAT_ACE_C,53,,1403
IR_NAT_ACE_C,54,,1403
IR_NAT_ACE_C,19,,1424
IR_NAT_ACE_C,53,,1424
IR_NAT_ACE_C,19,,1425
IR_NAT_ACE_C,53,,1425
IR_NAT_ACE_C,54,,1425
IR_NAT_ACE_C,19,,1431
IR_NAT_ACE_C,53,,1431
IR_NAT_ACE_C,54,,1431
IR_NAT_ACE_C,19,,1432
IR_NAT_ACE_C,53,,1432
IR_NAT_ACE_C,54,,1432
IR_NAT_ACE_C,19,,1433
IR_NAT_ACE_C,53,,1433
IR_NAT_ACE_C,54,,1433
IR_NAT_ACE_C,19,,1434
IR_NAT_ACE_C,53,,1434
IR_NAT_ACE_C,54,,1434
IR_NAT_ACE_C,19,,1435
IR_NAT_ACE_C,53,,1435
IR_NAT_ACE_C,54,,1435
IR_NAT_ACE_C,19,,1436
IR_NAT_ACE_C,53,,1436
IR_NAT_ACE_C,54,,1436
IR_NAT_ACE_C,19,,1437
IR_NAT_ACE_C,53,,1437
IR_NAT_ACE_C,54,,1437
IR_NAT_ACE_C,19,,1451
IR_NAT_ACE_C,53,,1451
IR_NAT_ACE_C,54,,1451
IR_NAT_ACE_C,19,,1452
IR_NAT_ACE_C,53,,1452
IR_NAT_ACE_C,54,,1452
IR_NAT_ACE_C,19,,1453
IR_NAT_ACE_C,53,,1453
IR_NAT_ACE_C,54,,1453
IR_NAT_ACE_C,19,,1462
IR_NAT_ACE_C,53,,1462
IR_NAT_ACE_C,54,,1462
IR_NAT_ACE_C,19,,1465
IR_NAT_ACE_C,53,,1465
IR_NAT_ACE_C,54,,1465
IR_NAT_ACE_C,19,,1470
IR_NAT_ACE_C,53,,1470
IR_NAT_ACE_C,54,,1470
IR_NAT_ACE_C,19,,1471
IR_NAT_ACE_C,53,,1471
IR_NAT_ACE_C,54,,1471
IR_NAT_ACE_C,19,,1472
IR_NAT_ACE_C,53,,1472
IR_NAT_ACE_C,54,,1472
IR_NAT_ACE_C,19,,1473
IR_NAT_ACE_C,53,,1473
IR_NAT_ACE_C,54,,1473
IR_NAT_ACE_C,19,,1474
IR_NAT_ACE_C,53,,1474
IR_NAT_ACE_C,54,,1474
IR_NAT_ACE_C,19,,1475
IR_NAT_ACE_C,53,,1475
IR_NAT_ACE_C,54,,1475
IR_NAT_ACE_C,19,,1476
IR_NAT_ACE_C,53,,1476
IR_NAT_ACE_C,54,,1476
IR_NAT_ACE_C,19,,1477
IR_NAT_ACE_C,53,,1477
IR_NAT_ACE_C,54,,1477
IR_NAT_ACE_C,19,,1523
IR_NAT_ACE_C,53,,1523
IR_NAT_ACE_C,54,,1523
IR_NAT_ACE_C,19,,1602
IR_NAT_ACE_C,21,,1602
IR_NAT_ACE_C,24,,1602
IR_NAT_ACE_C,26,,1602
IR_NAT_ACE_C,28,,1602
IR_NAT_ACE_C,29,,1602
IR_NAT_ACE_C,55,,1605
IR_NAT_ACE_C,30,,1606
IR_NAT_ACE_C,39,,1606
IR_NAT_ACE_C,40,,1606
IR_NAT_ACE_C,24,,1607
IR_NAT_ACE_C,30,,1608
IR_NAT_ACE_C,39,,1608
IR_NAT_ACE_C,40,,1608
IR_NAT_ACE_C,55,,1614
IR_NAT_ACE_C,55,,1615
IR_NAT_ACE_C,55,,1616
IR_NAT_ACE_C,19,,1627
IR_NAT_ACE_C,53,,1627
IR_NAT_ACE_C,54,,1627
IR_NAT_ACE_C,19,,1629
IR_NAT_ACE_C,24,,1629
IR_NAT_ACE_C,19,,1631
IR_NAT_ACE_C,24,,1631
IR_NAT_ACE_C,19,,1721
IR_NAT_ACE_C,21,,1721
IR_NAT_ACE_C,24,,1721
IR_NAT_ACE_C,26,,1721
IR_NAT_ACE_C,27,,1721
IR_NAT_ACE_C,28,,1721
IR_NAT_ACE_C,29,,1721
IR_NAT_ACE_C,30,,1721
IR_NAT_ACE_C,39,,1721
IR_NAT_ACE_C,40,,1721
IR_NAT_ACE_C,50,,1721
IR_NAT_ACE_C,51,,1721
IR_NAT_ACE_C,52,,1721
IR_NAT_ACE_C,55,,1721
IR_NAT_ACE_C,56,,1721
IR_NAT_ACE_C,60,,1721
IR_NAT_ACE_C,61,,1721
IR_NAT_ACE_C,62,,1721
IR_NAT_ACE_C,63,,1721
IR_NAT_ACE_C,64,,1721
IR_NAT_ACE_C,65,,1721
IR_NAT_ACE_C,66,,1721
IR_NAT_ACE_C,67,,1721
IR_NAT_ACE_C,68,,1721
IR_NAT_ACE_C,19,,1722
IR_NAT_ACE_C,21,,1722
IR_NAT_ACE_C,24,,1722
IR_NAT_ACE_C,26,,1722
IR_NAT_ACE_C,27,,1722
IR_NAT_ACE_C,28,,1722
IR_NAT_ACE_C,29,,1722
IR_NAT_ACE_C,30,,1722
IR_NAT_ACE_C,39,,1722
IR_NAT_ACE_C,40,,1722
IR_NAT_ACE_C,50,,1722
IR_NAT_ACE_C,51,,1722
IR_NAT_ACE_C,52,,1722
IR_NAT_ACE_C,55,,1722
IR_NAT_ACE_C,56,,1722
IR_NAT_ACE_C,60,,1722
IR_NAT_ACE_C,61,,1722
IR_NAT_ACE_C,62,,1722
IR_NAT_ACE_C,63,,1722
IR_NAT_ACE_C,64,,1722
IR_NAT_ACE_C,65,,1722
IR_NAT_ACE_C,66,,1722
IR_NAT_ACE_C,67,,1722
IR_NAT_ACE_C,68,,1722
IR_NAT_ACE_C,19,,1723
IR_NAT_ACE_C,21,,1723
IR_NAT_ACE_C,24,,1723
IR_NAT_ACE_C,26,,1723
IR_NAT_ACE_C,27,,1723
IR_NAT_ACE_C,28,,1723
IR_NAT_ACE_C,29,,1723
IR_NAT_ACE_C,30,,1723
IR_NAT_ACE_C,39,,1723
IR_NAT_ACE_C,40,,1723
IR_NAT_ACE_C,50,,1723
IR_NAT_ACE_C,51,,1723
IR_NAT_ACE_C,52,,1723
IR_NAT_ACE_C,55,,1723
IR_NAT_ACE_C,56,,1723
IR_NAT_ACE_C,60,,1723
IR_NAT_ACE_C,61,,1723
IR_NAT_ACE_C,62,,1723
IR_NAT_ACE_C,63,,1723
IR_NAT_ACE_C,64,,1723
IR_NAT_ACE_C,65,,1723
IR_NAT_ACE_C,66,,1723
IR_NAT_ACE_C,67,,1723
IR_NAT_ACE_C,68,,1723
IR_NAT_ACE_C,19,,1724
IR_NAT_ACE_C,21,,1724
IR_NAT_ACE_C,24,,1724
IR_NAT_ACE_C,26,,1724
IR_NAT_ACE_C,27,,1724
IR_NAT_ACE_C,28,,1724
IR_NAT_ACE_C,29,,1724
IR_NAT_ACE_C,30,,1724
IR_NAT_ACE_C,39,,1724
IR_NAT_ACE_C,40,,1724
IR_NAT_ACE_C,50,,1724
IR_NAT_ACE_C,51,,1724
IR_NAT_ACE_C,52,,1724
IR_NAT_ACE_C,55,,1724
IR_NAT_ACE_C,56,,1724
IR_NAT_ACE_C,60,,1724
IR_NAT_ACE_C,61,,1724
IR_NAT_ACE_C,62,,1724
IR_NAT_ACE_C,63,,1724
IR_NAT_ACE_C,64,,1724
IR_NAT_ACE_C,65,,1724
IR_NAT_ACE_C,66,,1724
IR_NAT_ACE_C,67,,1724
IR_NAT_ACE_C,68,,1724
IR_NAT_ACE_C,19,,1725
IR_NAT_ACE_C,21,,1725
IR_NAT_ACE_C,24,,1725
IR_NAT_ACE_C,26,,1725
IR_NAT_ACE_C,27,,1725
IR_NAT_ACE_C,28,,1725
IR_NAT_ACE_C,29,,1725
IR_NAT_ACE_C,30,,1725
IR_NAT_ACE_C,39,,1725
IR_NAT_ACE_C,40,,1725
IR_NAT_ACE_C,50,,1725
IR_NAT_ACE_C,51,,1725
IR_NAT_ACE_C,52,,1725
IR_NAT_ACE_C,55,,1725
IR_NAT_ACE_C,56,,1725
IR_NAT_ACE_C,60,,1725
IR_NAT_ACE_C,61,,1725
IR_NAT_ACE_C,62,,1725
IR_NAT_ACE_C,63,,1725
IR_NAT_ACE_C,64,,1725
IR_NAT_ACE_C,65,,1725
IR_NAT_ACE_C,66,,1725
IR_NAT_ACE_C,67,,1725
IR_NAT_ACE_C,68,,1725
IR_NAT_ACE_C,19,,1726
IR_NAT_ACE_C,21,,1726
IR_NAT_ACE_C,24,,1726
IR_NAT_ACE_C,26,,1726
IR_NAT_ACE_C,27,,1726
IR_NAT_ACE_C,28,,1726
IR_NAT_ACE_C,29,,1726
IR_NAT_ACE_C,30,,1726
IR_NAT_ACE_C,39,,1726
IR_NAT_ACE_C,40,,1726
IR_NAT_ACE_C,50,,1726
IR_NAT_ACE_C,51,,1726
IR_NAT_ACE_C,52,,1726
IR_NAT_ACE_C,55,,1726
IR_NAT_ACE_C,56,,1726
IR_NAT_ACE_C,60,,1726
IR_NAT_ACE_C,61,,1726
IR_NAT_ACE_C,62,,1726
IR_NAT_ACE_C,63,,1726
IR_NAT_ACE_C,64,,1726
IR_NAT_ACE_C,65,,1726
IR_NAT_ACE_C,66,,1726
IR_NAT_ACE_C,67,,1726
IR_NAT_ACE_C,68,,1726
IR_NAT_ACE_C,19,,1727
IR_NAT_ACE_C,21,,1727
IR_NAT_ACE_C,24,,1727
IR_NAT_ACE_C,26,,1727
IR_NAT_ACE_C,27,,1727
IR_NAT_ACE_C,28,,1727
IR_NAT_ACE_C,29,,1727
IR_NAT_ACE_C,30,,1727
IR_NAT_ACE_C,39,,1727
IR_NAT_ACE_C,40,,1727
IR_NAT_ACE_C,50,,1727
IR_NAT_ACE_C,51,,1727
IR_NAT_ACE_C,52,,1727
IR_NAT_ACE_C,55,,1727
IR_NAT_ACE_C,56,,1727
IR_NAT_ACE_C,60,,1727
IR_NAT_ACE_C,61,,1727
IR_NAT_ACE_C,62,,1727
IR_NAT_ACE_C,63,,1727
IR_NAT_ACE_C,64,,1727
IR_NAT_ACE_C,65,,1727
IR_NAT_ACE_C,66,,1727
IR_NAT_ACE_C,67,,1727
IR_NAT_ACE_C,68,,1727
IR_NAT_ACE_C,19,,1728
IR_NAT_ACE_C,21,,1728
IR_NAT_ACE_C,24,,1728
IR_NAT_ACE_C,26,,1728
IR_NAT_ACE_C,27,,1728
IR_NAT_ACE_C,28,,1728
IR_NAT_ACE_C,29,,1728
IR_NAT_ACE_C,30,,1728
IR_NAT_ACE_C,39,,1728
IR_NAT_ACE_C,40,,1728
IR_NAT_ACE_C,50,,1728
IR_NAT_ACE_C,51,,1728
IR_NAT_ACE_C,52,,1728
IR_NAT_ACE_C,55,,1728
IR_NAT_ACE_C,56,,1728
IR_NAT_ACE_C,60,,1728
IR_NAT_ACE_C,61,,1728
IR_NAT_ACE_C,62,,1728
IR_NAT_ACE_C,63,,1728
IR_NAT_ACE_C,64,,1728
IR_NAT_ACE_C,65,,1728
IR_NAT_ACE_C,66,,1728
IR_NAT_ACE_C,67,,1728
IR_NAT_ACE_C,68,,1728
IR_NAT_ACE_C,19,,1729
IR_NAT_ACE_C,21,,1729
IR_NAT_ACE_C,24,,1729
IR_NAT_ACE_C,26,,1729
IR_NAT_ACE_C,27,,1729
IR_NAT_ACE_C,28,,1729
IR_NAT_ACE_C,29,,1729
IR_NAT_ACE_C,30,,1729
IR_NAT_ACE_C,39,,1729
IR_NAT_ACE_C,40,,1729
IR_NAT_ACE_C,50,,1729
IR_NAT_ACE_C,51,,1729
IR_NAT_ACE_C,52,,1729
IR_NAT_ACE_C,55,,1729
IR_NAT_ACE_C,56,,1729
IR_NAT_ACE_C,60,,1729
IR_NAT_ACE_C,61,,1729
IR_NAT_ACE_C,62,,1729
IR_NAT_ACE_C,63,,1729
IR_NAT_ACE_C,64,,1729
IR_NAT_ACE_C,65,,1729
IR_NAT_ACE_C,66,,1729
IR_NAT_ACE_C,67,,1729
IR_NAT_ACE_C,68,,1729
IR_NAT_ACE_C,19,,1731
IR_NAT_ACE_C,21,,1731
IR_NAT_ACE_C,24,,1731
IR_NAT_ACE_C,26,,1731
IR_NAT_ACE_C,27,,1731
IR_NAT_ACE_C,28,,1731
IR_NAT_ACE_C,29,,1731
IR_NAT_ACE_C,30,,1731
IR_NAT_ACE_C,39,,1731
IR_NAT_ACE_C,40,,1731
IR_NAT_ACE_C,50,,1731
IR_NAT_ACE_C,51,,1731
IR_NAT_ACE_C,52,,1731
IR_NAT_ACE_C,55,,1731
IR_NAT_ACE_C,56,,1731
IR_NAT_ACE_C,60,,1731
IR_NAT_ACE_C,61,,1731
IR_NAT_ACE_C,62,,1731
IR_NAT_ACE_C,63,,1731
IR_NAT_ACE_C,64,,1731
IR_NAT_ACE_C,65,,1731
IR_NAT_ACE_C,66,,1731
IR_NAT_ACE_C,67,,1731
IR_NAT_ACE_C,68,,1731
IR_NAT_ACE_C,19,,1732
IR_NAT_ACE_C,21,,1732
IR_NAT_ACE_C,24,,1732
IR_NAT_ACE_C,26,,1732
IR_NAT_ACE_C,27,,1732
IR_NAT_ACE_C,28,,1732
IR_NAT_ACE_C,29,,1732
IR_NAT_ACE_C,30,,1732
IR_NAT_ACE_C,39,,1732
IR_NAT_ACE_C,40,,1732
IR_NAT_ACE_C,50,,1732
IR_NAT_ACE_C,51,,1732
IR_NAT_ACE_C,52,,1732
IR_NAT_ACE_C,55,,1732
IR_NAT_ACE_C,56,,1732
IR_NAT_ACE_C,60,,1732
IR_NAT_ACE_C,61,,1732
IR_NAT_ACE_C,62,,1732
IR_NAT_ACE_C,63,,1732
IR_NAT_ACE_C,64,,1732
IR_NAT_ACE_C,65,,1732
IR_NAT_ACE_C,66,,1732
IR_NAT_ACE_C,67,,1732
IR_NAT_ACE_C,68,,1732
IR_NAT_ACE_C,19,,1733
IR_NAT_ACE_C,21,,1733
IR_NAT_ACE_C,24,,1733
IR_NAT_ACE_C,26,,1733
IR_NAT_ACE_C,27,,1733
IR_NAT_ACE_C,28,,1733
IR_NAT_ACE_C,29,,1733
IR_NAT_ACE_C,30,,1733
IR_NAT_ACE_C,39,,1733
IR_NAT_ACE_C,40,,1733
IR_NAT_ACE_C,50,,1733
IR_NAT_ACE_C,51,,1733
IR_NAT_ACE_C,52,,1733
IR_NAT_ACE_C,55,,1733
IR_NAT_ACE_C,56,,1733
IR_NAT_ACE_C,60,,1733
IR_NAT_ACE_C,61,,1733
IR_NAT_ACE_C,62,,1733
IR_NAT_ACE_C,63,,1733
IR_NAT_ACE_C,64,,1733
IR_NAT_ACE_C,65,,1733
IR_NAT_ACE_C,66,,1733
IR_NAT_ACE_C,67,,1733
IR_NAT_ACE_C,68,,1733
IR_NAT_ACE_C,19,,1734
IR_NAT_ACE_C,21,,1734
IR_NAT_ACE_C,24,,1734
IR_NAT_ACE_C,26,,1734
IR_NAT_ACE_C,27,,1734
IR_NAT_ACE_C,28,,1734
IR_NAT_ACE_C,29,,1734
IR_NAT_ACE_C,30,,1734
IR_NAT_ACE_C,39,,1734
IR_NAT_ACE_C,40,,1734
IR_NAT_ACE_C,50,,1734
IR_NAT_ACE_C,51,,1734
IR_NAT_ACE_C,52,,1734
IR_NAT_ACE_C,55,,1734
IR_NAT_ACE_C,56,,1734
IR_NAT_ACE_C,60,,1734
IR_NAT_ACE_C,61,,1734
IR_NAT_ACE_C,62,,1734
IR_NAT_ACE_C,63,,1734
IR_NAT_ACE_C,64,,1734
IR_NAT_ACE_C,65,,1734
IR_NAT_ACE_C,66,,1734
IR_NAT_ACE_C,67,,1734
IR_NAT_ACE_C,68,,1734
IR_NAT_ACE_C,19,,1735
IR_NAT_ACE_C,21,,1735
IR_NAT_ACE_C,24,,1735
IR_NAT_ACE_C,26,,1735
IR_NAT_ACE_C,27,,1735
IR_NAT_ACE_C,28,,1735
IR_NAT_ACE_C,29,,1735
IR_NAT_ACE_C,30,,1735
IR_NAT_ACE_C,39,,1735
IR_NAT_ACE_C,40,,1735
IR_NAT_ACE_C,50,,1735
IR_NAT_ACE_C,51,,1735
IR_NAT_ACE_C,52,,1735
IR_NAT_ACE_C,55,,1735
IR_NAT_ACE_C,56,,1735
IR_NAT_ACE_C,60,,1735
IR_NAT_ACE_C,19,,1736
IR_NAT_ACE_C,21,,1736
IR_NAT_ACE_C,24,,1736
IR_NAT_ACE_C,26,,1736
IR_NAT_ACE_C,27,,1736
IR_NAT_ACE_C,28,,1736
IR_NAT_ACE_C,29,,1736
IR_NAT_ACE_C,30,,1736
IR_NAT_ACE_C,39,,1736
IR_NAT_ACE_C,40,,1736
IR_NAT_ACE_C,50,,1736
IR_NAT_ACE_C,51,,1736
IR_NAT_ACE_C,52,,1736
IR_NAT_ACE_C,55,,1736
IR_NAT_ACE_C,56,,1736
IR_NAT_ACE_C,60,,1736
IR_NAT_ACE_C,19,,1741
IR_NAT_ACE_C,21,,1741
IR_NAT_ACE_C,24,,1741
IR_NAT_ACE_C,26,,1741
IR_NAT_ACE_C,27,,1741
IR_NAT_ACE_C,28,,1741
IR_NAT_ACE_C,29,,1741
IR_NAT_ACE_C,30,,1741
IR_NAT_ACE_C,39,,1741
IR_NAT_ACE_C,40,,1741
IR_NAT_ACE_C,50,,1741
IR_NAT_ACE_C,51,,1741
IR_NAT_ACE_C,52,,1741
IR_NAT_ACE_C,55,,1741
IR_NAT_ACE_C,56,,1741
IR_NAT_ACE_C,60,,1741
IR_NAT_ACE_C,61,,1741
IR_NAT_ACE_C,62,,1741
IR_NAT_ACE_C,63,,1741
IR_NAT_ACE_C,64,,1741
IR_NAT_ACE_C,65,,1741
IR_NAT_ACE_C,66,,1741
IR_NAT_ACE_C,67,,1741
IR_NAT_ACE_C,68,,1741
IR_NAT_ACE_C,19,,1742
IR_NAT_ACE_C,21,,1742
IR_NAT_ACE_C,24,,1742
IR_NAT_ACE_C,26,,1742
IR_NAT_ACE_C,27,,1742
IR_NAT_ACE_C,28,,1742
IR_NAT_ACE_C,29,,1742
IR_NAT_ACE_C,30,,1742
IR_NAT_ACE_C,39,,1742
IR_NAT_ACE_C,40,,1742
IR_NAT_ACE_C,50,,1742
IR_NAT_ACE_C,51,,1742
IR_NAT_ACE_C,52,,1742
IR_NAT_ACE_C,55,,1742
IR_NAT_ACE_C,56,,1742
IR_NAT_ACE_C,60,,1742
IR_NAT_ACE_C,61,,1742
IR_NAT_ACE_C,62,,1742
IR_NAT_ACE_C,63,,1742
IR_NAT_ACE_C,64,,1742
IR_NAT_ACE_C,65,,1742
IR_NAT_ACE_C,66,,1742
IR_NAT_ACE_C,67,,1742
IR_NAT_ACE_C,68,,1742
IR_NAT_ACE_C,19,,1743
IR_NAT_ACE_C,21,,1743
IR_NAT_ACE_C,24,,1743
IR_NAT_ACE_C,26,,1743
IR_NAT_ACE_C,27,,1743
IR_NAT_ACE_C,28,,1743
IR_NAT_ACE_C,29,,1743
IR_NAT_ACE_C,30,,1743
IR_NAT_ACE_C,39,,1743
IR_NAT_ACE_C,40,,1743
IR_NAT_ACE_C,50,,1743
IR_NAT_ACE_C,51,,1743
IR_NAT_ACE_C,52,,1743
IR_NAT_ACE_C,55,,1743
IR_NAT_ACE_C,56,,1743
IR_NAT_ACE_C,60,,1743
IR_NAT_ACE_C,61,,1743
IR_NAT_ACE_C,62,,1743
IR_NAT_ACE_C,63,,1743
IR_NAT_ACE_C,64,,1743
IR_NAT_ACE_C,65,,1743
IR_NAT_ACE_C,66,,1743
IR_NAT_ACE_C,67,,1743
IR_NAT_ACE_C,68,,1743
IR_NAT_ACE_C,19,,1744
IR_NAT_ACE_C,21,,1744
IR_NAT_ACE_C,24,,1744
IR_NAT_ACE_C,26,,1744
IR_NAT_ACE_C,27,,1744
IR_NAT_ACE_C,28,,1744
IR_NAT_ACE_C,29,,1744
IR_NAT_ACE_C,30,,1744
IR_NAT_ACE_C,39,,1744
IR_NAT_ACE_C,40,,1744
IR_NAT_ACE_C,50,,1744
IR_NAT_ACE_C,51,,1744
IR_NAT_ACE_C,52,,1744
IR_NAT_ACE_C,55,,1744
IR_NAT_ACE_C,56,,1744
IR_NAT_ACE_C,60,,1744
IR_NAT_ACE_C,61,,1744
IR_NAT_ACE_C,62,,1744
IR_NAT_ACE_C,63,,1744
IR_NAT_ACE_C,64,,1744
IR_NAT_ACE_C,65,,1744
IR_NAT_ACE_C,66,,1744
IR_NAT_ACE_C,67,,1744
IR_NAT_ACE_C,68,,1744
IR_NAT_ACE_C,19,,1745
IR_NAT_ACE_C,21,,1745
IR_NAT_ACE_C,24,,1745
IR_NAT_ACE_C,26,,1745
IR_NAT_ACE_C,27,,1745
IR_NAT_ACE_C,28,,1745
IR_NAT_ACE_C,29,,1745
IR_NAT_ACE_C,30,,1745
IR_NAT_ACE_C,39,,1745
IR_NAT_ACE_C,40,,1745
IR_NAT_ACE_C,50,,1745
IR_NAT_ACE_C,51,,1745
IR_NAT_ACE_C,52,,1745
IR_NAT_ACE_C,55,,1745
IR_NAT_ACE_C,56,,1745
IR_NAT_ACE_C,60,,1745
IR_NAT_ACE_C,61,,1745
IR_NAT_ACE_C,62,,1745
IR_NAT_ACE_C,63,,1745
IR_NAT_ACE_C,64,,1745
IR_NAT_ACE_C,65,,1745
IR_NAT_ACE_C,66,,1745
IR_NAT_ACE_C,67,,1745
IR_NAT_ACE_C,68,,1745
IR_NAT_ACE_C,19,,1746
IR_NAT_ACE_C,21,,1746
IR_NAT_ACE_C,24,,1746
IR_NAT_ACE_C,26,,1746
IR_NAT_ACE_C,27,,1746
IR_NAT_ACE_C,28,,1746
IR_NAT_ACE_C,29,,1746
IR_NAT_ACE_C,30,,1746
IR_NAT_ACE_C,39,,1746
IR_NAT_ACE_C,40,,1746
IR_NAT_ACE_C,50,,1746
IR_NAT_ACE_C,51,,1746
IR_NAT_ACE_C,52,,1746
IR_NAT_ACE_C,55,,1746
IR_NAT_ACE_C,56,,1746
IR_NAT_ACE_C,60,,1746
IR_NAT_ACE_C,61,,1746
IR_NAT_ACE_C,62,,1746
IR_NAT_ACE_C,63,,1746
IR_NAT_ACE_C,64,,1746
