nom_table,CPT_COP_NUM,TRS_PRS_IDE,PRS_NAT_REF,TRS_PRS_KLM
IR_NAT_FRF_C,,11,4212,21
IR_NAT_FRF_C,,11,4212,22
IR_NAT_FRF_C,,11,4212,23
IR_NAT_FRF_C,,11,4212,24
IR_NAT_FRF_C,,11,4212,25
IR_NAT_FRF_C,,11,4212,26
IR_NAT_FRF_C,,11,4213,21
IR_NAT_FRF_C,,11,4213,22
IR_NAT_FRF_C,,11,4213,23
IR_NAT_FRF_C,,11,4213,24
IR_NAT_FRF_C,,11,4213,25
IR_NAT_FRF_C,,11,4213,26
IR_NAT_FRF_C,,11,4221,21
IR_NAT_FRF_C,,11,4221,22
IR_NAT_FRF_C,,11,4221,23
IR_NAT_FRF_C,,11,4221,24
IR_NAT_FRF_C,,11,4221,25
IR_NAT_FRF_C,,11,4221,26
IR_NAT_FRF_C,,12,4212,21
IR_NAT_FRF_C,,12,4212,22
IR_NAT_FRF_C,,12,4212,23
IR_NAT_FRF_C,,12,4212,24
IR_NAT_FRF_C,,12,4212,25
IR_NAT_FRF_C,,12,4212,26
IR_NAT_FRF_C,,12,4213,21
IR_NAT_FRF_C,,12,4213,22
IR_NAT_FRF_C,,12,4213,23
IR_NAT_FRF_C,,12,4213,24
IR_NAT_FRF_C,,12,4213,25
IR_NAT_FRF_C,,12,4213,26
IR_NAT_FRF_C,,12,4221,21
IR_NAT_FRF_C,,12,4221,22
IR_NAT_FRF_C,,12,4221,23
IR_NAT_FRF_C,,12,4221,24
IR_NAT_FRF_C,,12,4221,25
IR_NAT_FRF_C,,12,4221,26
IR_NAT_FRF_C,,13,4212,21
IR_NAT_FRF_C,,13,4212,22
IR_NAT_FRF_C,,13,4212,23
IR_NAT_FRF_C,,13,4212,24
IR_NAT_FRF_C,,13,4212,25
IR_NAT_FRF_C,,13,4212,26
IR_NAT_FRF_C,,13,4213,21
IR_NAT_FRF_C,,13,4213,22
IR_NAT_FRF_C,,13,4213,23
IR_NAT_FRF_C,,13,4213,24
IR_NAT_FRF_C,,13,4213,25
IR_NAT_FRF_C,,13,4213,26
IR_NAT_FRF_C,,13,4221,21
IR_NAT_FRF_C,,13,4221,22
IR_NAT_FRF_C,,13,4221,23
IR_NAT_FRF_C,,13,4221,24
IR_NAT_FRF_C,,13,4221,25
IR_NAT_FRF_C,,13,4221,26
IR_NAT_FRF_C,,14,4212,21
IR_NAT_FRF_C,,14,4212,22
IR_NAT_FRF_C,,14,4212,23
IR_NAT_FRF_C,,14,4212,24
IR_NAT_FRF_C,,14,4212,25
IR_NAT_FRF_C,,14,4212,26
IR_NAT_FRF_C,,14,4213,21
IR_NAT_FRF_C,,14,4213,22
IR_NAT_FRF_C,,14,4213,23
IR_NAT_FRF_C,,14,4213,24
IR_NAT_FRF_C,,14,4213,25
IR_NAT_FRF_C,,14,4213,26
IR_NAT_FRF_C,,14,4221,21
IR_NAT_FRF_C,,14,4221,22
IR_NAT_FRF_C,,14,4221,23
IR_NAT_FRF_C,,14,4221,24
IR_NAT_FRF_C,,14,4221,25
IR_NAT_FRF_C,,14,4221,26
IR_NAT_FRF_C,,15,4212,21
IR_NAT_FRF_C,,15,4212,22
IR_NAT_FRF_C,,15,4212,23
IR_NAT_FRF_C,,15,4212,24
IR_NAT_FRF_C,,15,4212,25
IR_NAT_FRF_C,,15,4212,26
IR_NAT_FRF_C,,15,4213,21
IR_NAT_FRF_C,,15,4213,22
IR_NAT_FRF_C,,15,4213,23
IR_NAT_FRF_C,,15,4213,24
IR_NAT_FRF_C,,15,4213,25
IR_NAT_FRF_C,,15,4213,26
IR_NAT_FRF_C,,15,4221,21
IR_NAT_FRF_C,,15,4221,22
IR_NAT_FRF_C,,15,4221,23
IR_NAT_FRF_C,,15,4221,24
IR_NAT_FRF_C,,15,4221,25
IR_NAT_FRF_C,,15,4221,26
IR_NAT_FRF_C,,16,4212,21
IR_NAT_FRF_C,,16,4212,22
IR_NAT_FRF_C,,16,4212,23
IR_NAT_FRF_C,,16,4212,24
IR_NAT_FRF_C,,16,4212,25
IR_NAT_FRF_C,,16,4212,26
IR_NAT_FRF_C,,16,4213,21
IR_NAT_FRF_C,,16,4213,22
IR_NAT_FRF_C,,16,4213,23
IR_NAT_FRF_C,,16,4213,24
IR_NAT_FRF_C,,16,4213,25
IR_NAT_FRF_C,,16,4213,26
IR_NAT_FRF_C,,16,4221,21
IR_NAT_FRF_C,,16,4221,22
IR_NAT_FRF_C,,16,4221,23
IR_NAT_FRF_C,,16,4221,24
IR_NAT_FRF_C,,16,4221,25
IR_NAT_FRF_C,,16,4221,26
IR_NAT_FRF_C,,17,4212,21
IR_NAT_FRF_C,,17,4212,22
IR_NAT_FRF_C,,17,4212,23
IR_NAT_FRF_C,,17,4212,24
IR_NAT_FRF_C,,17,4212,25
IR_NAT_FRF_C,,17,4212,26
IR_NAT_FRF_C,,17,4213,21
IR_NAT_FRF_C,,17,4213,22
IR_NAT_FRF_C,,17,4213,23
IR_NAT_FRF_C,,17,4213,24
IR_NAT_FRF_C,,17,4213,25
IR_NAT_FRF_C,,17,4213,26
IR_NAT_FRF_C,,17,4221,21
IR_NAT_FRF_C,,17,4221,22
IR_NAT_FRF_C,,17,4221,23
IR_NAT_FRF_C,,17,4221,24
IR_NAT_FRF_C,,17,4221,25
IR_NAT_FRF_C,,17,4221,26
IR_NAT_FRF_C,,18,4212,21
IR_NAT_FRF_C,,18,4212,22
IR_NAT_FRF_C,,18,4212,23
IR_NAT_FRF_C,,18,4212,24
IR_NAT_FRF_C,,18,4212,25
IR_NAT_FRF_C,,18,4212,26
IR_NAT_FRF_C,,18,4213,21
IR_NAT_FRF_C,,18,4213,22
IR_NAT_FRF_C,,18,4213,23
IR_NAT_FRF_C,,18,4213,24
IR_NAT_FRF_C,,18,4213,25
IR_NAT_FRF_C,,18,4213,26
IR_NAT_FRF_C,,18,4221,21
IR_NAT_FRF_C,,18,4221,22
IR_NAT_FRF_C,,18,4221,23
IR_NAT_FRF_C,,18,4221,24
IR_NAT_FRF_C,,18,4221,25
IR_NAT_FRF_C,,18,4221,26
IR_NAT_FRF_C,,19,4212,21
IR_NAT_FRF_C,,19,4212,22
IR_NAT_FRF_C,,19,4212,23
IR_NAT_FRF_C,,19,4212,24
IR_NAT_FRF_C,,19,4212,25
IR_NAT_FRF_C,,19,4212,26
IR_NAT_FRF_C,,19,4213,21
IR_NAT_FRF_C,,19,4213,22
IR_NAT_FRF_C,,19,4213,23
IR_NAT_FRF_C,,19,4213,24
IR_NAT_FRF_C,,19,4213,25
IR_NAT_FRF_C,,19,4213,26
IR_NAT_FRF_C,,19,4221,21
IR_NAT_FRF_C,,19,4221,22
IR_NAT_FRF_C,,19,4221,23
IR_NAT_FRF_C,,19,4221,24
IR_NAT_FRF_C,,19,4221,25
IR_NAT_FRF_C,,19,4221,26
