nom_table,DPN_QLF,CPT_COP_NUM,PRS_NAT
IR_NAT_DEP_C,64,,1462
IR_NAT_DEP_C,65,,1462
IR_NAT_DEP_C,66,,1462
IR_NAT_DEP_C,71,,1462
IR_NAT_DEP_C,0,,1465
IR_NAT_DEP_C,11,,1465
IR_NAT_DEP_C,12,,1465
IR_NAT_DEP_C,14,,1465
IR_NAT_DEP_C,20,,1465
IR_NAT_DEP_C,30,,1465
IR_NAT_DEP_C,40,,1465
IR_NAT_DEP_C,61,,1465
IR_NAT_DEP_C,62,,1465
IR_NAT_DEP_C,64,,1465
IR_NAT_DEP_C,65,,1465
IR_NAT_DEP_C,66,,1465
IR_NAT_DEP_C,71,,1465
IR_NAT_DEP_C,0,,1470
IR_NAT_DEP_C,11,,1470
IR_NAT_DEP_C,12,,1470
IR_NAT_DEP_C,20,,1470
IR_NAT_DEP_C,30,,1470
IR_NAT_DEP_C,40,,1470
IR_NAT_DEP_C,61,,1470
IR_NAT_DEP_C,62,,1470
IR_NAT_DEP_C,64,,1470
IR_NAT_DEP_C,65,,1470
IR_NAT_DEP_C,66,,1470
IR_NAT_DEP_C,71,,1470
IR_NAT_DEP_C,0,,1471
IR_NAT_DEP_C,11,,1471
IR_NAT_DEP_C,12,,1471
IR_NAT_DEP_C,20,,1471
IR_NAT_DEP_C,30,,1471
IR_NAT_DEP_C,40,,1471
IR_NAT_DEP_C,61,,1471
IR_NAT_DEP_C,62,,1471
IR_NAT_DEP_C,64,,1471
IR_NAT_DEP_C,65,,1471
IR_NAT_DEP_C,66,,1471
IR_NAT_DEP_C,71,,1471
IR_NAT_DEP_C,0,,1472
IR_NAT_DEP_C,11,,1472
IR_NAT_DEP_C,12,,1472
IR_NAT_DEP_C,20,,1472
IR_NAT_DEP_C,30,,1472
IR_NAT_DEP_C,40,,1472
IR_NAT_DEP_C,61,,1472
IR_NAT_DEP_C,62,,1472
IR_NAT_DEP_C,64,,1472
IR_NAT_DEP_C,65,,1472
IR_NAT_DEP_C,66,,1472
IR_NAT_DEP_C,71,,1472
IR_NAT_DEP_C,0,,1473
IR_NAT_DEP_C,11,,1473
IR_NAT_DEP_C,12,,1473
IR_NAT_DEP_C,20,,1473
IR_NAT_DEP_C,30,,1473
IR_NAT_DEP_C,40,,1473
IR_NAT_DEP_C,61,,1473
IR_NAT_DEP_C,62,,1473
IR_NAT_DEP_C,64,,1473
IR_NAT_DEP_C,65,,1473
IR_NAT_DEP_C,66,,1473
IR_NAT_DEP_C,71,,1473
IR_NAT_DEP_C,0,,1474
IR_NAT_DEP_C,11,,1474
IR_NAT_DEP_C,12,,1474
IR_NAT_DEP_C,20,,1474
IR_NAT_DEP_C,30,,1474
IR_NAT_DEP_C,40,,1474
IR_NAT_DEP_C,61,,1474
IR_NAT_DEP_C,62,,1474
IR_NAT_DEP_C,64,,1474
IR_NAT_DEP_C,65,,1474
IR_NAT_DEP_C,66,,1474
IR_NAT_DEP_C,71,,1474
IR_NAT_DEP_C,0,,1475
IR_NAT_DEP_C,11,,1475
IR_NAT_DEP_C,12,,1475
IR_NAT_DEP_C,20,,1475
IR_NAT_DEP_C,30,,1475
IR_NAT_DEP_C,40,,1475
IR_NAT_DEP_C,61,,1475
IR_NAT_DEP_C,62,,1475
IR_NAT_DEP_C,64,,1475
IR_NAT_DEP_C,65,,1475
IR_NAT_DEP_C,66,,1475
IR_NAT_DEP_C,71,,1475
IR_NAT_DEP_C,0,,1476
IR_NAT_DEP_C,11,,1476
IR_NAT_DEP_C,12,,1476
IR_NAT_DEP_C,20,,1476
IR_NAT_DEP_C,30,,1476
IR_NAT_DEP_C,40,,1476
IR_NAT_DEP_C,61,,1476
IR_NAT_DEP_C,62,,1476
IR_NAT_DEP_C,64,,1476
IR_NAT_DEP_C,65,,1476
IR_NAT_DEP_C,66,,1476
IR_NAT_DEP_C,71,,1476
IR_NAT_DEP_C,0,,1477
IR_NAT_DEP_C,11,,1477
IR_NAT_DEP_C,12,,1477
IR_NAT_DEP_C,20,,1477
IR_NAT_DEP_C,30,,1477
IR_NAT_DEP_C,40,,1477
IR_NAT_DEP_C,61,,1477
IR_NAT_DEP_C,62,,1477
IR_NAT_DEP_C,64,,1477
IR_NAT_DEP_C,65,,1477
IR_NAT_DEP_C,66,,1477
IR_NAT_DEP_C,71,,1477
IR_NAT_DEP_C,0,,1521
IR_NAT_DEP_C,20,,1521
IR_NAT_DEP_C,30,,1521
IR_NAT_DEP_C,0,,1522
IR_NAT_DEP_C,20,,1522
IR_NAT_DEP_C,30,,1522
IR_NAT_DEP_C,0,,1523
IR_NAT_DEP_C,30,,1523
IR_NAT_DEP_C,0,,1601
IR_NAT_DEP_C,30,,1601
IR_NAT_DEP_C,0,,1602
IR_NAT_DEP_C,30,,1602
IR_NAT_DEP_C,0,,1605
IR_NAT_DEP_C,30,,1605
IR_NAT_DEP_C,0,,1606
IR_NAT_DEP_C,30,,1606
IR_NAT_DEP_C,0,,1607
IR_NAT_DEP_C,30,,1607
IR_NAT_DEP_C,0,,1608
IR_NAT_DEP_C,30,,1608
IR_NAT_DEP_C,0,,1610
IR_NAT_DEP_C,0,,1715
IR_NAT_DEP_C,30,,1715
IR_NAT_DEP_C,0,,1716
IR_NAT_DEP_C,30,,1716
IR_NAT_DEP_C,0,,1717
IR_NAT_DEP_C,30,,1717
IR_NAT_DEP_C,71,,1717
IR_NAT_DEP_C,0,,1721
IR_NAT_DEP_C,71,,1721
IR_NAT_DEP_C,0,,1722
IR_NAT_DEP_C,71,,1722
IR_NAT_DEP_C,0,,1723
IR_NAT_DEP_C,71,,1723
IR_NAT_DEP_C,0,,1724
IR_NAT_DEP_C,71,,1724
IR_NAT_DEP_C,0,,1725
IR_NAT_DEP_C,71,,1725
IR_NAT_DEP_C,0,,1726
IR_NAT_DEP_C,71,,1726
IR_NAT_DEP_C,0,,1727
IR_NAT_DEP_C,71,,1727
IR_NAT_DEP_C,0,,1728
IR_NAT_DEP_C,71,,1728
IR_NAT_DEP_C,0,,1729
IR_NAT_DEP_C,71,,1729
IR_NAT_DEP_C,0,,1731
IR_NAT_DEP_C,71,,1731
IR_NAT_DEP_C,0,,1732
IR_NAT_DEP_C,71,,1732
IR_NAT_DEP_C,0,,1733
IR_NAT_DEP_C,71,,1733
IR_NAT_DEP_C,0,,1734
IR_NAT_DEP_C,71,,1734
IR_NAT_DEP_C,0,,1735
IR_NAT_DEP_C,71,,1735
IR_NAT_DEP_C,0,,1736
IR_NAT_DEP_C,71,,1736
IR_NAT_DEP_C,0,,1741
IR_NAT_DEP_C,71,,1741
IR_NAT_DEP_C,0,,1742
IR_NAT_DEP_C,71,,1742
IR_NAT_DEP_C,0,,1743
IR_NAT_DEP_C,71,,1743
IR_NAT_DEP_C,0,,1744
IR_NAT_DEP_C,71,,1744
IR_NAT_DEP_C,0,,1745
IR_NAT_DEP_C,71,,1745
IR_NAT_DEP_C,0,,1746
IR_NAT_DEP_C,71,,1746
IR_NAT_DEP_C,0,,1747
IR_NAT_DEP_C,71,,1747
IR_NAT_DEP_C,0,,1748
IR_NAT_DEP_C,71,,1748
IR_NAT_DEP_C,0,,1749
IR_NAT_DEP_C,71,,1749
IR_NAT_DEP_C,0,,1751
IR_NAT_DEP_C,71,,1751
IR_NAT_DEP_C,0,,1781
IR_NAT_DEP_C,71,,1781
IR_NAT_DEP_C,0,,1782
IR_NAT_DEP_C,20,,1782
IR_NAT_DEP_C,71,,1782
IR_NAT_DEP_C,0,,1783
IR_NAT_DEP_C,20,,1783
IR_NAT_DEP_C,71,,1783
IR_NAT_DEP_C,0,,1784
IR_NAT_DEP_C,20,,1784
IR_NAT_DEP_C,71,,1784
IR_NAT_DEP_C,0,,1785
IR_NAT_DEP_C,20,,1785
IR_NAT_DEP_C,71,,1785
IR_NAT_DEP_C,0,,1786
IR_NAT_DEP_C,20,,1786
IR_NAT_DEP_C,71,,1786
IR_NAT_DEP_C,0,,1787
IR_NAT_DEP_C,20,,1787
IR_NAT_DEP_C,71,,1787
IR_NAT_DEP_C,0,,1788
IR_NAT_DEP_C,20,,1788
IR_NAT_DEP_C,71,,1788
IR_NAT_DEP_C,0,,1789
IR_NAT_DEP_C,20,,1789
IR_NAT_DEP_C,71,,1789
IR_NAT_DEP_C,0,,1791
IR_NAT_DEP_C,20,,1791
IR_NAT_DEP_C,71,,1791
IR_NAT_DEP_C,0,,1811
IR_NAT_DEP_C,20,,1811
IR_NAT_DEP_C,30,,1811
IR_NAT_DEP_C,0,,1812
IR_NAT_DEP_C,20,,1812
IR_NAT_DEP_C,30,,1812
IR_NAT_DEP_C,0,,1813
IR_NAT_DEP_C,20,,1813
IR_NAT_DEP_C,30,,1813
IR_NAT_DEP_C,0,,1821
IR_NAT_DEP_C,20,,1821
IR_NAT_DEP_C,30,,1821
IR_NAT_DEP_C,40,,1821
IR_NAT_DEP_C,0,,1841
IR_NAT_DEP_C,20,,1841
IR_NAT_DEP_C,30,,1841
IR_NAT_DEP_C,40,,1841
IR_NAT_DEP_C,0,,1842
IR_NAT_DEP_C,20,,1842
IR_NAT_DEP_C,30,,1842
IR_NAT_DEP_C,40,,1842
IR_NAT_DEP_C,40,,2274
IR_NAT_DEP_C,0,,2275
IR_NAT_DEP_C,20,,2275
IR_NAT_DEP_C,30,,2275
IR_NAT_DEP_C,40,,2275
IR_NAT_DEP_C,0,,2283
IR_NAT_DEP_C,30,,2283
IR_NAT_DEP_C,0,,2285
IR_NAT_DEP_C,11,,2285
IR_NAT_DEP_C,12,,2285
IR_NAT_DEP_C,13,,2285
IR_NAT_DEP_C,14,,2285
IR_NAT_DEP_C,15,,2285
IR_NAT_DEP_C,20,,2285
IR_NAT_DEP_C,30,,2285
IR_NAT_DEP_C,40,,2285
IR_NAT_DEP_C,50,,2285
IR_NAT_DEP_C,61,,2285
IR_NAT_DEP_C,62,,2285
IR_NAT_DEP_C,63,,2285
IR_NAT_DEP_C,64,,2285
IR_NAT_DEP_C,65,,2285
IR_NAT_DEP_C,66,,2285
IR_NAT_DEP_C,71,,2285
IR_NAT_DEP_C,0,,2315
IR_NAT_DEP_C,20,,2315
IR_NAT_DEP_C,30,,2315
IR_NAT_DEP_C,40,,2315
IR_NAT_DEP_C,0,,2331
IR_NAT_DEP_C,20,,2331
IR_NAT_DEP_C,30,,2331
IR_NAT_DEP_C,40,,2331
IR_NAT_DEP_C,71,,2331
IR_NAT_DEP_C,0,,2332
IR_NAT_DEP_C,20,,2332
IR_NAT_DEP_C,30,,2332
IR_NAT_DEP_C,40,,2332
IR_NAT_DEP_C,0,,2333
IR_NAT_DEP_C,20,,2333
IR_NAT_DEP_C,30,,2333
IR_NAT_DEP_C,40,,2333
IR_NAT_DEP_C,0,,2334
IR_NAT_DEP_C,20,,2334
IR_NAT_DEP_C,30,,2334
IR_NAT_DEP_C,40,,2334
IR_NAT_DEP_C,71,,2334
IR_NAT_DEP_C,0,,2335
IR_NAT_DEP_C,20,,2335
IR_NAT_DEP_C,30,,2335
IR_NAT_DEP_C,40,,2335
IR_NAT_DEP_C,71,,2335
IR_NAT_DEP_C,0,,2336
IR_NAT_DEP_C,20,,2336
IR_NAT_DEP_C,30,,2336
IR_NAT_DEP_C,40,,2336
IR_NAT_DEP_C,0,,2337
IR_NAT_DEP_C,20,,2337
IR_NAT_DEP_C,30,,2337
IR_NAT_DEP_C,40,,2337
IR_NAT_DEP_C,0,,2338
IR_NAT_DEP_C,20,,2338
IR_NAT_DEP_C,30,,2338
IR_NAT_DEP_C,40,,2338
IR_NAT_DEP_C,71,,2338
IR_NAT_DEP_C,0,,2339
IR_NAT_DEP_C,20,,2339
IR_NAT_DEP_C,30,,2339
IR_NAT_DEP_C,40,,2339
IR_NAT_DEP_C,71,,2339
IR_NAT_DEP_C,0,,2341
IR_NAT_DEP_C,20,,2341
IR_NAT_DEP_C,30,,2341
IR_NAT_DEP_C,40,,2341
IR_NAT_DEP_C,71,,2341
IR_NAT_DEP_C,0,,2351
IR_NAT_DEP_C,20,,2351
IR_NAT_DEP_C,30,,2351
IR_NAT_DEP_C,71,,2351
IR_NAT_DEP_C,0,,2352
IR_NAT_DEP_C,20,,2352
IR_NAT_DEP_C,30,,2352
IR_NAT_DEP_C,71,,2352
IR_NAT_DEP_C,0,,2353
IR_NAT_DEP_C,20,,2353
IR_NAT_DEP_C,30,,2353
IR_NAT_DEP_C,71,,2353
IR_NAT_DEP_C,0,,2354
IR_NAT_DEP_C,20,,2354
IR_NAT_DEP_C,30,,2354
IR_NAT_DEP_C,71,,2354
IR_NAT_DEP_C,0,,2355
IR_NAT_DEP_C,20,,2355
IR_NAT_DEP_C,30,,2355
IR_NAT_DEP_C,0,,2356
IR_NAT_DEP_C,20,,2356
IR_NAT_DEP_C,30,,2356
IR_NAT_DEP_C,0,,2357
IR_NAT_DEP_C,20,,2357
IR_NAT_DEP_C,30,,2357
IR_NAT_DEP_C,0,,2358
IR_NAT_DEP_C,20,,2358
IR_NAT_DEP_C,30,,2358
IR_NAT_DEP_C,0,,2359
IR_NAT_DEP_C,20,,2359
IR_NAT_DEP_C,30,,2359
IR_NAT_DEP_C,0,,2360
IR_NAT_DEP_C,20,,2360
IR_NAT_DEP_C,30,,2360
IR_NAT_DEP_C,0,,2361
IR_NAT_DEP_C,20,,2361
IR_NAT_DEP_C,30,,2361
IR_NAT_DEP_C,0,,2362
IR_NAT_DEP_C,20,,2362
IR_NAT_DEP_C,30,,2362
IR_NAT_DEP_C,0,,2363
IR_NAT_DEP_C,20,,2363
IR_NAT_DEP_C,30,,2363
IR_NAT_DEP_C,0,,2364
IR_NAT_DEP_C,20,,2364
IR_NAT_DEP_C,30,,2364
IR_NAT_DEP_C,0,,2365
IR_NAT_DEP_C,20,,2365
IR_NAT_DEP_C,30,,2365
IR_NAT_DEP_C,0,,2366
IR_NAT_DEP_C,20,,2366
IR_NAT_DEP_C,30,,2366
IR_NAT_DEP_C,0,,2367
IR_NAT_DEP_C,20,,2367
IR_NAT_DEP_C,30,,2367
IR_NAT_DEP_C,0,,2368
IR_NAT_DEP_C,20,,2368
IR_NAT_DEP_C,30,,2368
IR_NAT_DEP_C,0,,2369
IR_NAT_DEP_C,20,,2369
IR_NAT_DEP_C,30,,2369
IR_NAT_DEP_C,0,,2371
IR_NAT_DEP_C,20,,2371
IR_NAT_DEP_C,30,,2371
IR_NAT_DEP_C,0,,2372
IR_NAT_DEP_C,20,,2372
IR_NAT_DEP_C,30,,2372
IR_NAT_DEP_C,0,,2373
IR_NAT_DEP_C,20,,2373
IR_NAT_DEP_C,30,,2373
IR_NAT_DEP_C,0,,2380
IR_NAT_DEP_C,30,,2380
IR_NAT_DEP_C,0,,2381
IR_NAT_DEP_C,30,,2381
IR_NAT_DEP_C,0,,2382
IR_NAT_DEP_C,30,,2382
IR_NAT_DEP_C,0,,2383
IR_NAT_DEP_C,30,,2383
IR_NAT_DEP_C,0,,2384
IR_NAT_DEP_C,30,,2384
IR_NAT_DEP_C,0,,2385
IR_NAT_DEP_C,30,,2385
IR_NAT_DEP_C,0,,2386
IR_NAT_DEP_C,30,,2386
IR_NAT_DEP_C,0,,2387
IR_NAT_DEP_C,30,,2387
IR_NAT_DEP_C,0,,2388
IR_NAT_DEP_C,30,,2388
IR_NAT_DEP_C,0,,2389
IR_NAT_DEP_C,30,,2389
IR_NAT_DEP_C,0,,2391
IR_NAT_DEP_C,20,,2391
IR_NAT_DEP_C,30,,2391
IR_NAT_DEP_C,71,,2391
IR_NAT_DEP_C,0,,2392
IR_NAT_DEP_C,20,,2392
IR_NAT_DEP_C,30,,2392
IR_NAT_DEP_C,0,,2411
IR_NAT_DEP_C,20,,2411
IR_NAT_DEP_C,30,,2411
IR_NAT_DEP_C,40,,2411
IR_NAT_DEP_C,0,,2412
IR_NAT_DEP_C,20,,2412
IR_NAT_DEP_C,30,,2412
IR_NAT_DEP_C,40,,2412
IR_NAT_DEP_C,0,,2413
IR_NAT_DEP_C,20,,2413
IR_NAT_DEP_C,30,,2413
IR_NAT_DEP_C,40,,2413
IR_NAT_DEP_C,0,,2414
IR_NAT_DEP_C,12,,2414
IR_NAT_DEP_C,14,,2414
IR_NAT_DEP_C,20,,2414
IR_NAT_DEP_C,30,,2414
IR_NAT_DEP_C,40,,2414
IR_NAT_DEP_C,0,,2415
IR_NAT_DEP_C,20,,2415
IR_NAT_DEP_C,30,,2415
IR_NAT_DEP_C,40,,2415
IR_NAT_DEP_C,0,,2416
IR_NAT_DEP_C,20,,2416
IR_NAT_DEP_C,30,,2416
IR_NAT_DEP_C,40,,2416
IR_NAT_DEP_C,0,,2417
IR_NAT_DEP_C,20,,2417
IR_NAT_DEP_C,30,,2417
IR_NAT_DEP_C,40,,2417
IR_NAT_DEP_C,0,,2418
IR_NAT_DEP_C,14,,2418
IR_NAT_DEP_C,20,,2418
IR_NAT_DEP_C,30,,2418
IR_NAT_DEP_C,40,,2418
IR_NAT_DEP_C,0,,2419
IR_NAT_DEP_C,20,,2419
IR_NAT_DEP_C,30,,2419
IR_NAT_DEP_C,40,,2419
IR_NAT_DEP_C,0,,2420
IR_NAT_DEP_C,20,,2420
IR_NAT_DEP_C,30,,2420
IR_NAT_DEP_C,40,,2420
IR_NAT_DEP_C,0,,2421
IR_NAT_DEP_C,20,,2421
IR_NAT_DEP_C,30,,2421
IR_NAT_DEP_C,40,,2421
IR_NAT_DEP_C,0,,2422
IR_NAT_DEP_C,20,,2422
IR_NAT_DEP_C,30,,2422
IR_NAT_DEP_C,40,,2422
IR_NAT_DEP_C,0,,2423
IR_NAT_DEP_C,20,,2423
IR_NAT_DEP_C,30,,2423
IR_NAT_DEP_C,40,,2423
IR_NAT_DEP_C,0,,2424
IR_NAT_DEP_C,20,,2424
IR_NAT_DEP_C,30,,2424
IR_NAT_DEP_C,40,,2424
IR_NAT_DEP_C,0,,2425
IR_NAT_DEP_C,20,,2425
IR_NAT_DEP_C,30,,2425
IR_NAT_DEP_C,40,,2425
IR_NAT_DEP_C,0,,2426
IR_NAT_DEP_C,12,,2426
IR_NAT_DEP_C,14,,2426
IR_NAT_DEP_C,20,,2426
IR_NAT_DEP_C,30,,2426
IR_NAT_DEP_C,40,,2426
IR_NAT_DEP_C,0,,2428
IR_NAT_DEP_C,20,,2428
IR_NAT_DEP_C,30,,2428
IR_NAT_DEP_C,40,,2428
IR_NAT_DEP_C,0,,4111
IR_NAT_DEP_C,12,,4111
IR_NAT_DEP_C,14,,4111
IR_NAT_DEP_C,20,,4111
IR_NAT_DEP_C,30,,4111
IR_NAT_DEP_C,40,,4111
IR_NAT_DEP_C,61,,4111
IR_NAT_DEP_C,66,,4111
IR_NAT_DEP_C,71,,4111
IR_NAT_DEP_C,0,,4112
IR_NAT_DEP_C,12,,4112
IR_NAT_DEP_C,14,,4112
IR_NAT_DEP_C,20,,4112
IR_NAT_DEP_C,30,,4112
IR_NAT_DEP_C,40,,4112
IR_NAT_DEP_C,61,,4112
IR_NAT_DEP_C,66,,4112
IR_NAT_DEP_C,71,,4112
IR_NAT_DEP_C,0,,4113
IR_NAT_DEP_C,12,,4113
IR_NAT_DEP_C,14,,4113
IR_NAT_DEP_C,20,,4113
IR_NAT_DEP_C,30,,4113
IR_NAT_DEP_C,40,,4113
IR_NAT_DEP_C,61,,4113
IR_NAT_DEP_C,62,,4113
IR_NAT_DEP_C,65,,4113
IR_NAT_DEP_C,66,,4113
IR_NAT_DEP_C,71,,4113
IR_NAT_DEP_C,0,,4114
IR_NAT_DEP_C,12,,4114
IR_NAT_DEP_C,14,,4114
IR_NAT_DEP_C,20,,4114
IR_NAT_DEP_C,30,,4114
IR_NAT_DEP_C,40,,4114
IR_NAT_DEP_C,71,,4114
IR_NAT_DEP_C,0,,4131
IR_NAT_DEP_C,20,,4131
IR_NAT_DEP_C,30,,4131
IR_NAT_DEP_C,40,,4131
IR_NAT_DEP_C,0,,4132
IR_NAT_DEP_C,20,,4132
IR_NAT_DEP_C,30,,4132
IR_NAT_DEP_C,40,,4132
IR_NAT_DEP_C,71,,4132
IR_NAT_DEP_C,0,,4141
IR_NAT_DEP_C,20,,4141
IR_NAT_DEP_C,30,,4141
IR_NAT_DEP_C,40,,4141
IR_NAT_DEP_C,0,,4142
IR_NAT_DEP_C,20,,4142
IR_NAT_DEP_C,30,,4142
IR_NAT_DEP_C,40,,4142
IR_NAT_DEP_C,0,,4143
IR_NAT_DEP_C,20,,4143
IR_NAT_DEP_C,30,,4143
IR_NAT_DEP_C,40,,4143
IR_NAT_DEP_C,0,,4144
IR_NAT_DEP_C,20,,4144
IR_NAT_DEP_C,30,,4144
IR_NAT_DEP_C,40,,4144
IR_NAT_DEP_C,0,,4145
IR_NAT_DEP_C,20,,4145
IR_NAT_DEP_C,30,,4145
IR_NAT_DEP_C,0,,4151
IR_NAT_DEP_C,20,,4151
IR_NAT_DEP_C,30,,4151
IR_NAT_DEP_C,40,,4151
IR_NAT_DEP_C,0,,4152
IR_NAT_DEP_C,20,,4152
IR_NAT_DEP_C,30,,4152
IR_NAT_DEP_C,40,,4152
IR_NAT_DEP_C,0,,4153
IR_NAT_DEP_C,20,,4153
IR_NAT_DEP_C,30,,4153
IR_NAT_DEP_C,40,,4153
IR_NAT_DEP_C,0,,4154
IR_NAT_DEP_C,20,,4154
IR_NAT_DEP_C,30,,4154
IR_NAT_DEP_C,40,,4154
IR_NAT_DEP_C,0,,4155
IR_NAT_DEP_C,20,,4155
IR_NAT_DEP_C,30,,4155
IR_NAT_DEP_C,35,,4155
IR_NAT_DEP_C,40,,4155
IR_NAT_DEP_C,0,,4156
IR_NAT_DEP_C,20,,4156
IR_NAT_DEP_C,30,,4156
IR_NAT_DEP_C,35,,4156
IR_NAT_DEP_C,40,,4156
IR_NAT_DEP_C,0,,4157
IR_NAT_DEP_C,20,,4157
IR_NAT_DEP_C,30,,4157
IR_NAT_DEP_C,35,,4157
IR_NAT_DEP_C,40,,4157
IR_NAT_DEP_C,0,,4158
IR_NAT_DEP_C,20,,4158
IR_NAT_DEP_C,30,,4158
IR_NAT_DEP_C,35,,4158
IR_NAT_DEP_C,40,,4158
IR_NAT_DEP_C,0,,4204
IR_NAT_DEP_C,20,,4204
IR_NAT_DEP_C,30,,4204
IR_NAT_DEP_C,35,,4204
IR_NAT_DEP_C,40,,4204
IR_NAT_DEP_C,0,,4205
IR_NAT_DEP_C,20,,4205
IR_NAT_DEP_C,30,,4205
IR_NAT_DEP_C,35,,4205
IR_NAT_DEP_C,40,,4205
IR_NAT_DEP_C,0,,4206
IR_NAT_DEP_C,20,,4206
IR_NAT_DEP_C,30,,4206
IR_NAT_DEP_C,0,,4207
IR_NAT_DEP_C,20,,4207
IR_NAT_DEP_C,30,,4207
IR_NAT_DEP_C,40,,4207
IR_NAT_DEP_C,0,,4208
IR_NAT_DEP_C,20,,4208
IR_NAT_DEP_C,30,,4208
IR_NAT_DEP_C,40,,4208
IR_NAT_DEP_C,0,,4210
IR_NAT_DEP_C,20,,4210
IR_NAT_DEP_C,30,,4210
IR_NAT_DEP_C,0,,4211
IR_NAT_DEP_C,20,,4211
IR_NAT_DEP_C,30,,4211
IR_NAT_DEP_C,40,,4211
IR_NAT_DEP_C,71,,4211
IR_NAT_DEP_C,0,,4212
IR_NAT_DEP_C,20,,4212
IR_NAT_DEP_C,30,,4212
IR_NAT_DEP_C,40,,4212
IR_NAT_DEP_C,0,,4213
IR_NAT_DEP_C,20,,4213
IR_NAT_DEP_C,30,,4213
IR_NAT_DEP_C,40,,4213
IR_NAT_DEP_C,0,,4214
IR_NAT_DEP_C,20,,4214
IR_NAT_DEP_C,30,,4214
IR_NAT_DEP_C,40,,4214
IR_NAT_DEP_C,0,,4215
IR_NAT_DEP_C,30,,4215
IR_NAT_DEP_C,40,,4215
IR_NAT_DEP_C,0,,4216
IR_NAT_DEP_C,20,,4216
IR_NAT_DEP_C,30,,4216
IR_NAT_DEP_C,40,,4216
IR_NAT_DEP_C,0,,4217
IR_NAT_DEP_C,20,,4217
IR_NAT_DEP_C,30,,4217
IR_NAT_DEP_C,0,,4218
IR_NAT_DEP_C,20,,4218
IR_NAT_DEP_C,30,,4218
IR_NAT_DEP_C,0,,4219
IR_NAT_DEP_C,20,,4219
IR_NAT_DEP_C,30,,4219
IR_NAT_DEP_C,40,,4219
IR_NAT_DEP_C,0,,4220
IR_NAT_DEP_C,20,,4220
IR_NAT_DEP_C,30,,4220
IR_NAT_DEP_C,0,,4221
IR_NAT_DEP_C,20,,4221
IR_NAT_DEP_C,30,,4221
IR_NAT_DEP_C,40,,4221
IR_NAT_DEP_C,0,,4225
IR_NAT_DEP_C,20,,4225
IR_NAT_DEP_C,30,,4225
IR_NAT_DEP_C,40,,4225
IR_NAT_DEP_C,0,,4226
IR_NAT_DEP_C,20,,4226
IR_NAT_DEP_C,30,,4226
IR_NAT_DEP_C,40,,4226
IR_NAT_DEP_C,0,,4229
IR_NAT_DEP_C,20,,4229
IR_NAT_DEP_C,30,,4229
IR_NAT_DEP_C,0,,4315
IR_NAT_DEP_C,20,,4315
IR_NAT_DEP_C,0,,4316
IR_NAT_DEP_C,20,,4316
IR_NAT_DEP_C,71,,4316
IR_NAT_DEP_C,0,,4325
IR_NAT_DEP_C,20,,4325
IR_NAT_DEP_C,0,,4341
IR_NAT_DEP_C,11,,4341
IR_NAT_DEP_C,12,,4341
IR_NAT_DEP_C,13,,4341
IR_NAT_DEP_C,14,,4341
IR_NAT_DEP_C,15,,4341
IR_NAT_DEP_C,20,,4341
IR_NAT_DEP_C,30,,4341
IR_NAT_DEP_C,40,,4341
IR_NAT_DEP_C,0,,4343
IR_NAT_DEP_C,20,,4343
IR_NAT_DEP_C,40,,4343
IR_NAT_DEP_C,0,,4381
IR_NAT_DEP_C,30,,4381
IR_NAT_DEP_C,71,,4381
IR_NAT_DEP_C,0,,4382
IR_NAT_DEP_C,30,,4382
IR_NAT_DEP_C,71,,4382
IR_NAT_DEP_C,0,,4511
IR_NAT_DEP_C,20,,4511
IR_NAT_DEP_C,0,,4611
IR_NAT_DEP_C,71,,4611
IR_NAT_DEP_C,0,,5108
IR_NAT_DEP_C,30,,5108
IR_NAT_DEP_C,0,,5109
IR_NAT_DEP_C,30,,5109
IR_NAT_DEP_C,0,,5110
IR_NAT_DEP_C,30,,5110
IR_NAT_DEP_C,0,,5111
IR_NAT_DEP_C,30,,5111
IR_NAT_DEP_C,0,,5112
IR_NAT_DEP_C,30,,5112
IR_NAT_DEP_C,0,,5113
IR_NAT_DEP_C,30,,5113
IR_NAT_DEP_C,0,,5114
IR_NAT_DEP_C,30,,5114
IR_NAT_DEP_C,0,,5115
IR_NAT_DEP_C,30,,5115
IR_NAT_DEP_C,0,,5116
IR_NAT_DEP_C,30,,5116
IR_NAT_DEP_C,0,,5117
IR_NAT_DEP_C,30,,5117
IR_NAT_DEP_C,0,,5118
IR_NAT_DEP_C,30,,5118
IR_NAT_DEP_C,0,,5119
IR_NAT_DEP_C,30,,5119
IR_NAT_DEP_C,0,,5120
IR_NAT_DEP_C,30,,5120
IR_NAT_DEP_C,0,,5201
IR_NAT_DEP_C,30,,5201
IR_NAT_DEP_C,71,,5201
IR_NAT_DEP_C,0,,5202
IR_NAT_DEP_C,30,,5202
IR_NAT_DEP_C,71,,5202
IR_NAT_DEP_C,0,,5203
IR_NAT_DEP_C,30,,5203
IR_NAT_DEP_C,71,,5203
IR_NAT_DEP_C,0,,5204
IR_NAT_DEP_C,30,,5204
IR_NAT_DEP_C,71,,5204
IR_NAT_DEP_C,0,,5205
IR_NAT_DEP_C,30,,5205
IR_NAT_DEP_C,71,,5205
IR_NAT_DEP_C,0,,5206
IR_NAT_DEP_C,30,,5206
IR_NAT_DEP_C,71,,5206
IR_NAT_DEP_C,0,,5400
IR_NAT_DEP_C,20,,5400
IR_NAT_DEP_C,30,,5400
IR_NAT_DEP_C,35,,5400
IR_NAT_DEP_C,40,,5400
IR_NAT_DEP_C,50,,5400
IR_NAT_DEP_C,0,,5401
IR_NAT_DEP_C,30,,5401
IR_NAT_DEP_C,0,,6115
IR_NAT_DEP_C,12,,6115
IR_NAT_DEP_C,13,,6115
IR_NAT_DEP_C,14,,6115
IR_NAT_DEP_C,15,,6115
IR_NAT_DEP_C,20,,6115
IR_NAT_DEP_C,40,,6115
IR_NAT_DEP_C,0,,6221
IR_NAT_DEP_C,20,,6221
IR_NAT_DEP_C,0,,6222
IR_NAT_DEP_C,20,,6222
IR_NAT_DEP_C,0,,6233
IR_NAT_DEP_C,20,,6233
IR_NAT_DEP_C,40,,6233
IR_NAT_DEP_C,0,,8111
IR_NAT_DEP_C,20,,8111
IR_NAT_DEP_C,0,,9123
IR_NAT_DEP_C,20,,9123
IR_NAT_DEP_C,40,,9123
IR_NAT_DEP_C,0,,9162
IR_NAT_DEP_C,20,,9162
IR_NAT_DEP_C,0,,9201
IR_NAT_DEP_C,30,,9201
IR_NAT_DEP_C,0,,9202
IR_NAT_DEP_C,30,,9202
IR_NAT_DEP_C,0,,9203
IR_NAT_DEP_C,30,,9203
IR_NAT_DEP_C,0,,9221
IR_NAT_DEP_C,20,,9221
IR_NAT_DEP_C,0,,9311
IR_NAT_DEP_C,20,,9311
IR_NAT_DEP_C,0,,9421
IR_NAT_DEP_C,20,,9421
IR_NAT_DEP_C,71,,9421
IR_NAT_DEP_C,0,,9422
IR_NAT_DEP_C,20,,9422
IR_NAT_DEP_C,71,,9422
IR_NAT_DEP_C,0,,9423
IR_NAT_DEP_C,20,,9423
IR_NAT_DEP_C,71,,9423
IR_NAT_DEP_C,0,,9429
IR_NAT_DEP_C,20,,9429
IR_NAT_DEP_C,0,,9430
IR_NAT_DEP_C,12,,9430
IR_NAT_DEP_C,14,,9430
IR_NAT_DEP_C,20,,9430
IR_NAT_DEP_C,30,,9430
IR_NAT_DEP_C,0,,9431
IR_NAT_DEP_C,20,,9431
IR_NAT_DEP_C,30,,9431
IR_NAT_DEP_C,71,,9431
IR_NAT_DEP_C,0,,9432
IR_NAT_DEP_C,12,,9432
IR_NAT_DEP_C,14,,9432
IR_NAT_DEP_C,20,,9432
IR_NAT_DEP_C,30,,9432
IR_NAT_DEP_C,0,,9433
IR_NAT_DEP_C,11,,9433
IR_NAT_DEP_C,12,,9433
IR_NAT_DEP_C,14,,9433
IR_NAT_DEP_C,20,,9433
IR_NAT_DEP_C,30,,9433
IR_NAT_DEP_C,40,,9433
IR_NAT_DEP_C,61,,9433
IR_NAT_DEP_C,62,,9433
IR_NAT_DEP_C,65,,9433
IR_NAT_DEP_C,66,,9433
IR_NAT_DEP_C,0,,9434
IR_NAT_DEP_C,20,,9434
IR_NAT_DEP_C,30,,9434
IR_NAT_DEP_C,0,,9566
IR_NAT_DEP_C,30,,9566
IR_NAT_DEP_C,63,,9566
IR_NAT_DEP_C,71,,9566
IR_NAT_DEP_C,0,,9569
IR_NAT_DEP_C,20,,9569
IR_NAT_DEP_C,30,,9569
IR_NAT_DEP_C,0,,9570
IR_NAT_DEP_C,12,,9570
IR_NAT_DEP_C,20,,9570
IR_NAT_DEP_C,30,,9570
IR_NAT_DEP_C,40,,9570
IR_NAT_DEP_C,66,,9570
IR_NAT_DEP_C,71,,9570
IR_NAT_DEP_C,0,,1095
IR_NAT_DEP_C,20,,1095
IR_NAT_DEP_C,30,,1095
IR_NAT_DEP_C,35,,1095
IR_NAT_DEP_C,40,,1095
IR_NAT_DEP_C,0,,1096
IR_NAT_DEP_C,12,,1096
IR_NAT_DEP_C,20,,1096
IR_NAT_DEP_C,30,,1096
IR_NAT_DEP_C,35,,1096
IR_NAT_DEP_C,61,,1096
IR_NAT_DEP_C,71,,1096
IR_NAT_DEP_C,0,,1097
IR_NAT_DEP_C,12,,1097
IR_NAT_DEP_C,20,,1097
IR_NAT_DEP_C,30,,1097
IR_NAT_DEP_C,35,,1097
IR_NAT_DEP_C,61,,1097
IR_NAT_DEP_C,71,,1097
IR_NAT_DEP_C,0,,1098
IR_NAT_DEP_C,12,,1098
IR_NAT_DEP_C,20,,1098
IR_NAT_DEP_C,30,,1098
IR_NAT_DEP_C,35,,1098
IR_NAT_DEP_C,61,,1098
IR_NAT_DEP_C,0,,1099
IR_NAT_DEP_C,12,,1099
IR_NAT_DEP_C,20,,1099
IR_NAT_DEP_C,30,,1099
IR_NAT_DEP_C,35,,1099
IR_NAT_DEP_C,61,,1099
IR_NAT_DEP_C,0,,1100
IR_NAT_DEP_C,20,,1100
IR_NAT_DEP_C,30,,1100
IR_NAT_DEP_C,35,,1100
IR_NAT_DEP_C,71,,1100
IR_NAT_DEP_C,0,,1101
IR_NAT_DEP_C,12,,1101
IR_NAT_DEP_C,14,,1101
IR_NAT_DEP_C,20,,1101
IR_NAT_DEP_C,30,,1101
IR_NAT_DEP_C,40,,1101
IR_NAT_DEP_C,61,,1101
IR_NAT_DEP_C,66,,1101
IR_NAT_DEP_C,71,,1101
IR_NAT_DEP_C,0,,1102
IR_NAT_DEP_C,12,,1102
IR_NAT_DEP_C,14,,1102
IR_NAT_DEP_C,20,,1102
IR_NAT_DEP_C,30,,1102
IR_NAT_DEP_C,40,,1102
IR_NAT_DEP_C,61,,1102
IR_NAT_DEP_C,66,,1102
IR_NAT_DEP_C,71,,1102
IR_NAT_DEP_C,0,,1103
IR_NAT_DEP_C,12,,1103
IR_NAT_DEP_C,14,,1103
IR_NAT_DEP_C,20,,1103
IR_NAT_DEP_C,30,,1103
IR_NAT_DEP_C,40,,1103
IR_NAT_DEP_C,61,,1103
IR_NAT_DEP_C,66,,1103
IR_NAT_DEP_C,71,,1103
IR_NAT_DEP_C,0,,1104
IR_NAT_DEP_C,12,,1104
IR_NAT_DEP_C,20,,1104
IR_NAT_DEP_C,30,,1104
IR_NAT_DEP_C,61,,1104
IR_NAT_DEP_C,62,,1104
IR_NAT_DEP_C,66,,1104
IR_NAT_DEP_C,71,,1104
IR_NAT_DEP_C,0,,1105
IR_NAT_DEP_C,12,,1105
IR_NAT_DEP_C,20,,1105
IR_NAT_DEP_C,30,,1105
IR_NAT_DEP_C,35,,1105
IR_NAT_DEP_C,61,,1105
IR_NAT_DEP_C,71,,1105
IR_NAT_DEP_C,0,,1106
IR_NAT_DEP_C,20,,1106
IR_NAT_DEP_C,30,,1106
IR_NAT_DEP_C,35,,1106
IR_NAT_DEP_C,0,,1107
IR_NAT_DEP_C,12,,1107
IR_NAT_DEP_C,20,,1107
IR_NAT_DEP_C,30,,1107
IR_NAT_DEP_C,35,,1107
IR_NAT_DEP_C,61,,1107
IR_NAT_DEP_C,62,,1107
IR_NAT_DEP_C,66,,1107
IR_NAT_DEP_C,71,,1107
IR_NAT_DEP_C,0,,1108
IR_NAT_DEP_C,20,,1108
IR_NAT_DEP_C,30,,1108
IR_NAT_DEP_C,35,,1108
IR_NAT_DEP_C,0,,1109
IR_NAT_DEP_C,12,,1109
IR_NAT_DEP_C,20,,1109
IR_NAT_DEP_C,30,,1109
IR_NAT_DEP_C,35,,1109
IR_NAT_DEP_C,61,,1109
IR_NAT_DEP_C,66,,1109
IR_NAT_DEP_C,71,,1109
IR_NAT_DEP_C,0,,1110
IR_NAT_DEP_C,12,,1110
IR_NAT_DEP_C,20,,1110
IR_NAT_DEP_C,30,,1110
IR_NAT_DEP_C,35,,1110
IR_NAT_DEP_C,61,,1110
IR_NAT_DEP_C,66,,1110
IR_NAT_DEP_C,71,,1110
IR_NAT_DEP_C,0,,1111
IR_NAT_DEP_C,12,,1111
IR_NAT_DEP_C,14,,1111
IR_NAT_DEP_C,20,,1111
IR_NAT_DEP_C,30,,1111
IR_NAT_DEP_C,40,,1111
IR_NAT_DEP_C,61,,1111
IR_NAT_DEP_C,66,,1111
IR_NAT_DEP_C,71,,1111
IR_NAT_DEP_C,0,,1112
IR_NAT_DEP_C,12,,1112
IR_NAT_DEP_C,14,,1112
IR_NAT_DEP_C,20,,1112
IR_NAT_DEP_C,30,,1112
IR_NAT_DEP_C,40,,1112
IR_NAT_DEP_C,61,,1112
IR_NAT_DEP_C,66,,1112
IR_NAT_DEP_C,71,,1112
IR_NAT_DEP_C,0,,1113
IR_NAT_DEP_C,12,,1113
IR_NAT_DEP_C,14,,1113
IR_NAT_DEP_C,20,,1113
IR_NAT_DEP_C,30,,1113
IR_NAT_DEP_C,40,,1113
IR_NAT_DEP_C,61,,1113
IR_NAT_DEP_C,66,,1113
IR_NAT_DEP_C,71,,1113
IR_NAT_DEP_C,0,,1114
IR_NAT_DEP_C,12,,1114
IR_NAT_DEP_C,14,,1114
IR_NAT_DEP_C,20,,1114
IR_NAT_DEP_C,30,,1114
IR_NAT_DEP_C,40,,1114
IR_NAT_DEP_C,61,,1114
IR_NAT_DEP_C,66,,1114
IR_NAT_DEP_C,71,,1114
IR_NAT_DEP_C,0,,1115
IR_NAT_DEP_C,12,,1115
IR_NAT_DEP_C,14,,1115
IR_NAT_DEP_C,20,,1115
IR_NAT_DEP_C,30,,1115
IR_NAT_DEP_C,40,,1115
IR_NAT_DEP_C,66,,1115
IR_NAT_DEP_C,71,,1115
IR_NAT_DEP_C,0,,1116
IR_NAT_DEP_C,20,,1116
IR_NAT_DEP_C,30,,1116
IR_NAT_DEP_C,63,,1116
IR_NAT_DEP_C,71,,1116
IR_NAT_DEP_C,0,,1117
IR_NAT_DEP_C,12,,1117
IR_NAT_DEP_C,14,,1117
IR_NAT_DEP_C,20,,1117
IR_NAT_DEP_C,30,,1117
IR_NAT_DEP_C,40,,1117
IR_NAT_DEP_C,61,,1117
IR_NAT_DEP_C,66,,1117
IR_NAT_DEP_C,71,,1117
IR_NAT_DEP_C,0,,1118
IR_NAT_DEP_C,12,,1118
IR_NAT_DEP_C,14,,1118
IR_NAT_DEP_C,20,,1118
IR_NAT_DEP_C,30,,1118
IR_NAT_DEP_C,40,,1118
IR_NAT_DEP_C,61,,1118
IR_NAT_DEP_C,66,,1118
IR_NAT_DEP_C,71,,1118
IR_NAT_DEP_C,0,,1119
IR_NAT_DEP_C,20,,1119
IR_NAT_DEP_C,30,,1119
IR_NAT_DEP_C,40,,1119
IR_NAT_DEP_C,71,,1119
IR_NAT_DEP_C,0,,1120
IR_NAT_DEP_C,30,,1120
IR_NAT_DEP_C,0,,1121
IR_NAT_DEP_C,12,,1121
IR_NAT_DEP_C,14,,1121
IR_NAT_DEP_C,20,,1121
IR_NAT_DEP_C,30,,1121
IR_NAT_DEP_C,40,,1121
IR_NAT_DEP_C,71,,1121
IR_NAT_DEP_C,0,,1122
IR_NAT_DEP_C,20,,1122
IR_NAT_DEP_C,71,,1122
IR_NAT_DEP_C,0,,1123
IR_NAT_DEP_C,20,,1123
IR_NAT_DEP_C,30,,1123
IR_NAT_DEP_C,71,,1123
IR_NAT_DEP_C,0,,1125
IR_NAT_DEP_C,20,,1125
IR_NAT_DEP_C,30,,1125
IR_NAT_DEP_C,63,,1125
IR_NAT_DEP_C,71,,1125
IR_NAT_DEP_C,0,,1126
IR_NAT_DEP_C,20,,1126
IR_NAT_DEP_C,30,,1126
IR_NAT_DEP_C,63,,1126
IR_NAT_DEP_C,71,,1126
IR_NAT_DEP_C,0,,1127
IR_NAT_DEP_C,20,,1127
IR_NAT_DEP_C,30,,1127
IR_NAT_DEP_C,63,,1127
IR_NAT_DEP_C,71,,1127
IR_NAT_DEP_C,0,,1129
IR_NAT_DEP_C,20,,1129
IR_NAT_DEP_C,30,,1129
IR_NAT_DEP_C,63,,1129
IR_NAT_DEP_C,71,,1129
IR_NAT_DEP_C,0,,1131
IR_NAT_DEP_C,20,,1131
IR_NAT_DEP_C,30,,1131
IR_NAT_DEP_C,40,,1131
IR_NAT_DEP_C,71,,1131
IR_NAT_DEP_C,0,,1132
IR_NAT_DEP_C,20,,1132
IR_NAT_DEP_C,30,,1132
IR_NAT_DEP_C,40,,1132
IR_NAT_DEP_C,71,,1132
IR_NAT_DEP_C,0,,1133
IR_NAT_DEP_C,20,,1133
IR_NAT_DEP_C,30,,1133
IR_NAT_DEP_C,40,,1133
IR_NAT_DEP_C,66,,1133
IR_NAT_DEP_C,71,,1133
IR_NAT_DEP_C,0,,1134
IR_NAT_DEP_C,20,,1134
IR_NAT_DEP_C,30,,1134
IR_NAT_DEP_C,71,,1134
IR_NAT_DEP_C,0,,1135
IR_NAT_DEP_C,20,,1135
IR_NAT_DEP_C,30,,1135
IR_NAT_DEP_C,71,,1135
IR_NAT_DEP_C,0,,1843
IR_NAT_DEP_C,20,,1843
IR_NAT_DEP_C,30,,1843
IR_NAT_DEP_C,40,,1843
IR_NAT_DEP_C,0,,1844
IR_NAT_DEP_C,20,,1844
IR_NAT_DEP_C,30,,1844
IR_NAT_DEP_C,40,,1844
IR_NAT_DEP_C,0,,1845
IR_NAT_DEP_C,20,,1845
IR_NAT_DEP_C,30,,1845
IR_NAT_DEP_C,40,,1845
IR_NAT_DEP_C,0,,1846
IR_NAT_DEP_C,20,,1846
IR_NAT_DEP_C,30,,1846
IR_NAT_DEP_C,40,,1846
IR_NAT_DEP_C,0,,1847
IR_NAT_DEP_C,20,,1847
IR_NAT_DEP_C,30,,1847
IR_NAT_DEP_C,40,,1847
IR_NAT_DEP_C,0,,1903
IR_NAT_DEP_C,20,,1903
IR_NAT_DEP_C,30,,1903
IR_NAT_DEP_C,35,,1903
IR_NAT_DEP_C,71,,1903
IR_NAT_DEP_C,0,,1904
IR_NAT_DEP_C,20,,1904
IR_NAT_DEP_C,30,,1904
IR_NAT_DEP_C,35,,1904
IR_NAT_DEP_C,0,,1905
IR_NAT_DEP_C,20,,1905
IR_NAT_DEP_C,30,,1905
IR_NAT_DEP_C,35,,1905
IR_NAT_DEP_C,0,,1906
IR_NAT_DEP_C,20,,1906
IR_NAT_DEP_C,30,,1906
IR_NAT_DEP_C,35,,1906
IR_NAT_DEP_C,0,,1908
IR_NAT_DEP_C,12,,1908
IR_NAT_DEP_C,13,,1908
IR_NAT_DEP_C,20,,1908
IR_NAT_DEP_C,30,,1908
IR_NAT_DEP_C,40,,1908
IR_NAT_DEP_C,66,,1908
IR_NAT_DEP_C,0,,1909
IR_NAT_DEP_C,12,,1909
IR_NAT_DEP_C,13,,1909
IR_NAT_DEP_C,20,,1909
IR_NAT_DEP_C,30,,1909
IR_NAT_DEP_C,40,,1909
IR_NAT_DEP_C,66,,1909
IR_NAT_DEP_C,0,,1910
IR_NAT_DEP_C,30,,1910
IR_NAT_DEP_C,0,,1911
IR_NAT_DEP_C,12,,1911
IR_NAT_DEP_C,13,,1911
IR_NAT_DEP_C,20,,1911
IR_NAT_DEP_C,30,,1911
IR_NAT_DEP_C,40,,1911
IR_NAT_DEP_C,66,,1911
IR_NAT_DEP_C,71,,1911
IR_NAT_DEP_C,0,,1912
IR_NAT_DEP_C,12,,1912
IR_NAT_DEP_C,13,,1912
IR_NAT_DEP_C,14,,1912
IR_NAT_DEP_C,20,,1912
IR_NAT_DEP_C,30,,1912
IR_NAT_DEP_C,40,,1912
IR_NAT_DEP_C,0,,1913
IR_NAT_DEP_C,30,,1913
IR_NAT_DEP_C,71,,1913
IR_NAT_DEP_C,0,,1914
IR_NAT_DEP_C,30,,1914
IR_NAT_DEP_C,71,,1914
IR_NAT_DEP_C,0,,1918
IR_NAT_DEP_C,20,,1918
IR_NAT_DEP_C,30,,1918
IR_NAT_DEP_C,40,,1918
IR_NAT_DEP_C,0,,1921
IR_NAT_DEP_C,20,,1921
IR_NAT_DEP_C,0,,1922
IR_NAT_DEP_C,12,,1922
IR_NAT_DEP_C,20,,1922
IR_NAT_DEP_C,30,,1922
IR_NAT_DEP_C,71,,1922
IR_NAT_DEP_C,0,,1923
IR_NAT_DEP_C,12,,1923
IR_NAT_DEP_C,20,,1923
IR_NAT_DEP_C,30,,1923
IR_NAT_DEP_C,71,,1923
IR_NAT_DEP_C,0,,1926
IR_NAT_DEP_C,12,,1926
IR_NAT_DEP_C,14,,1926
IR_NAT_DEP_C,20,,1926
IR_NAT_DEP_C,30,,1926
IR_NAT_DEP_C,0,,1931
IR_NAT_DEP_C,30,,1931
IR_NAT_DEP_C,63,,1931
IR_NAT_DEP_C,71,,1931
IR_NAT_DEP_C,0,,1932
IR_NAT_DEP_C,30,,1932
IR_NAT_DEP_C,71,,1932
IR_NAT_DEP_C,0,,1933
IR_NAT_DEP_C,20,,1933
IR_NAT_DEP_C,30,,1933
IR_NAT_DEP_C,0,,1934
IR_NAT_DEP_C,20,,1934
IR_NAT_DEP_C,30,,1934
IR_NAT_DEP_C,0,,1935
IR_NAT_DEP_C,20,,1935
IR_NAT_DEP_C,30,,1935
IR_NAT_DEP_C,0,,1936
IR_NAT_DEP_C,20,,1936
IR_NAT_DEP_C,30,,1936
IR_NAT_DEP_C,0,,1937
IR_NAT_DEP_C,20,,1937
IR_NAT_DEP_C,30,,1937
IR_NAT_DEP_C,0,,1938
IR_NAT_DEP_C,20,,1938
IR_NAT_DEP_C,30,,1938
IR_NAT_DEP_C,0,,1939
IR_NAT_DEP_C,20,,1939
IR_NAT_DEP_C,30,,1939
IR_NAT_DEP_C,35,,1939
IR_NAT_DEP_C,66,,1939
IR_NAT_DEP_C,0,,1940
IR_NAT_DEP_C,20,,1940
IR_NAT_DEP_C,30,,1940
IR_NAT_DEP_C,35,,1940
IR_NAT_DEP_C,66,,1940
IR_NAT_DEP_C,0,,1941
IR_NAT_DEP_C,20,,1941
IR_NAT_DEP_C,30,,1941
IR_NAT_DEP_C,0,,1942
IR_NAT_DEP_C,20,,1942
IR_NAT_DEP_C,30,,1942
IR_NAT_DEP_C,0,,1943
IR_NAT_DEP_C,20,,1943
IR_NAT_DEP_C,30,,1943
IR_NAT_DEP_C,35,,1943
IR_NAT_DEP_C,71,,1943
IR_NAT_DEP_C,0,,1944
IR_NAT_DEP_C,20,,1944
IR_NAT_DEP_C,30,,1944
IR_NAT_DEP_C,35,,1944
IR_NAT_DEP_C,0,,1945
IR_NAT_DEP_C,20,,1945
IR_NAT_DEP_C,30,,1945
IR_NAT_DEP_C,35,,1945
IR_NAT_DEP_C,0,,1981
IR_NAT_DEP_C,20,,1981
IR_NAT_DEP_C,30,,1981
IR_NAT_DEP_C,40,,1981
IR_NAT_DEP_C,71,,1981
IR_NAT_DEP_C,0,,1990
IR_NAT_DEP_C,20,,1990
IR_NAT_DEP_C,30,,1990
IR_NAT_DEP_C,0,,1991
IR_NAT_DEP_C,30,,1991
IR_NAT_DEP_C,0,,1992
IR_NAT_DEP_C,30,,1992
IR_NAT_DEP_C,0,,1993
IR_NAT_DEP_C,30,,1993
IR_NAT_DEP_C,0,,1994
IR_NAT_DEP_C,30,,1994
IR_NAT_DEP_C,0,,1995
IR_NAT_DEP_C,30,,1995
IR_NAT_DEP_C,0,,1996
IR_NAT_DEP_C,30,,1996
IR_NAT_DEP_C,0,,1997
IR_NAT_DEP_C,30,,1997
IR_NAT_DEP_C,0,,1998
IR_NAT_DEP_C,30,,1998
IR_NAT_DEP_C,0,,1999
IR_NAT_DEP_C,30,,1999
IR_NAT_DEP_C,0,,2106
IR_NAT_DEP_C,30,,2106
IR_NAT_DEP_C,35,,2106
IR_NAT_DEP_C,40,,2106
IR_NAT_DEP_C,0,,2107
IR_NAT_DEP_C,30,,2107
IR_NAT_DEP_C,35,,2107
IR_NAT_DEP_C,40,,2107
IR_NAT_DEP_C,0,,2108
IR_NAT_DEP_C,30,,2108
IR_NAT_DEP_C,35,,2108
IR_NAT_DEP_C,40,,2108
IR_NAT_DEP_C,0,,2109
IR_NAT_DEP_C,30,,2109
IR_NAT_DEP_C,35,,2109
IR_NAT_DEP_C,40,,2109
IR_NAT_DEP_C,0,,2111
IR_NAT_DEP_C,30,,2111
IR_NAT_DEP_C,40,,2111
IR_NAT_DEP_C,0,,2112
IR_NAT_DEP_C,30,,2112
IR_NAT_DEP_C,0,,2113
IR_NAT_DEP_C,30,,2113
IR_NAT_DEP_C,40,,2113
IR_NAT_DEP_C,0,,2114
IR_NAT_DEP_C,30,,2114
IR_NAT_DEP_C,40,,2114
IR_NAT_DEP_C,0,,2115
IR_NAT_DEP_C,30,,2115
IR_NAT_DEP_C,40,,2115
IR_NAT_DEP_C,0,,2116
IR_NAT_DEP_C,30,,2116
IR_NAT_DEP_C,40,,2116
IR_NAT_DEP_C,0,,2117
IR_NAT_DEP_C,30,,2117
IR_NAT_DEP_C,40,,2117
IR_NAT_DEP_C,0,,2118
IR_NAT_DEP_C,30,,2118
IR_NAT_DEP_C,40,,2118
IR_NAT_DEP_C,0,,2119
IR_NAT_DEP_C,30,,2119
IR_NAT_DEP_C,35,,2119
IR_NAT_DEP_C,40,,2119
IR_NAT_DEP_C,0,,2129
IR_NAT_DEP_C,30,,2129
IR_NAT_DEP_C,40,,2129
IR_NAT_DEP_C,0,,2131
IR_NAT_DEP_C,30,,2131
IR_NAT_DEP_C,40,,2131
IR_NAT_DEP_C,0,,2132
IR_NAT_DEP_C,30,,2132
IR_NAT_DEP_C,40,,2132
IR_NAT_DEP_C,0,,2133
IR_NAT_DEP_C,30,,2133
IR_NAT_DEP_C,40,,2133
IR_NAT_DEP_C,0,,2134
IR_NAT_DEP_C,30,,2134
IR_NAT_DEP_C,40,,2134
IR_NAT_DEP_C,0,,2135
IR_NAT_DEP_C,30,,2135
IR_NAT_DEP_C,40,,2135
IR_NAT_DEP_C,0,,2136
IR_NAT_DEP_C,30,,2136
IR_NAT_DEP_C,40,,2136
IR_NAT_DEP_C,0,,2137
IR_NAT_DEP_C,30,,2137
IR_NAT_DEP_C,40,,2137
IR_NAT_DEP_C,0,,2138
IR_NAT_DEP_C,30,,2138
IR_NAT_DEP_C,40,,2138
IR_NAT_DEP_C,0,,2139
IR_NAT_DEP_C,30,,2139
IR_NAT_DEP_C,40,,2139
IR_NAT_DEP_C,0,,2140
IR_NAT_DEP_C,30,,2140
IR_NAT_DEP_C,40,,2140
IR_NAT_DEP_C,0,,2141
IR_NAT_DEP_C,30,,2141
IR_NAT_DEP_C,40,,2141
IR_NAT_DEP_C,0,,2142
IR_NAT_DEP_C,30,,2142
IR_NAT_DEP_C,40,,2142
IR_NAT_DEP_C,0,,2143
IR_NAT_DEP_C,30,,2143
IR_NAT_DEP_C,40,,2143
IR_NAT_DEP_C,0,,2144
IR_NAT_DEP_C,30,,2144
IR_NAT_DEP_C,40,,2144
IR_NAT_DEP_C,0,,2145
IR_NAT_DEP_C,30,,2145
IR_NAT_DEP_C,40,,2145
IR_NAT_DEP_C,0,,2146
IR_NAT_DEP_C,30,,2146
IR_NAT_DEP_C,40,,2146
IR_NAT_DEP_C,0,,2147
IR_NAT_DEP_C,30,,2147
IR_NAT_DEP_C,40,,2147
IR_NAT_DEP_C,0,,2150
IR_NAT_DEP_C,20,,2150
IR_NAT_DEP_C,30,,2150
IR_NAT_DEP_C,71,,2150
IR_NAT_DEP_C,0,,2151
IR_NAT_DEP_C,30,,2151
IR_NAT_DEP_C,40,,2151
IR_NAT_DEP_C,0,,1136
IR_NAT_DEP_C,20,,1136
IR_NAT_DEP_C,30,,1136
IR_NAT_DEP_C,71,,1136
IR_NAT_DEP_C,0,,1137
IR_NAT_DEP_C,20,,1137
IR_NAT_DEP_C,30,,1137
IR_NAT_DEP_C,71,,1137
IR_NAT_DEP_C,0,,1140
IR_NAT_DEP_C,12,,1140
IR_NAT_DEP_C,14,,1140
IR_NAT_DEP_C,20,,1140
IR_NAT_DEP_C,30,,1140
IR_NAT_DEP_C,40,,1140
IR_NAT_DEP_C,61,,1140
IR_NAT_DEP_C,66,,1140
IR_NAT_DEP_C,0,,1141
IR_NAT_DEP_C,20,,1141
IR_NAT_DEP_C,30,,1141
IR_NAT_DEP_C,40,,1141
IR_NAT_DEP_C,63,,1141
IR_NAT_DEP_C,66,,1141
IR_NAT_DEP_C,0,,1152
IR_NAT_DEP_C,20,,1152
IR_NAT_DEP_C,30,,1152
IR_NAT_DEP_C,63,,1152
IR_NAT_DEP_C,0,,1153
IR_NAT_DEP_C,20,,1153
IR_NAT_DEP_C,30,,1153
IR_NAT_DEP_C,63,,1153
IR_NAT_DEP_C,0,,1154
IR_NAT_DEP_C,20,,1154
IR_NAT_DEP_C,30,,1154
IR_NAT_DEP_C,63,,1154
IR_NAT_DEP_C,0,,1157
IR_NAT_DEP_C,20,,1157
IR_NAT_DEP_C,30,,1157
IR_NAT_DEP_C,0,,1158
IR_NAT_DEP_C,20,,1158
IR_NAT_DEP_C,30,,1158
IR_NAT_DEP_C,0,,1159
IR_NAT_DEP_C,20,,1159
IR_NAT_DEP_C,30,,1159
IR_NAT_DEP_C,0,,1164
IR_NAT_DEP_C,20,,1164
IR_NAT_DEP_C,30,,1164
IR_NAT_DEP_C,0,,1165
IR_NAT_DEP_C,20,,1165
IR_NAT_DEP_C,30,,1165
IR_NAT_DEP_C,0,,1168
IR_NAT_DEP_C,12,,1168
IR_NAT_DEP_C,20,,1168
IR_NAT_DEP_C,30,,1168
IR_NAT_DEP_C,61,,1168
IR_NAT_DEP_C,62,,1168
IR_NAT_DEP_C,66,,1168
IR_NAT_DEP_C,71,,1168
IR_NAT_DEP_C,0,,1170
IR_NAT_DEP_C,35,,1170
IR_NAT_DEP_C,0,,1172
IR_NAT_DEP_C,20,,1172
IR_NAT_DEP_C,30,,1172
IR_NAT_DEP_C,35,,1172
IR_NAT_DEP_C,0,,1174
IR_NAT_DEP_C,20,,1174
IR_NAT_DEP_C,30,,1174
IR_NAT_DEP_C,35,,1174
IR_NAT_DEP_C,0,,1191
IR_NAT_DEP_C,12,,1191
IR_NAT_DEP_C,20,,1191
IR_NAT_DEP_C,30,,1191
IR_NAT_DEP_C,35,,1191
IR_NAT_DEP_C,61,,1191
IR_NAT_DEP_C,66,,1191
IR_NAT_DEP_C,0,,1192
IR_NAT_DEP_C,12,,1192
IR_NAT_DEP_C,20,,1192
IR_NAT_DEP_C,30,,1192
IR_NAT_DEP_C,35,,1192
IR_NAT_DEP_C,61,,1192
IR_NAT_DEP_C,66,,1192
IR_NAT_DEP_C,0,,1193
IR_NAT_DEP_C,12,,1193
IR_NAT_DEP_C,20,,1193
IR_NAT_DEP_C,30,,1193
IR_NAT_DEP_C,35,,1193
IR_NAT_DEP_C,66,,1193
IR_NAT_DEP_C,71,,1193
IR_NAT_DEP_C,0,,1194
IR_NAT_DEP_C,12,,1194
IR_NAT_DEP_C,20,,1194
IR_NAT_DEP_C,30,,1194
IR_NAT_DEP_C,35,,1194
IR_NAT_DEP_C,66,,1194
IR_NAT_DEP_C,71,,1194
IR_NAT_DEP_C,0,,1209
IR_NAT_DEP_C,12,,1209
IR_NAT_DEP_C,20,,1209
IR_NAT_DEP_C,30,,1209
IR_NAT_DEP_C,35,,1209
IR_NAT_DEP_C,61,,1209
IR_NAT_DEP_C,66,,1209
IR_NAT_DEP_C,0,,1210
IR_NAT_DEP_C,12,,1210
IR_NAT_DEP_C,20,,1210
IR_NAT_DEP_C,30,,1210
IR_NAT_DEP_C,35,,1210
IR_NAT_DEP_C,61,,1210
IR_NAT_DEP_C,66,,1210
IR_NAT_DEP_C,0,,1211
IR_NAT_DEP_C,12,,1211
IR_NAT_DEP_C,14,,1211
IR_NAT_DEP_C,20,,1211
IR_NAT_DEP_C,30,,1211
IR_NAT_DEP_C,40,,1211
IR_NAT_DEP_C,61,,1211
IR_NAT_DEP_C,66,,1211
IR_NAT_DEP_C,0,,1212
IR_NAT_DEP_C,12,,1212
IR_NAT_DEP_C,14,,1212
IR_NAT_DEP_C,20,,1212
IR_NAT_DEP_C,30,,1212
IR_NAT_DEP_C,40,,1212
IR_NAT_DEP_C,61,,1212
IR_NAT_DEP_C,66,,1212
IR_NAT_DEP_C,0,,1213
IR_NAT_DEP_C,12,,1213
IR_NAT_DEP_C,14,,1213
IR_NAT_DEP_C,20,,1213
IR_NAT_DEP_C,30,,1213
IR_NAT_DEP_C,40,,1213
IR_NAT_DEP_C,61,,1213
IR_NAT_DEP_C,66,,1213
IR_NAT_DEP_C,0,,1214
IR_NAT_DEP_C,12,,1214
IR_NAT_DEP_C,14,,1214
IR_NAT_DEP_C,20,,1214
IR_NAT_DEP_C,30,,1214
IR_NAT_DEP_C,40,,1214
IR_NAT_DEP_C,61,,1214
IR_NAT_DEP_C,66,,1214
IR_NAT_DEP_C,0,,1215
IR_NAT_DEP_C,12,,1215
IR_NAT_DEP_C,14,,1215
IR_NAT_DEP_C,20,,1215
IR_NAT_DEP_C,30,,1215
IR_NAT_DEP_C,40,,1215
IR_NAT_DEP_C,61,,1215
IR_NAT_DEP_C,66,,1215
IR_NAT_DEP_C,71,,1215
IR_NAT_DEP_C,0,,1216
IR_NAT_DEP_C,12,,1216
IR_NAT_DEP_C,14,,1216
IR_NAT_DEP_C,20,,1216
IR_NAT_DEP_C,30,,1216
IR_NAT_DEP_C,40,,1216
IR_NAT_DEP_C,61,,1216
IR_NAT_DEP_C,66,,1216
IR_NAT_DEP_C,71,,1216
IR_NAT_DEP_C,0,,1221
IR_NAT_DEP_C,20,,1221
IR_NAT_DEP_C,30,,1221
IR_NAT_DEP_C,40,,1221
IR_NAT_DEP_C,0,,1222
IR_NAT_DEP_C,12,,1222
IR_NAT_DEP_C,14,,1222
IR_NAT_DEP_C,20,,1222
IR_NAT_DEP_C,30,,1222
IR_NAT_DEP_C,40,,1222
IR_NAT_DEP_C,0,,1224
IR_NAT_DEP_C,20,,1224
IR_NAT_DEP_C,30,,1224
IR_NAT_DEP_C,40,,1224
IR_NAT_DEP_C,0,,1226
IR_NAT_DEP_C,20,,1226
IR_NAT_DEP_C,30,,1226
IR_NAT_DEP_C,40,,1226
IR_NAT_DEP_C,0,,1227
IR_NAT_DEP_C,20,,1227
IR_NAT_DEP_C,30,,1227
IR_NAT_DEP_C,40,,1227
IR_NAT_DEP_C,0,,1228
IR_NAT_DEP_C,20,,1228
IR_NAT_DEP_C,30,,1228
IR_NAT_DEP_C,40,,1228
IR_NAT_DEP_C,0,,1311
IR_NAT_DEP_C,12,,1311
IR_NAT_DEP_C,14,,1311
IR_NAT_DEP_C,20,,1311
IR_NAT_DEP_C,30,,1311
IR_NAT_DEP_C,40,,1311
IR_NAT_DEP_C,71,,1311
IR_NAT_DEP_C,0,,1312
IR_NAT_DEP_C,12,,1312
IR_NAT_DEP_C,14,,1312
IR_NAT_DEP_C,20,,1312
IR_NAT_DEP_C,30,,1312
IR_NAT_DEP_C,40,,1312
IR_NAT_DEP_C,61,,1312
IR_NAT_DEP_C,71,,1312
IR_NAT_DEP_C,0,,1313
IR_NAT_DEP_C,20,,1313
IR_NAT_DEP_C,30,,1313
IR_NAT_DEP_C,40,,1313
IR_NAT_DEP_C,0,,1316
IR_NAT_DEP_C,12,,1316
IR_NAT_DEP_C,14,,1316
IR_NAT_DEP_C,20,,1316
IR_NAT_DEP_C,30,,1316
IR_NAT_DEP_C,40,,1316
IR_NAT_DEP_C,61,,1316
IR_NAT_DEP_C,62,,1316
IR_NAT_DEP_C,65,,1316
IR_NAT_DEP_C,66,,1316
IR_NAT_DEP_C,71,,1316
IR_NAT_DEP_C,0,,1318
IR_NAT_DEP_C,12,,1318
IR_NAT_DEP_C,14,,1318
IR_NAT_DEP_C,20,,1318
IR_NAT_DEP_C,30,,1318
IR_NAT_DEP_C,40,,1318
IR_NAT_DEP_C,61,,1318
IR_NAT_DEP_C,62,,1318
IR_NAT_DEP_C,65,,1318
IR_NAT_DEP_C,66,,1318
IR_NAT_DEP_C,71,,1318
IR_NAT_DEP_C,0,,1321
IR_NAT_DEP_C,11,,1321
IR_NAT_DEP_C,12,,1321
IR_NAT_DEP_C,14,,1321
IR_NAT_DEP_C,20,,1321
IR_NAT_DEP_C,30,,1321
IR_NAT_DEP_C,40,,1321
IR_NAT_DEP_C,61,,1321
IR_NAT_DEP_C,62,,1321
IR_NAT_DEP_C,65,,1321
IR_NAT_DEP_C,66,,1321
IR_NAT_DEP_C,71,,1321
IR_NAT_DEP_C,0,,1322
IR_NAT_DEP_C,12,,1322
IR_NAT_DEP_C,14,,1322
IR_NAT_DEP_C,20,,1322
IR_NAT_DEP_C,30,,1322
IR_NAT_DEP_C,40,,1322
IR_NAT_DEP_C,61,,1322
IR_NAT_DEP_C,62,,1322
IR_NAT_DEP_C,65,,1322
IR_NAT_DEP_C,66,,1322
IR_NAT_DEP_C,71,,1322
IR_NAT_DEP_C,0,,1323
IR_NAT_DEP_C,12,,1323
IR_NAT_DEP_C,14,,1323
IR_NAT_DEP_C,20,,1323
IR_NAT_DEP_C,30,,1323
IR_NAT_DEP_C,40,,1323
IR_NAT_DEP_C,61,,1323
IR_NAT_DEP_C,62,,1323
IR_NAT_DEP_C,65,,1323
IR_NAT_DEP_C,66,,1323
IR_NAT_DEP_C,71,,1323
IR_NAT_DEP_C,0,,1324
IR_NAT_DEP_C,12,,1324
IR_NAT_DEP_C,14,,1324
IR_NAT_DEP_C,20,,1324
IR_NAT_DEP_C,30,,1324
IR_NAT_DEP_C,40,,1324
IR_NAT_DEP_C,61,,1324
IR_NAT_DEP_C,62,,1324
IR_NAT_DEP_C,65,,1324
IR_NAT_DEP_C,66,,1324
IR_NAT_DEP_C,71,,1324
IR_NAT_DEP_C,0,,1331
IR_NAT_DEP_C,12,,1331
IR_NAT_DEP_C,14,,1331
IR_NAT_DEP_C,20,,1331
IR_NAT_DEP_C,30,,1331
IR_NAT_DEP_C,40,,1331
IR_NAT_DEP_C,71,,1331
IR_NAT_DEP_C,0,,1335
IR_NAT_DEP_C,12,,1335
IR_NAT_DEP_C,14,,1335
IR_NAT_DEP_C,20,,1335
IR_NAT_DEP_C,30,,1335
IR_NAT_DEP_C,40,,1335
IR_NAT_DEP_C,61,,1335
IR_NAT_DEP_C,62,,1335
IR_NAT_DEP_C,65,,1335
IR_NAT_DEP_C,66,,1335
IR_NAT_DEP_C,71,,1335
IR_NAT_DEP_C,0,,1336
IR_NAT_DEP_C,12,,1336
IR_NAT_DEP_C,14,,1336
IR_NAT_DEP_C,20,,1336
IR_NAT_DEP_C,30,,1336
IR_NAT_DEP_C,40,,1336
IR_NAT_DEP_C,61,,1336
IR_NAT_DEP_C,62,,1336
IR_NAT_DEP_C,65,,1336
IR_NAT_DEP_C,66,,1336
IR_NAT_DEP_C,71,,1336
IR_NAT_DEP_C,0,,1341
IR_NAT_DEP_C,12,,1341
IR_NAT_DEP_C,14,,1341
IR_NAT_DEP_C,20,,1341
IR_NAT_DEP_C,30,,1341
IR_NAT_DEP_C,40,,1341
IR_NAT_DEP_C,62,,1341
IR_NAT_DEP_C,65,,1341
IR_NAT_DEP_C,66,,1341
IR_NAT_DEP_C,71,,1341
IR_NAT_DEP_C,0,,1342
IR_NAT_DEP_C,20,,1342
IR_NAT_DEP_C,30,,1342
IR_NAT_DEP_C,71,,1342
IR_NAT_DEP_C,0,,1351
IR_NAT_DEP_C,11,,1351
IR_NAT_DEP_C,12,,1351
IR_NAT_DEP_C,14,,1351
IR_NAT_DEP_C,20,,1351
IR_NAT_DEP_C,30,,1351
IR_NAT_DEP_C,40,,1351
IR_NAT_DEP_C,61,,1351
IR_NAT_DEP_C,62,,1351
IR_NAT_DEP_C,65,,1351
IR_NAT_DEP_C,66,,1351
IR_NAT_DEP_C,71,,1351
IR_NAT_DEP_C,0,,1352
IR_NAT_DEP_C,11,,1352
IR_NAT_DEP_C,12,,1352
IR_NAT_DEP_C,14,,1352
IR_NAT_DEP_C,20,,1352
IR_NAT_DEP_C,30,,1352
IR_NAT_DEP_C,40,,1352
IR_NAT_DEP_C,61,,1352
IR_NAT_DEP_C,62,,1352
IR_NAT_DEP_C,65,,1352
IR_NAT_DEP_C,66,,1352
IR_NAT_DEP_C,71,,1352
IR_NAT_DEP_C,0,,1361
IR_NAT_DEP_C,20,,1361
IR_NAT_DEP_C,30,,1361
IR_NAT_DEP_C,0,,1401
IR_NAT_DEP_C,11,,1401
IR_NAT_DEP_C,12,,1401
IR_NAT_DEP_C,20,,1401
IR_NAT_DEP_C,30,,1401
IR_NAT_DEP_C,35,,1401
IR_NAT_DEP_C,40,,1401
IR_NAT_DEP_C,61,,1401
IR_NAT_DEP_C,62,,1401
IR_NAT_DEP_C,64,,1401
IR_NAT_DEP_C,65,,1401
IR_NAT_DEP_C,66,,1401
IR_NAT_DEP_C,71,,1401
IR_NAT_DEP_C,0,,1402
IR_NAT_DEP_C,11,,1402
IR_NAT_DEP_C,12,,1402
IR_NAT_DEP_C,20,,1402
IR_NAT_DEP_C,30,,1402
IR_NAT_DEP_C,35,,1402
IR_NAT_DEP_C,40,,1402
IR_NAT_DEP_C,61,,1402
IR_NAT_DEP_C,62,,1402
IR_NAT_DEP_C,64,,1402
IR_NAT_DEP_C,65,,1402
IR_NAT_DEP_C,66,,1402
IR_NAT_DEP_C,71,,1402
IR_NAT_DEP_C,0,,1403
IR_NAT_DEP_C,11,,1403
IR_NAT_DEP_C,12,,1403
IR_NAT_DEP_C,20,,1403
IR_NAT_DEP_C,30,,1403
IR_NAT_DEP_C,35,,1403
IR_NAT_DEP_C,40,,1403
IR_NAT_DEP_C,61,,1403
IR_NAT_DEP_C,62,,1403
IR_NAT_DEP_C,64,,1403
IR_NAT_DEP_C,65,,1403
IR_NAT_DEP_C,66,,1403
IR_NAT_DEP_C,71,,1403
IR_NAT_DEP_C,0,,1411
IR_NAT_DEP_C,11,,1411
IR_NAT_DEP_C,12,,1411
IR_NAT_DEP_C,14,,1411
IR_NAT_DEP_C,20,,1411
IR_NAT_DEP_C,30,,1411
IR_NAT_DEP_C,40,,1411
IR_NAT_DEP_C,66,,1411
IR_NAT_DEP_C,71,,1411
IR_NAT_DEP_C,0,,1421
IR_NAT_DEP_C,11,,1421
IR_NAT_DEP_C,12,,1421
IR_NAT_DEP_C,14,,1421
IR_NAT_DEP_C,20,,1421
IR_NAT_DEP_C,30,,1421
IR_NAT_DEP_C,40,,1421
IR_NAT_DEP_C,66,,1421
IR_NAT_DEP_C,71,,1421
IR_NAT_DEP_C,0,,1422
IR_NAT_DEP_C,11,,1422
IR_NAT_DEP_C,12,,1422
IR_NAT_DEP_C,14,,1422
IR_NAT_DEP_C,20,,1422
IR_NAT_DEP_C,30,,1422
IR_NAT_DEP_C,66,,1422
IR_NAT_DEP_C,71,,1422
IR_NAT_DEP_C,0,,1423
IR_NAT_DEP_C,11,,1423
IR_NAT_DEP_C,12,,1423
IR_NAT_DEP_C,14,,1423
IR_NAT_DEP_C,20,,1423
IR_NAT_DEP_C,30,,1423
IR_NAT_DEP_C,40,,1423
IR_NAT_DEP_C,66,,1423
IR_NAT_DEP_C,71,,1423
IR_NAT_DEP_C,0,,1424
IR_NAT_DEP_C,11,,1424
IR_NAT_DEP_C,12,,1424
IR_NAT_DEP_C,14,,1424
IR_NAT_DEP_C,20,,1424
IR_NAT_DEP_C,30,,1424
IR_NAT_DEP_C,66,,1424
IR_NAT_DEP_C,71,,1424
IR_NAT_DEP_C,0,,1426
IR_NAT_DEP_C,35,,1426
IR_NAT_DEP_C,0,,1431
IR_NAT_DEP_C,11,,1431
IR_NAT_DEP_C,12,,1431
IR_NAT_DEP_C,14,,1431
IR_NAT_DEP_C,20,,1431
IR_NAT_DEP_C,30,,1431
IR_NAT_DEP_C,40,,1431
IR_NAT_DEP_C,71,,1431
IR_NAT_DEP_C,0,,1432
IR_NAT_DEP_C,12,,1432
IR_NAT_DEP_C,14,,1432
IR_NAT_DEP_C,20,,1432
IR_NAT_DEP_C,30,,1432
IR_NAT_DEP_C,40,,1432
IR_NAT_DEP_C,71,,1432
IR_NAT_DEP_C,0,,1433
IR_NAT_DEP_C,11,,1433
IR_NAT_DEP_C,12,,1433
IR_NAT_DEP_C,14,,1433
IR_NAT_DEP_C,20,,1433
IR_NAT_DEP_C,30,,1433
IR_NAT_DEP_C,40,,1433
IR_NAT_DEP_C,71,,1433
IR_NAT_DEP_C,0,,1434
IR_NAT_DEP_C,20,,1434
IR_NAT_DEP_C,71,,1434
IR_NAT_DEP_C,0,,1435
IR_NAT_DEP_C,20,,1435
IR_NAT_DEP_C,71,,1435
IR_NAT_DEP_C,0,,1436
IR_NAT_DEP_C,20,,1436
IR_NAT_DEP_C,71,,1436
IR_NAT_DEP_C,0,,1437
IR_NAT_DEP_C,30,,1437
IR_NAT_DEP_C,0,,1451
IR_NAT_DEP_C,11,,1451
IR_NAT_DEP_C,12,,1451
IR_NAT_DEP_C,14,,1451
IR_NAT_DEP_C,20,,1451
IR_NAT_DEP_C,30,,1451
IR_NAT_DEP_C,40,,1451
IR_NAT_DEP_C,61,,1451
IR_NAT_DEP_C,62,,1451
IR_NAT_DEP_C,64,,1451
IR_NAT_DEP_C,65,,1451
IR_NAT_DEP_C,66,,1451
IR_NAT_DEP_C,71,,1451
IR_NAT_DEP_C,0,,1452
IR_NAT_DEP_C,11,,1452
IR_NAT_DEP_C,12,,1452
IR_NAT_DEP_C,14,,1452
IR_NAT_DEP_C,20,,1452
IR_NAT_DEP_C,30,,1452
IR_NAT_DEP_C,40,,1452
IR_NAT_DEP_C,61,,1452
IR_NAT_DEP_C,62,,1452
IR_NAT_DEP_C,64,,1452
IR_NAT_DEP_C,65,,1452
IR_NAT_DEP_C,66,,1452
IR_NAT_DEP_C,71,,1452
IR_NAT_DEP_C,0,,1453
IR_NAT_DEP_C,11,,1453
IR_NAT_DEP_C,12,,1453
IR_NAT_DEP_C,20,,1453
IR_NAT_DEP_C,30,,1453
IR_NAT_DEP_C,40,,1453
IR_NAT_DEP_C,61,,1453
IR_NAT_DEP_C,62,,1453
IR_NAT_DEP_C,64,,1453
IR_NAT_DEP_C,65,,1453
IR_NAT_DEP_C,66,,1453
IR_NAT_DEP_C,71,,1453
IR_NAT_DEP_C,0,,1462
IR_NAT_DEP_C,11,,1462
IR_NAT_DEP_C,12,,1462
IR_NAT_DEP_C,14,,1462
IR_NAT_DEP_C,20,,1462
IR_NAT_DEP_C,30,,1462
IR_NAT_DEP_C,40,,1462
IR_NAT_DEP_C,61,,1462
IR_NAT_DEP_C,62,,1462
IR_NAT_DEP_C,0,,2501
IR_NAT_DEP_C,30,,2501
IR_NAT_DEP_C,40,,2501
IR_NAT_DEP_C,0,,2502
IR_NAT_DEP_C,30,,2502
IR_NAT_DEP_C,40,,2502
IR_NAT_DEP_C,0,,2503
IR_NAT_DEP_C,30,,2503
IR_NAT_DEP_C,40,,2503
IR_NAT_DEP_C,0,,2504
IR_NAT_DEP_C,30,,2504
IR_NAT_DEP_C,40,,2504
IR_NAT_DEP_C,0,,3111
IR_NAT_DEP_C,12,,3111
IR_NAT_DEP_C,13,,3111
IR_NAT_DEP_C,20,,3111
IR_NAT_DEP_C,30,,3111
IR_NAT_DEP_C,40,,3111
IR_NAT_DEP_C,66,,3111
IR_NAT_DEP_C,71,,3111
IR_NAT_DEP_C,0,,3112
IR_NAT_DEP_C,12,,3112
IR_NAT_DEP_C,13,,3112
IR_NAT_DEP_C,20,,3112
IR_NAT_DEP_C,30,,3112
IR_NAT_DEP_C,40,,3112
IR_NAT_DEP_C,66,,3112
IR_NAT_DEP_C,71,,3112
IR_NAT_DEP_C,0,,3113
IR_NAT_DEP_C,12,,3113
IR_NAT_DEP_C,13,,3113
IR_NAT_DEP_C,20,,3113
IR_NAT_DEP_C,30,,3113
IR_NAT_DEP_C,40,,3113
IR_NAT_DEP_C,71,,3113
IR_NAT_DEP_C,0,,3115
IR_NAT_DEP_C,20,,3115
IR_NAT_DEP_C,30,,3115
IR_NAT_DEP_C,40,,3115
IR_NAT_DEP_C,0,,3116
IR_NAT_DEP_C,20,,3116
IR_NAT_DEP_C,30,,3116
IR_NAT_DEP_C,71,,3116
IR_NAT_DEP_C,0,,3117
IR_NAT_DEP_C,20,,3117
IR_NAT_DEP_C,30,,3117
IR_NAT_DEP_C,71,,3117
IR_NAT_DEP_C,0,,3121
IR_NAT_DEP_C,12,,3121
IR_NAT_DEP_C,20,,3121
IR_NAT_DEP_C,30,,3121
IR_NAT_DEP_C,40,,3121
IR_NAT_DEP_C,66,,3121
IR_NAT_DEP_C,71,,3121
IR_NAT_DEP_C,0,,3122
IR_NAT_DEP_C,12,,3122
IR_NAT_DEP_C,20,,3122
IR_NAT_DEP_C,30,,3122
IR_NAT_DEP_C,40,,3122
IR_NAT_DEP_C,66,,3122
IR_NAT_DEP_C,71,,3122
IR_NAT_DEP_C,0,,3125
IR_NAT_DEP_C,12,,3125
IR_NAT_DEP_C,20,,3125
IR_NAT_DEP_C,30,,3125
IR_NAT_DEP_C,40,,3125
IR_NAT_DEP_C,66,,3125
IR_NAT_DEP_C,71,,3125
IR_NAT_DEP_C,0,,3127
IR_NAT_DEP_C,20,,3127
IR_NAT_DEP_C,30,,3127
IR_NAT_DEP_C,35,,3127
IR_NAT_DEP_C,0,,3128
IR_NAT_DEP_C,20,,3128
IR_NAT_DEP_C,30,,3128
IR_NAT_DEP_C,35,,3128
IR_NAT_DEP_C,0,,3131
IR_NAT_DEP_C,12,,3131
IR_NAT_DEP_C,15,,3131
IR_NAT_DEP_C,20,,3131
IR_NAT_DEP_C,30,,3131
IR_NAT_DEP_C,40,,3131
IR_NAT_DEP_C,66,,3131
IR_NAT_DEP_C,71,,3131
IR_NAT_DEP_C,0,,3132
IR_NAT_DEP_C,12,,3132
IR_NAT_DEP_C,20,,3132
IR_NAT_DEP_C,30,,3132
IR_NAT_DEP_C,40,,3132
IR_NAT_DEP_C,66,,3132
IR_NAT_DEP_C,71,,3132
IR_NAT_DEP_C,0,,3133
IR_NAT_DEP_C,12,,3133
IR_NAT_DEP_C,20,,3133
IR_NAT_DEP_C,30,,3133
IR_NAT_DEP_C,40,,3133
IR_NAT_DEP_C,66,,3133
IR_NAT_DEP_C,71,,3133
IR_NAT_DEP_C,0,,3134
IR_NAT_DEP_C,20,,3134
IR_NAT_DEP_C,30,,3134
IR_NAT_DEP_C,71,,3134
IR_NAT_DEP_C,0,,3135
IR_NAT_DEP_C,20,,3135
IR_NAT_DEP_C,30,,3135
IR_NAT_DEP_C,35,,3135
IR_NAT_DEP_C,71,,3135
IR_NAT_DEP_C,0,,3211
IR_NAT_DEP_C,12,,3211
IR_NAT_DEP_C,20,,3211
IR_NAT_DEP_C,30,,3211
IR_NAT_DEP_C,40,,3211
IR_NAT_DEP_C,71,,3211
IR_NAT_DEP_C,0,,3213
IR_NAT_DEP_C,20,,3213
IR_NAT_DEP_C,30,,3213
IR_NAT_DEP_C,40,,3213
IR_NAT_DEP_C,71,,3213
IR_NAT_DEP_C,0,,3216
IR_NAT_DEP_C,20,,3216
IR_NAT_DEP_C,30,,3216
IR_NAT_DEP_C,40,,3216
IR_NAT_DEP_C,71,,3216
IR_NAT_DEP_C,0,,3221
IR_NAT_DEP_C,12,,3221
IR_NAT_DEP_C,20,,3221
IR_NAT_DEP_C,30,,3221
IR_NAT_DEP_C,40,,3221
IR_NAT_DEP_C,71,,3221
IR_NAT_DEP_C,0,,3222
IR_NAT_DEP_C,12,,3222
IR_NAT_DEP_C,20,,3222
IR_NAT_DEP_C,30,,3222
IR_NAT_DEP_C,40,,3222
IR_NAT_DEP_C,71,,3222
IR_NAT_DEP_C,0,,3223
IR_NAT_DEP_C,12,,3223
IR_NAT_DEP_C,20,,3223
IR_NAT_DEP_C,30,,3223
IR_NAT_DEP_C,40,,3223
IR_NAT_DEP_C,71,,3223
IR_NAT_DEP_C,0,,3225
IR_NAT_DEP_C,12,,3225
IR_NAT_DEP_C,20,,3225
IR_NAT_DEP_C,30,,3225
IR_NAT_DEP_C,40,,3225
IR_NAT_DEP_C,71,,3225
IR_NAT_DEP_C,0,,3311
IR_NAT_DEP_C,20,,3311
IR_NAT_DEP_C,30,,3311
IR_NAT_DEP_C,71,,3311
IR_NAT_DEP_C,0,,3312
IR_NAT_DEP_C,20,,3312
IR_NAT_DEP_C,30,,3312
IR_NAT_DEP_C,40,,3312
IR_NAT_DEP_C,71,,3312
IR_NAT_DEP_C,0,,3313
IR_NAT_DEP_C,20,,3313
IR_NAT_DEP_C,30,,3313
IR_NAT_DEP_C,40,,3313
IR_NAT_DEP_C,71,,3313
IR_NAT_DEP_C,0,,3317
IR_NAT_DEP_C,30,,3317
IR_NAT_DEP_C,71,,3317
IR_NAT_DEP_C,0,,3318
IR_NAT_DEP_C,30,,3318
IR_NAT_DEP_C,71,,3318
IR_NAT_DEP_C,0,,3319
IR_NAT_DEP_C,30,,3319
IR_NAT_DEP_C,71,,3319
IR_NAT_DEP_C,0,,3320
IR_NAT_DEP_C,30,,3320
IR_NAT_DEP_C,71,,3320
IR_NAT_DEP_C,0,,3321
IR_NAT_DEP_C,20,,3321
IR_NAT_DEP_C,30,,3321
IR_NAT_DEP_C,0,,3322
IR_NAT_DEP_C,20,,3322
IR_NAT_DEP_C,30,,3322
IR_NAT_DEP_C,0,,3323
IR_NAT_DEP_C,20,,3323
IR_NAT_DEP_C,30,,3323
IR_NAT_DEP_C,0,,3324
IR_NAT_DEP_C,30,,3324
IR_NAT_DEP_C,71,,3324
IR_NAT_DEP_C,0,,3325
IR_NAT_DEP_C,30,,3325
IR_NAT_DEP_C,0,,3326
IR_NAT_DEP_C,20,,3326
IR_NAT_DEP_C,30,,3326
IR_NAT_DEP_C,40,,3326
IR_NAT_DEP_C,71,,3326
IR_NAT_DEP_C,0,,3327
IR_NAT_DEP_C,20,,3327
IR_NAT_DEP_C,30,,3327
IR_NAT_DEP_C,40,,3327
IR_NAT_DEP_C,71,,3327
IR_NAT_DEP_C,0,,3328
IR_NAT_DEP_C,20,,3328
IR_NAT_DEP_C,30,,3328
IR_NAT_DEP_C,40,,3328
IR_NAT_DEP_C,71,,3328
IR_NAT_DEP_C,0,,3329
IR_NAT_DEP_C,20,,3329
IR_NAT_DEP_C,30,,3329
IR_NAT_DEP_C,40,,3329
IR_NAT_DEP_C,71,,3329
IR_NAT_DEP_C,0,,3330
IR_NAT_DEP_C,30,,3330
IR_NAT_DEP_C,0,,3332
IR_NAT_DEP_C,30,,3332
IR_NAT_DEP_C,0,,3334
IR_NAT_DEP_C,20,,3334
IR_NAT_DEP_C,30,,3334
IR_NAT_DEP_C,0,,3335
IR_NAT_DEP_C,20,,3335
IR_NAT_DEP_C,30,,3335
IR_NAT_DEP_C,0,,3336
IR_NAT_DEP_C,30,,3336
IR_NAT_DEP_C,35,,3336
IR_NAT_DEP_C,0,,3337
IR_NAT_DEP_C,20,,3337
IR_NAT_DEP_C,30,,3337
IR_NAT_DEP_C,35,,3337
IR_NAT_DEP_C,0,,3338
IR_NAT_DEP_C,20,,3338
IR_NAT_DEP_C,30,,3338
IR_NAT_DEP_C,35,,3338
IR_NAT_DEP_C,0,,3339
IR_NAT_DEP_C,20,,3339
IR_NAT_DEP_C,30,,3339
IR_NAT_DEP_C,35,,3339
IR_NAT_DEP_C,0,,3340
IR_NAT_DEP_C,20,,3340
IR_NAT_DEP_C,30,,3340
IR_NAT_DEP_C,35,,3340
IR_NAT_DEP_C,0,,3341
IR_NAT_DEP_C,20,,3341
IR_NAT_DEP_C,30,,3341
IR_NAT_DEP_C,40,,3341
IR_NAT_DEP_C,71,,3341
IR_NAT_DEP_C,0,,3342
IR_NAT_DEP_C,20,,3342
IR_NAT_DEP_C,30,,3342
IR_NAT_DEP_C,71,,3342
IR_NAT_DEP_C,0,,3343
IR_NAT_DEP_C,20,,3343
IR_NAT_DEP_C,30,,3343
IR_NAT_DEP_C,71,,3343
IR_NAT_DEP_C,0,,3351
IR_NAT_DEP_C,20,,3351
IR_NAT_DEP_C,30,,3351
IR_NAT_DEP_C,71,,3351
IR_NAT_DEP_C,0,,3352
IR_NAT_DEP_C,30,,3352
IR_NAT_DEP_C,71,,3352
IR_NAT_DEP_C,0,,3353
IR_NAT_DEP_C,30,,3353
IR_NAT_DEP_C,71,,3353
IR_NAT_DEP_C,0,,3354
IR_NAT_DEP_C,30,,3354
IR_NAT_DEP_C,71,,3354
IR_NAT_DEP_C,0,,3355
IR_NAT_DEP_C,71,,3355
IR_NAT_DEP_C,0,,3356
IR_NAT_DEP_C,30,,3356
IR_NAT_DEP_C,0,,3357
IR_NAT_DEP_C,30,,3357
IR_NAT_DEP_C,0,,3364
IR_NAT_DEP_C,20,,3364
IR_NAT_DEP_C,30,,3364
IR_NAT_DEP_C,35,,3364
IR_NAT_DEP_C,0,,3365
IR_NAT_DEP_C,20,,3365
IR_NAT_DEP_C,30,,3365
IR_NAT_DEP_C,35,,3365
IR_NAT_DEP_C,0,,3366
IR_NAT_DEP_C,20,,3366
IR_NAT_DEP_C,30,,3366
IR_NAT_DEP_C,35,,3366
IR_NAT_DEP_C,0,,3371
IR_NAT_DEP_C,20,,3371
IR_NAT_DEP_C,30,,3371
IR_NAT_DEP_C,0,,3372
IR_NAT_DEP_C,20,,3372
IR_NAT_DEP_C,30,,3372
IR_NAT_DEP_C,0,,3373
IR_NAT_DEP_C,20,,3373
IR_NAT_DEP_C,30,,3373
IR_NAT_DEP_C,0,,3374
IR_NAT_DEP_C,20,,3374
IR_NAT_DEP_C,30,,3374
IR_NAT_DEP_C,0,,3375
IR_NAT_DEP_C,20,,3375
IR_NAT_DEP_C,30,,3375
IR_NAT_DEP_C,71,,3375
IR_NAT_DEP_C,0,,3379
IR_NAT_DEP_C,20,,3379
IR_NAT_DEP_C,30,,3379
IR_NAT_DEP_C,0,,3380
IR_NAT_DEP_C,20,,3380
IR_NAT_DEP_C,30,,3380
IR_NAT_DEP_C,0,,3381
IR_NAT_DEP_C,20,,3381
IR_NAT_DEP_C,30,,3381
IR_NAT_DEP_C,0,,3383
IR_NAT_DEP_C,20,,3383
IR_NAT_DEP_C,30,,3383
IR_NAT_DEP_C,0,,3384
IR_NAT_DEP_C,20,,3384
IR_NAT_DEP_C,30,,3384
IR_NAT_DEP_C,0,,3385
IR_NAT_DEP_C,20,,3385
IR_NAT_DEP_C,30,,3385
IR_NAT_DEP_C,0,,3386
IR_NAT_DEP_C,20,,3386
IR_NAT_DEP_C,30,,3386
IR_NAT_DEP_C,0,,3387
IR_NAT_DEP_C,20,,3387
IR_NAT_DEP_C,30,,3387
IR_NAT_DEP_C,0,,3388
IR_NAT_DEP_C,20,,3388
IR_NAT_DEP_C,30,,3388
IR_NAT_DEP_C,0,,3389
IR_NAT_DEP_C,20,,3389
IR_NAT_DEP_C,30,,3389
IR_NAT_DEP_C,0,,3390
IR_NAT_DEP_C,20,,3390
IR_NAT_DEP_C,30,,3390
IR_NAT_DEP_C,0,,3395
IR_NAT_DEP_C,30,,3395
IR_NAT_DEP_C,0,,3399
IR_NAT_DEP_C,20,,3399
IR_NAT_DEP_C,30,,3399
IR_NAT_DEP_C,71,,3399
IR_NAT_DEP_C,0,,3411
IR_NAT_DEP_C,20,,3411
IR_NAT_DEP_C,30,,3411
IR_NAT_DEP_C,71,,3411
IR_NAT_DEP_C,0,,3412
IR_NAT_DEP_C,20,,3412
IR_NAT_DEP_C,30,,3412
IR_NAT_DEP_C,71,,3412
IR_NAT_DEP_C,0,,3413
IR_NAT_DEP_C,20,,3413
IR_NAT_DEP_C,30,,3413
IR_NAT_DEP_C,71,,3413
IR_NAT_DEP_C,0,,3414
IR_NAT_DEP_C,20,,3414
IR_NAT_DEP_C,30,,3414
IR_NAT_DEP_C,71,,3414
IR_NAT_DEP_C,0,,3511
IR_NAT_DEP_C,20,,3511
IR_NAT_DEP_C,30,,3511
IR_NAT_DEP_C,40,,3511
IR_NAT_DEP_C,0,,3512
IR_NAT_DEP_C,20,,3512
IR_NAT_DEP_C,30,,3512
IR_NAT_DEP_C,40,,3512
IR_NAT_DEP_C,0,,3513
IR_NAT_DEP_C,20,,3513
IR_NAT_DEP_C,30,,3513
IR_NAT_DEP_C,40,,3513
IR_NAT_DEP_C,71,,3513
IR_NAT_DEP_C,0,,3514
IR_NAT_DEP_C,20,,3514
IR_NAT_DEP_C,30,,3514
IR_NAT_DEP_C,40,,3514
IR_NAT_DEP_C,71,,3514
IR_NAT_DEP_C,0,,3515
IR_NAT_DEP_C,20,,3515
IR_NAT_DEP_C,30,,3515
IR_NAT_DEP_C,40,,3515
IR_NAT_DEP_C,71,,3515
IR_NAT_DEP_C,0,,3516
IR_NAT_DEP_C,20,,3516
IR_NAT_DEP_C,30,,3516
IR_NAT_DEP_C,40,,3516
IR_NAT_DEP_C,71,,3516
IR_NAT_DEP_C,0,,3517
IR_NAT_DEP_C,20,,3517
IR_NAT_DEP_C,30,,3517
IR_NAT_DEP_C,40,,3517
IR_NAT_DEP_C,71,,3517
IR_NAT_DEP_C,0,,3518
IR_NAT_DEP_C,20,,3518
IR_NAT_DEP_C,30,,3518
IR_NAT_DEP_C,40,,3518
IR_NAT_DEP_C,71,,3518
IR_NAT_DEP_C,0,,3521
IR_NAT_DEP_C,20,,3521
IR_NAT_DEP_C,30,,3521
IR_NAT_DEP_C,40,,3521
IR_NAT_DEP_C,71,,3521
IR_NAT_DEP_C,0,,3522
IR_NAT_DEP_C,20,,3522
IR_NAT_DEP_C,30,,3522
IR_NAT_DEP_C,0,,3523
IR_NAT_DEP_C,30,,3523
IR_NAT_DEP_C,0,,3524
IR_NAT_DEP_C,30,,3524
IR_NAT_DEP_C,0,,3525
IR_NAT_DEP_C,30,,3525
IR_NAT_DEP_C,0,,3526
IR_NAT_DEP_C,30,,3526
IR_NAT_DEP_C,0,,3527
IR_NAT_DEP_C,30,,3527
IR_NAT_DEP_C,0,,3528
IR_NAT_DEP_C,30,,3528
IR_NAT_DEP_C,0,,3529
IR_NAT_DEP_C,30,,3529
IR_NAT_DEP_C,0,,3530
IR_NAT_DEP_C,30,,3530
IR_NAT_DEP_C,0,,3531
IR_NAT_DEP_C,20,,3531
IR_NAT_DEP_C,30,,3531
IR_NAT_DEP_C,40,,3531
IR_NAT_DEP_C,0,,3532
IR_NAT_DEP_C,20,,3532
IR_NAT_DEP_C,30,,3532
IR_NAT_DEP_C,40,,3532
IR_NAT_DEP_C,0,,3533
IR_NAT_DEP_C,20,,3533
IR_NAT_DEP_C,30,,3533
IR_NAT_DEP_C,0,,3534
IR_NAT_DEP_C,30,,3534
IR_NAT_DEP_C,0,,3535
IR_NAT_DEP_C,20,,3535
IR_NAT_DEP_C,30,,3535
IR_NAT_DEP_C,40,,3535
IR_NAT_DEP_C,0,,3536
IR_NAT_DEP_C,30,,3536
IR_NAT_DEP_C,0,,3537
IR_NAT_DEP_C,30,,3537
IR_NAT_DEP_C,0,,3538
IR_NAT_DEP_C,30,,3538
IR_NAT_DEP_C,0,,3539
IR_NAT_DEP_C,30,,3539
IR_NAT_DEP_C,0,,3540
IR_NAT_DEP_C,20,,3540
IR_NAT_DEP_C,30,,3540
IR_NAT_DEP_C,35,,3540
IR_NAT_DEP_C,40,,3540
IR_NAT_DEP_C,50,,3540
IR_NAT_DEP_C,0,,3541
IR_NAT_DEP_C,20,,3541
IR_NAT_DEP_C,30,,3541
IR_NAT_DEP_C,40,,3541
IR_NAT_DEP_C,0,,3542
IR_NAT_DEP_C,20,,3542
IR_NAT_DEP_C,30,,3542
IR_NAT_DEP_C,40,,3542
IR_NAT_DEP_C,71,,3542
IR_NAT_DEP_C,0,,3543
IR_NAT_DEP_C,20,,3543
IR_NAT_DEP_C,30,,3543
IR_NAT_DEP_C,40,,3543
IR_NAT_DEP_C,71,,3543
IR_NAT_DEP_C,0,,3544
IR_NAT_DEP_C,20,,3544
IR_NAT_DEP_C,30,,3544
IR_NAT_DEP_C,40,,3544
IR_NAT_DEP_C,0,,3545
IR_NAT_DEP_C,20,,3545
IR_NAT_DEP_C,30,,3545
IR_NAT_DEP_C,71,,3545
IR_NAT_DEP_C,0,,3548
IR_NAT_DEP_C,20,,3548
IR_NAT_DEP_C,30,,3548
IR_NAT_DEP_C,0,,3549
IR_NAT_DEP_C,20,,3549
IR_NAT_DEP_C,30,,3549
IR_NAT_DEP_C,0,,3551
IR_NAT_DEP_C,20,,3551
IR_NAT_DEP_C,30,,3551
IR_NAT_DEP_C,40,,3551
IR_NAT_DEP_C,71,,3551
IR_NAT_DEP_C,0,,3552
IR_NAT_DEP_C,20,,3552
IR_NAT_DEP_C,30,,3552
IR_NAT_DEP_C,40,,3552
IR_NAT_DEP_C,71,,3552
IR_NAT_DEP_C,0,,3553
IR_NAT_DEP_C,30,,3553
IR_NAT_DEP_C,0,,3554
IR_NAT_DEP_C,30,,3554
IR_NAT_DEP_C,0,,3555
IR_NAT_DEP_C,30,,3555
IR_NAT_DEP_C,0,,3556
IR_NAT_DEP_C,30,,3556
IR_NAT_DEP_C,0,,3557
IR_NAT_DEP_C,30,,3557
IR_NAT_DEP_C,0,,3561
IR_NAT_DEP_C,20,,3561
IR_NAT_DEP_C,30,,3561
IR_NAT_DEP_C,71,,3561
IR_NAT_DEP_C,0,,3572
IR_NAT_DEP_C,20,,3572
IR_NAT_DEP_C,30,,3572
IR_NAT_DEP_C,40,,3572
IR_NAT_DEP_C,71,,3572
IR_NAT_DEP_C,0,,3574
IR_NAT_DEP_C,20,,3574
IR_NAT_DEP_C,30,,3574
IR_NAT_DEP_C,71,,3574
IR_NAT_DEP_C,0,,3576
IR_NAT_DEP_C,20,,3576
IR_NAT_DEP_C,30,,3576
IR_NAT_DEP_C,71,,3576
IR_NAT_DEP_C,0,,3581
IR_NAT_DEP_C,30,,3581
IR_NAT_DEP_C,0,,3582
IR_NAT_DEP_C,30,,3582
IR_NAT_DEP_C,0,,3583
IR_NAT_DEP_C,30,,3583
IR_NAT_DEP_C,0,,3592
IR_NAT_DEP_C,35,,3592
IR_NAT_DEP_C,0,,3593
IR_NAT_DEP_C,20,,3593
IR_NAT_DEP_C,30,,3593
IR_NAT_DEP_C,35,,3593
IR_NAT_DEP_C,0,,2152
IR_NAT_DEP_C,30,,2152
IR_NAT_DEP_C,40,,2152
IR_NAT_DEP_C,0,,2153
IR_NAT_DEP_C,30,,2153
IR_NAT_DEP_C,40,,2153
IR_NAT_DEP_C,71,,2153
IR_NAT_DEP_C,0,,2154
IR_NAT_DEP_C,30,,2154
IR_NAT_DEP_C,40,,2154
IR_NAT_DEP_C,0,,2155
IR_NAT_DEP_C,30,,2155
IR_NAT_DEP_C,40,,2155
IR_NAT_DEP_C,71,,2155
IR_NAT_DEP_C,0,,2156
IR_NAT_DEP_C,30,,2156
IR_NAT_DEP_C,40,,2156
IR_NAT_DEP_C,71,,2156
IR_NAT_DEP_C,0,,2157
IR_NAT_DEP_C,30,,2157
IR_NAT_DEP_C,40,,2157
IR_NAT_DEP_C,71,,2157
IR_NAT_DEP_C,0,,2158
IR_NAT_DEP_C,30,,2158
IR_NAT_DEP_C,40,,2158
IR_NAT_DEP_C,71,,2158
IR_NAT_DEP_C,0,,2159
IR_NAT_DEP_C,12,,2159
IR_NAT_DEP_C,14,,2159
IR_NAT_DEP_C,20,,2159
IR_NAT_DEP_C,30,,2159
IR_NAT_DEP_C,40,,2159
IR_NAT_DEP_C,61,,2159
IR_NAT_DEP_C,71,,2159
IR_NAT_DEP_C,0,,2161
IR_NAT_DEP_C,30,,2161
IR_NAT_DEP_C,40,,2161
IR_NAT_DEP_C,0,,2163
IR_NAT_DEP_C,30,,2163
IR_NAT_DEP_C,40,,2163
IR_NAT_DEP_C,0,,2164
IR_NAT_DEP_C,30,,2164
IR_NAT_DEP_C,40,,2164
IR_NAT_DEP_C,71,,2164
IR_NAT_DEP_C,0,,2165
IR_NAT_DEP_C,30,,2165
IR_NAT_DEP_C,35,,2165
IR_NAT_DEP_C,40,,2165
IR_NAT_DEP_C,71,,2165
IR_NAT_DEP_C,0,,2166
IR_NAT_DEP_C,30,,2166
IR_NAT_DEP_C,35,,2166
IR_NAT_DEP_C,40,,2166
IR_NAT_DEP_C,71,,2166
IR_NAT_DEP_C,0,,2167
IR_NAT_DEP_C,30,,2167
IR_NAT_DEP_C,35,,2167
IR_NAT_DEP_C,40,,2167
IR_NAT_DEP_C,71,,2167
IR_NAT_DEP_C,0,,2168
IR_NAT_DEP_C,30,,2168
IR_NAT_DEP_C,35,,2168
IR_NAT_DEP_C,40,,2168
IR_NAT_DEP_C,0,,2181
IR_NAT_DEP_C,30,,2181
IR_NAT_DEP_C,40,,2181
IR_NAT_DEP_C,0,,2182
IR_NAT_DEP_C,30,,2182
IR_NAT_DEP_C,40,,2182
IR_NAT_DEP_C,0,,2183
IR_NAT_DEP_C,30,,2183
IR_NAT_DEP_C,40,,2183
IR_NAT_DEP_C,0,,2184
IR_NAT_DEP_C,30,,2184
IR_NAT_DEP_C,40,,2184
IR_NAT_DEP_C,0,,2185
IR_NAT_DEP_C,30,,2185
IR_NAT_DEP_C,0,,2186
IR_NAT_DEP_C,30,,2186
IR_NAT_DEP_C,0,,2187
IR_NAT_DEP_C,30,,2187
IR_NAT_DEP_C,0,,2188
IR_NAT_DEP_C,30,,2188
IR_NAT_DEP_C,0,,2189
IR_NAT_DEP_C,30,,2189
IR_NAT_DEP_C,0,,2190
IR_NAT_DEP_C,30,,2190
IR_NAT_DEP_C,0,,2191
IR_NAT_DEP_C,30,,2191
IR_NAT_DEP_C,0,,2195
IR_NAT_DEP_C,30,,2195
IR_NAT_DEP_C,40,,2195
IR_NAT_DEP_C,0,,2196
IR_NAT_DEP_C,30,,2196
IR_NAT_DEP_C,40,,2196
IR_NAT_DEP_C,0,,2201
IR_NAT_DEP_C,11,,2201
IR_NAT_DEP_C,12,,2201
IR_NAT_DEP_C,13,,2201
IR_NAT_DEP_C,14,,2201
IR_NAT_DEP_C,15,,2201
IR_NAT_DEP_C,20,,2201
IR_NAT_DEP_C,30,,2201
IR_NAT_DEP_C,40,,2201
IR_NAT_DEP_C,0,,2211
IR_NAT_DEP_C,20,,2211
IR_NAT_DEP_C,30,,2211
IR_NAT_DEP_C,40,,2211
IR_NAT_DEP_C,0,,2212
IR_NAT_DEP_C,20,,2212
IR_NAT_DEP_C,30,,2212
IR_NAT_DEP_C,71,,2212
IR_NAT_DEP_C,0,,2213
IR_NAT_DEP_C,20,,2213
IR_NAT_DEP_C,30,,2213
IR_NAT_DEP_C,40,,2213
IR_NAT_DEP_C,0,,2221
IR_NAT_DEP_C,20,,2221
IR_NAT_DEP_C,30,,2221
IR_NAT_DEP_C,40,,2221
IR_NAT_DEP_C,0,,2222
IR_NAT_DEP_C,20,,2222
IR_NAT_DEP_C,30,,2222
IR_NAT_DEP_C,40,,2222
IR_NAT_DEP_C,0,,2229
IR_NAT_DEP_C,20,,2229
IR_NAT_DEP_C,30,,2229
IR_NAT_DEP_C,71,,2229
IR_NAT_DEP_C,0,,2230
IR_NAT_DEP_C,20,,2230
IR_NAT_DEP_C,30,,2230
IR_NAT_DEP_C,40,,2230
IR_NAT_DEP_C,0,,2231
IR_NAT_DEP_C,20,,2231
IR_NAT_DEP_C,30,,2231
IR_NAT_DEP_C,40,,2231
IR_NAT_DEP_C,0,,2232
IR_NAT_DEP_C,30,,2232
IR_NAT_DEP_C,0,,2234
IR_NAT_DEP_C,20,,2234
IR_NAT_DEP_C,30,,2234
IR_NAT_DEP_C,40,,2234
IR_NAT_DEP_C,71,,2234
IR_NAT_DEP_C,0,,2235
IR_NAT_DEP_C,20,,2235
IR_NAT_DEP_C,30,,2235
IR_NAT_DEP_C,40,,2235
IR_NAT_DEP_C,71,,2235
IR_NAT_DEP_C,0,,2236
IR_NAT_DEP_C,20,,2236
IR_NAT_DEP_C,30,,2236
IR_NAT_DEP_C,40,,2236
IR_NAT_DEP_C,71,,2236
IR_NAT_DEP_C,0,,2237
IR_NAT_DEP_C,30,,2237
IR_NAT_DEP_C,0,,2238
IR_NAT_DEP_C,20,,2238
IR_NAT_DEP_C,30,,2238
IR_NAT_DEP_C,40,,2238
IR_NAT_DEP_C,71,,2238
IR_NAT_DEP_C,0,,2240
IR_NAT_DEP_C,30,,2240
IR_NAT_DEP_C,71,,2240
IR_NAT_DEP_C,72,,2240
IR_NAT_DEP_C,0,,2241
IR_NAT_DEP_C,20,,2241
IR_NAT_DEP_C,30,,2241
IR_NAT_DEP_C,40,,2241
IR_NAT_DEP_C,0,,2242
IR_NAT_DEP_C,20,,2242
IR_NAT_DEP_C,30,,2242
IR_NAT_DEP_C,40,,2242
IR_NAT_DEP_C,71,,2242
IR_NAT_DEP_C,0,,2243
IR_NAT_DEP_C,20,,2243
IR_NAT_DEP_C,30,,2243
IR_NAT_DEP_C,40,,2243
IR_NAT_DEP_C,71,,2243
IR_NAT_DEP_C,0,,2244
IR_NAT_DEP_C,30,,2244
IR_NAT_DEP_C,0,,2245
IR_NAT_DEP_C,20,,2245
IR_NAT_DEP_C,30,,2245
IR_NAT_DEP_C,0,,2246
IR_NAT_DEP_C,20,,2246
IR_NAT_DEP_C,30,,2246
IR_NAT_DEP_C,0,,2247
IR_NAT_DEP_C,20,,2247
IR_NAT_DEP_C,30,,2247
IR_NAT_DEP_C,40,,2247
IR_NAT_DEP_C,0,,2248
IR_NAT_DEP_C,30,,2248
IR_NAT_DEP_C,0,,2249
IR_NAT_DEP_C,30,,2249
IR_NAT_DEP_C,0,,2250
IR_NAT_DEP_C,30,,2250
IR_NAT_DEP_C,0,,2251
IR_NAT_DEP_C,30,,2251
IR_NAT_DEP_C,40,,2251
IR_NAT_DEP_C,0,,2252
IR_NAT_DEP_C,30,,2252
IR_NAT_DEP_C,0,,2257
IR_NAT_DEP_C,30,,2257
IR_NAT_DEP_C,0,,2258
IR_NAT_DEP_C,30,,2258
IR_NAT_DEP_C,71,,2258
IR_NAT_DEP_C,0,,2259
IR_NAT_DEP_C,30,,2259
IR_NAT_DEP_C,40,,2259
IR_NAT_DEP_C,71,,2259
IR_NAT_DEP_C,0,,2260
IR_NAT_DEP_C,30,,2260
IR_NAT_DEP_C,0,,2261
IR_NAT_DEP_C,20,,2261
IR_NAT_DEP_C,30,,2261
IR_NAT_DEP_C,40,,2261
IR_NAT_DEP_C,71,,2261
IR_NAT_DEP_C,0,,2262
IR_NAT_DEP_C,20,,2262
IR_NAT_DEP_C,30,,2262
IR_NAT_DEP_C,40,,2262
IR_NAT_DEP_C,71,,2262
IR_NAT_DEP_C,0,,2271
IR_NAT_DEP_C,20,,2271
IR_NAT_DEP_C,30,,2271
IR_NAT_DEP_C,40,,2271
IR_NAT_DEP_C,0,,2272
IR_NAT_DEP_C,20,,2272
IR_NAT_DEP_C,30,,2272
IR_NAT_DEP_C,40,,2272
IR_NAT_DEP_C,0,,2273
IR_NAT_DEP_C,20,,2273
IR_NAT_DEP_C,30,,2273
IR_NAT_DEP_C,40,,2273
IR_NAT_DEP_C,0,,2274
IR_NAT_DEP_C,20,,2274
IR_NAT_DEP_C,30,,2274
