nom_table,PFS_CAT_COD,CPT_COP_NUM,PRS_NAT
IR_NAT_CAE_C,8,,1781
IR_NAT_CAE_C,9,,1781
IR_NAT_CAE_C,0,,1782
IR_NAT_CAE_C,1,,1782
IR_NAT_CAE_C,2,,1782
IR_NAT_CAE_C,3,,1782
IR_NAT_CAE_C,4,,1782
IR_NAT_CAE_C,5,,1782
IR_NAT_CAE_C,6,,1782
IR_NAT_CAE_C,7,,1782
IR_NAT_CAE_C,8,,1782
IR_NAT_CAE_C,9,,1782
IR_NAT_CAE_C,0,,1783
IR_NAT_CAE_C,1,,1783
IR_NAT_CAE_C,2,,1783
IR_NAT_CAE_C,3,,1783
IR_NAT_CAE_C,4,,1783
IR_NAT_CAE_C,5,,1783
IR_NAT_CAE_C,6,,1783
IR_NAT_CAE_C,7,,1783
IR_NAT_CAE_C,8,,1783
IR_NAT_CAE_C,9,,1783
IR_NAT_CAE_C,0,,1784
IR_NAT_CAE_C,1,,1784
IR_NAT_CAE_C,2,,1784
IR_NAT_CAE_C,3,,1784
IR_NAT_CAE_C,4,,1784
IR_NAT_CAE_C,5,,1784
IR_NAT_CAE_C,6,,1784
IR_NAT_CAE_C,7,,1784
IR_NAT_CAE_C,8,,1784
IR_NAT_CAE_C,9,,1784
IR_NAT_CAE_C,0,,1785
IR_NAT_CAE_C,1,,1785
IR_NAT_CAE_C,2,,1785
IR_NAT_CAE_C,3,,1785
IR_NAT_CAE_C,4,,1785
IR_NAT_CAE_C,5,,1785
IR_NAT_CAE_C,6,,1785
IR_NAT_CAE_C,7,,1785
IR_NAT_CAE_C,8,,1785
IR_NAT_CAE_C,9,,1785
IR_NAT_CAE_C,0,,1786
IR_NAT_CAE_C,1,,1786
IR_NAT_CAE_C,2,,1786
IR_NAT_CAE_C,3,,1786
IR_NAT_CAE_C,4,,1786
IR_NAT_CAE_C,5,,1786
IR_NAT_CAE_C,6,,1786
IR_NAT_CAE_C,7,,1786
IR_NAT_CAE_C,8,,1786
IR_NAT_CAE_C,9,,1786
IR_NAT_CAE_C,0,,1787
IR_NAT_CAE_C,1,,1787
IR_NAT_CAE_C,2,,1787
IR_NAT_CAE_C,3,,1787
IR_NAT_CAE_C,4,,1787
IR_NAT_CAE_C,5,,1787
IR_NAT_CAE_C,6,,1787
IR_NAT_CAE_C,7,,1787
IR_NAT_CAE_C,8,,1787
IR_NAT_CAE_C,9,,1787
IR_NAT_CAE_C,0,,1788
IR_NAT_CAE_C,1,,1788
IR_NAT_CAE_C,2,,1788
IR_NAT_CAE_C,3,,1788
IR_NAT_CAE_C,4,,1788
IR_NAT_CAE_C,5,,1788
IR_NAT_CAE_C,6,,1788
IR_NAT_CAE_C,7,,1788
IR_NAT_CAE_C,8,,1788
IR_NAT_CAE_C,9,,1788
IR_NAT_CAE_C,0,,1789
IR_NAT_CAE_C,1,,1789
IR_NAT_CAE_C,2,,1789
IR_NAT_CAE_C,3,,1789
IR_NAT_CAE_C,4,,1789
IR_NAT_CAE_C,5,,1789
IR_NAT_CAE_C,6,,1789
IR_NAT_CAE_C,7,,1789
IR_NAT_CAE_C,8,,1789
IR_NAT_CAE_C,9,,1789
IR_NAT_CAE_C,0,,1791
IR_NAT_CAE_C,1,,1791
IR_NAT_CAE_C,2,,1791
IR_NAT_CAE_C,3,,1791
IR_NAT_CAE_C,4,,1791
IR_NAT_CAE_C,5,,1791
IR_NAT_CAE_C,6,,1791
IR_NAT_CAE_C,7,,1791
IR_NAT_CAE_C,8,,1791
IR_NAT_CAE_C,9,,1791
IR_NAT_CAE_C,0,,1811
IR_NAT_CAE_C,1,,1811
IR_NAT_CAE_C,3,,1811
IR_NAT_CAE_C,4,,1811
IR_NAT_CAE_C,5,,1811
IR_NAT_CAE_C,6,,1811
IR_NAT_CAE_C,7,,1811
IR_NAT_CAE_C,8,,1811
IR_NAT_CAE_C,9,,1811
IR_NAT_CAE_C,0,,1812
IR_NAT_CAE_C,1,,1812
IR_NAT_CAE_C,3,,1812
IR_NAT_CAE_C,4,,1812
IR_NAT_CAE_C,5,,1812
IR_NAT_CAE_C,6,,1812
IR_NAT_CAE_C,7,,1812
IR_NAT_CAE_C,8,,1812
IR_NAT_CAE_C,9,,1812
IR_NAT_CAE_C,0,,1813
IR_NAT_CAE_C,1,,1813
IR_NAT_CAE_C,3,,1813
IR_NAT_CAE_C,4,,1813
IR_NAT_CAE_C,5,,1813
IR_NAT_CAE_C,6,,1813
IR_NAT_CAE_C,7,,1813
IR_NAT_CAE_C,8,,1813
IR_NAT_CAE_C,9,,1813
IR_NAT_CAE_C,0,,1821
IR_NAT_CAE_C,1,,1821
IR_NAT_CAE_C,3,,1821
IR_NAT_CAE_C,0,,1841
IR_NAT_CAE_C,1,,1841
IR_NAT_CAE_C,4,,1841
IR_NAT_CAE_C,5,,1841
IR_NAT_CAE_C,0,,1842
IR_NAT_CAE_C,1,,1842
IR_NAT_CAE_C,3,,1842
IR_NAT_CAE_C,5,,1842
IR_NAT_CAE_C,6,,1842
IR_NAT_CAE_C,7,,1842
IR_NAT_CAE_C,8,,1842
IR_NAT_CAE_C,9,,1842
IR_NAT_CAE_C,0,,1843
IR_NAT_CAE_C,1,,1843
IR_NAT_CAE_C,7,,1843
IR_NAT_CAE_C,0,,1844
IR_NAT_CAE_C,1,,1844
IR_NAT_CAE_C,7,,1844
IR_NAT_CAE_C,0,,1845
IR_NAT_CAE_C,1,,1845
IR_NAT_CAE_C,7,,1845
IR_NAT_CAE_C,0,,1846
IR_NAT_CAE_C,1,,1846
IR_NAT_CAE_C,7,,1846
IR_NAT_CAE_C,0,,1847
IR_NAT_CAE_C,1,,1847
IR_NAT_CAE_C,7,,1847
IR_NAT_CAE_C,0,,1903
IR_NAT_CAE_C,1,,1903
IR_NAT_CAE_C,0,,1907
IR_NAT_CAE_C,0,,1908
IR_NAT_CAE_C,5,,1908
IR_NAT_CAE_C,0,,1909
IR_NAT_CAE_C,5,,1909
IR_NAT_CAE_C,0,,1910
IR_NAT_CAE_C,1,,1910
IR_NAT_CAE_C,6,,1910
IR_NAT_CAE_C,7,,1910
IR_NAT_CAE_C,0,,1911
IR_NAT_CAE_C,1,,1911
IR_NAT_CAE_C,5,,1911
IR_NAT_CAE_C,0,,1912
IR_NAT_CAE_C,1,,1912
IR_NAT_CAE_C,4,,1912
IR_NAT_CAE_C,5,,1912
IR_NAT_CAE_C,0,,1913
IR_NAT_CAE_C,1,,1913
IR_NAT_CAE_C,3,,1913
IR_NAT_CAE_C,5,,1913
IR_NAT_CAE_C,6,,1913
IR_NAT_CAE_C,9,,1913
IR_NAT_CAE_C,0,,1914
IR_NAT_CAE_C,1,,1914
IR_NAT_CAE_C,1,,1916
IR_NAT_CAE_C,1,,1917
IR_NAT_CAE_C,0,,1918
IR_NAT_CAE_C,1,,1918
IR_NAT_CAE_C,0,,1919
IR_NAT_CAE_C,1,,1919
IR_NAT_CAE_C,3,,1919
IR_NAT_CAE_C,6,,1919
IR_NAT_CAE_C,7,,1919
IR_NAT_CAE_C,8,,1919
IR_NAT_CAE_C,9,,1919
IR_NAT_CAE_C,5,,1920
IR_NAT_CAE_C,0,,1922
IR_NAT_CAE_C,1,,1922
IR_NAT_CAE_C,5,,1922
IR_NAT_CAE_C,0,,1923
IR_NAT_CAE_C,1,,1923
IR_NAT_CAE_C,5,,1923
IR_NAT_CAE_C,0,,1926
IR_NAT_CAE_C,1,,1926
IR_NAT_CAE_C,0,,1931
IR_NAT_CAE_C,1,,1931
IR_NAT_CAE_C,0,,1932
IR_NAT_CAE_C,1,,1932
IR_NAT_CAE_C,0,,1933
IR_NAT_CAE_C,1,,1933
IR_NAT_CAE_C,0,,1934
IR_NAT_CAE_C,1,,1934
IR_NAT_CAE_C,0,,1935
IR_NAT_CAE_C,1,,1935
IR_NAT_CAE_C,0,,1936
IR_NAT_CAE_C,1,,1936
IR_NAT_CAE_C,0,,1937
IR_NAT_CAE_C,1,,1937
IR_NAT_CAE_C,0,,1938
IR_NAT_CAE_C,1,,1938
IR_NAT_CAE_C,0,,1939
IR_NAT_CAE_C,1,,1939
IR_NAT_CAE_C,5,,1939
IR_NAT_CAE_C,0,,1940
IR_NAT_CAE_C,1,,1940
IR_NAT_CAE_C,5,,1940
IR_NAT_CAE_C,0,,1941
IR_NAT_CAE_C,1,,1941
IR_NAT_CAE_C,0,,1942
IR_NAT_CAE_C,1,,1942
IR_NAT_CAE_C,0,,1960
IR_NAT_CAE_C,1,,1960
IR_NAT_CAE_C,3,,1960
IR_NAT_CAE_C,4,,1960
IR_NAT_CAE_C,5,,1960
IR_NAT_CAE_C,6,,1960
IR_NAT_CAE_C,7,,1960
IR_NAT_CAE_C,8,,1960
IR_NAT_CAE_C,9,,1960
IR_NAT_CAE_C,0,,1961
IR_NAT_CAE_C,1,,1961
IR_NAT_CAE_C,3,,1961
IR_NAT_CAE_C,4,,1961
IR_NAT_CAE_C,5,,1961
IR_NAT_CAE_C,6,,1961
IR_NAT_CAE_C,7,,1961
IR_NAT_CAE_C,8,,1961
IR_NAT_CAE_C,9,,1961
IR_NAT_CAE_C,0,,1981
IR_NAT_CAE_C,1,,1981
IR_NAT_CAE_C,5,,1981
IR_NAT_CAE_C,0,,1990
IR_NAT_CAE_C,1,,1990
IR_NAT_CAE_C,0,,1991
IR_NAT_CAE_C,1,,1991
IR_NAT_CAE_C,0,,1992
IR_NAT_CAE_C,1,,1992
IR_NAT_CAE_C,0,,1993
IR_NAT_CAE_C,1,,1993
IR_NAT_CAE_C,0,,1994
IR_NAT_CAE_C,1,,1994
IR_NAT_CAE_C,0,,1995
IR_NAT_CAE_C,1,,1995
IR_NAT_CAE_C,0,,1996
IR_NAT_CAE_C,1,,1996
IR_NAT_CAE_C,0,,1997
IR_NAT_CAE_C,1,,1997
IR_NAT_CAE_C,0,,1998
IR_NAT_CAE_C,1,,1998
IR_NAT_CAE_C,0,,1999
IR_NAT_CAE_C,1,,1999
IR_NAT_CAE_C,0,,2106
IR_NAT_CAE_C,0,,2107
IR_NAT_CAE_C,0,,2108
IR_NAT_CAE_C,0,,2109
IR_NAT_CAE_C,0,,2111
IR_NAT_CAE_C,0,,2112
IR_NAT_CAE_C,0,,2113
IR_NAT_CAE_C,0,,2114
IR_NAT_CAE_C,0,,2115
IR_NAT_CAE_C,0,,2116
IR_NAT_CAE_C,0,,2117
IR_NAT_CAE_C,0,,2118
IR_NAT_CAE_C,0,,2119
IR_NAT_CAE_C,0,,2120
IR_NAT_CAE_C,0,,2129
IR_NAT_CAE_C,0,,2131
IR_NAT_CAE_C,0,,2132
IR_NAT_CAE_C,0,,2133
IR_NAT_CAE_C,0,,2134
IR_NAT_CAE_C,0,,2135
IR_NAT_CAE_C,0,,2136
IR_NAT_CAE_C,0,,2137
IR_NAT_CAE_C,0,,2138
IR_NAT_CAE_C,0,,2139
IR_NAT_CAE_C,0,,2140
IR_NAT_CAE_C,0,,2141
IR_NAT_CAE_C,0,,2142
IR_NAT_CAE_C,0,,2143
IR_NAT_CAE_C,0,,2144
IR_NAT_CAE_C,0,,2145
IR_NAT_CAE_C,0,,2146
IR_NAT_CAE_C,0,,2147
IR_NAT_CAE_C,0,,2150
IR_NAT_CAE_C,0,,2151
IR_NAT_CAE_C,0,,2152
IR_NAT_CAE_C,0,,2153
IR_NAT_CAE_C,0,,2154
IR_NAT_CAE_C,0,,2155
IR_NAT_CAE_C,0,,2156
IR_NAT_CAE_C,0,,2157
IR_NAT_CAE_C,0,,2158
IR_NAT_CAE_C,0,,2159
IR_NAT_CAE_C,1,,2159
IR_NAT_CAE_C,0,,2160
IR_NAT_CAE_C,0,,2161
IR_NAT_CAE_C,0,,2162
IR_NAT_CAE_C,0,,2163
IR_NAT_CAE_C,0,,2164
IR_NAT_CAE_C,0,,2165
IR_NAT_CAE_C,0,,2166
IR_NAT_CAE_C,0,,2167
IR_NAT_CAE_C,0,,2168
IR_NAT_CAE_C,0,,2170
IR_NAT_CAE_C,0,,2171
IR_NAT_CAE_C,0,,2172
IR_NAT_CAE_C,0,,2173
IR_NAT_CAE_C,0,,2174
IR_NAT_CAE_C,0,,2175
IR_NAT_CAE_C,0,,2176
IR_NAT_CAE_C,0,,2177
IR_NAT_CAE_C,0,,2178
IR_NAT_CAE_C,0,,2181
IR_NAT_CAE_C,0,,2182
IR_NAT_CAE_C,0,,2183
IR_NAT_CAE_C,0,,2184
IR_NAT_CAE_C,0,,2185
IR_NAT_CAE_C,0,,2186
IR_NAT_CAE_C,0,,2187
IR_NAT_CAE_C,0,,2188
IR_NAT_CAE_C,0,,2189
IR_NAT_CAE_C,0,,2190
IR_NAT_CAE_C,0,,2191
IR_NAT_CAE_C,0,,2195
IR_NAT_CAE_C,0,,2196
IR_NAT_CAE_C,0,,2201
IR_NAT_CAE_C,0,,2202
IR_NAT_CAE_C,0,,2203
IR_NAT_CAE_C,0,,2204
IR_NAT_CAE_C,0,,2205
IR_NAT_CAE_C,0,,2206
IR_NAT_CAE_C,0,,2211
IR_NAT_CAE_C,0,,2212
IR_NAT_CAE_C,0,,2213
IR_NAT_CAE_C,0,,2214
IR_NAT_CAE_C,0,,2215
IR_NAT_CAE_C,0,,2221
IR_NAT_CAE_C,0,,2222
IR_NAT_CAE_C,0,,2229
IR_NAT_CAE_C,0,,2230
IR_NAT_CAE_C,0,,2231
IR_NAT_CAE_C,0,,2232
IR_NAT_CAE_C,0,,2234
IR_NAT_CAE_C,0,,2235
IR_NAT_CAE_C,0,,2236
IR_NAT_CAE_C,0,,2237
IR_NAT_CAE_C,0,,2238
IR_NAT_CAE_C,0,,2239
IR_NAT_CAE_C,0,,2240
IR_NAT_CAE_C,0,,2241
IR_NAT_CAE_C,0,,2242
IR_NAT_CAE_C,0,,2243
IR_NAT_CAE_C,0,,2244
IR_NAT_CAE_C,0,,2245
IR_NAT_CAE_C,0,,2246
IR_NAT_CAE_C,0,,2247
IR_NAT_CAE_C,0,,2248
IR_NAT_CAE_C,0,,2249
IR_NAT_CAE_C,0,,2250
IR_NAT_CAE_C,0,,2251
IR_NAT_CAE_C,0,,2252
IR_NAT_CAE_C,0,,2257
IR_NAT_CAE_C,0,,2258
IR_NAT_CAE_C,0,,2259
IR_NAT_CAE_C,0,,2260
IR_NAT_CAE_C,0,,2261
IR_NAT_CAE_C,0,,2262
IR_NAT_CAE_C,0,,2263
IR_NAT_CAE_C,0,,2264
IR_NAT_CAE_C,0,,2265
IR_NAT_CAE_C,0,,2271
IR_NAT_CAE_C,0,,2272
IR_NAT_CAE_C,0,,2273
IR_NAT_CAE_C,0,,2274
IR_NAT_CAE_C,0,,2275
IR_NAT_CAE_C,0,,2283
IR_NAT_CAE_C,0,,2284
IR_NAT_CAE_C,0,,2285
IR_NAT_CAE_C,0,,2321
IR_NAT_CAE_C,0,,2331
IR_NAT_CAE_C,0,,2332
IR_NAT_CAE_C,0,,2333
IR_NAT_CAE_C,0,,2334
IR_NAT_CAE_C,0,,2336
IR_NAT_CAE_C,0,,2337
IR_NAT_CAE_C,1,,2337
IR_NAT_CAE_C,0,,2338
IR_NAT_CAE_C,0,,2339
IR_NAT_CAE_C,0,,2341
IR_NAT_CAE_C,0,,2342
IR_NAT_CAE_C,1,,2342
IR_NAT_CAE_C,0,,2343
IR_NAT_CAE_C,1,,2343
IR_NAT_CAE_C,0,,2344
IR_NAT_CAE_C,1,,2344
IR_NAT_CAE_C,0,,2345
IR_NAT_CAE_C,1,,2345
IR_NAT_CAE_C,0,,2346
IR_NAT_CAE_C,1,,2346
IR_NAT_CAE_C,0,,2347
IR_NAT_CAE_C,1,,2347
IR_NAT_CAE_C,0,,2351
IR_NAT_CAE_C,0,,2352
IR_NAT_CAE_C,0,,2353
IR_NAT_CAE_C,0,,2354
IR_NAT_CAE_C,0,,2355
IR_NAT_CAE_C,0,,2356
IR_NAT_CAE_C,0,,2357
IR_NAT_CAE_C,0,,2358
IR_NAT_CAE_C,0,,2359
IR_NAT_CAE_C,0,,2360
IR_NAT_CAE_C,0,,2361
IR_NAT_CAE_C,0,,2362
IR_NAT_CAE_C,0,,2363
IR_NAT_CAE_C,0,,2364
IR_NAT_CAE_C,0,,2365
IR_NAT_CAE_C,0,,2366
IR_NAT_CAE_C,0,,2367
IR_NAT_CAE_C,0,,2368
IR_NAT_CAE_C,0,,2369
IR_NAT_CAE_C,0,,2380
IR_NAT_CAE_C,0,,2381
IR_NAT_CAE_C,0,,2382
IR_NAT_CAE_C,0,,2383
IR_NAT_CAE_C,0,,2384
IR_NAT_CAE_C,0,,2385
IR_NAT_CAE_C,0,,2386
IR_NAT_CAE_C,0,,2387
IR_NAT_CAE_C,0,,2388
IR_NAT_CAE_C,0,,2389
IR_NAT_CAE_C,0,,2391
IR_NAT_CAE_C,0,,2392
IR_NAT_CAE_C,0,,2411
IR_NAT_CAE_C,1,,2411
IR_NAT_CAE_C,0,,2412
IR_NAT_CAE_C,1,,2412
IR_NAT_CAE_C,0,,2413
IR_NAT_CAE_C,1,,2413
IR_NAT_CAE_C,3,,2413
IR_NAT_CAE_C,0,,2414
IR_NAT_CAE_C,1,,2414
IR_NAT_CAE_C,5,,2414
IR_NAT_CAE_C,0,,2415
IR_NAT_CAE_C,0,,2416
IR_NAT_CAE_C,0,,2417
IR_NAT_CAE_C,2,,2417
IR_NAT_CAE_C,3,,2417
IR_NAT_CAE_C,0,,2418
IR_NAT_CAE_C,1,,2418
IR_NAT_CAE_C,5,,2418
IR_NAT_CAE_C,0,,2419
IR_NAT_CAE_C,0,,2420
IR_NAT_CAE_C,0,,2421
IR_NAT_CAE_C,0,,2422
IR_NAT_CAE_C,0,,2423
IR_NAT_CAE_C,0,,2424
IR_NAT_CAE_C,0,,2425
IR_NAT_CAE_C,0,,2426
IR_NAT_CAE_C,1,,2426
IR_NAT_CAE_C,5,,2426
IR_NAT_CAE_C,0,,2428
IR_NAT_CAE_C,1,,2428
IR_NAT_CAE_C,5,,2428
IR_NAT_CAE_C,0,,2501
IR_NAT_CAE_C,0,,2502
IR_NAT_CAE_C,0,,2503
IR_NAT_CAE_C,0,,2504
IR_NAT_CAE_C,0,,3110
IR_NAT_CAE_C,6,,3110
IR_NAT_CAE_C,0,,3111
IR_NAT_CAE_C,1,,3111
IR_NAT_CAE_C,3,,3111
IR_NAT_CAE_C,5,,3111
IR_NAT_CAE_C,6,,3111
IR_NAT_CAE_C,7,,3111
IR_NAT_CAE_C,8,,3111
IR_NAT_CAE_C,9,,3111
IR_NAT_CAE_C,0,,3112
IR_NAT_CAE_C,1,,3112
IR_NAT_CAE_C,5,,3112
IR_NAT_CAE_C,6,,3112
IR_NAT_CAE_C,7,,3112
IR_NAT_CAE_C,8,,3112
IR_NAT_CAE_C,9,,3112
IR_NAT_CAE_C,0,,3113
IR_NAT_CAE_C,1,,3113
IR_NAT_CAE_C,3,,3113
IR_NAT_CAE_C,5,,3113
IR_NAT_CAE_C,0,,3115
IR_NAT_CAE_C,1,,3115
IR_NAT_CAE_C,5,,3115
IR_NAT_CAE_C,6,,3115
IR_NAT_CAE_C,7,,3115
IR_NAT_CAE_C,8,,3115
IR_NAT_CAE_C,9,,3115
IR_NAT_CAE_C,0,,3116
IR_NAT_CAE_C,1,,3116
IR_NAT_CAE_C,3,,3116
IR_NAT_CAE_C,5,,3116
IR_NAT_CAE_C,6,,3116
IR_NAT_CAE_C,7,,3116
IR_NAT_CAE_C,8,,3116
IR_NAT_CAE_C,9,,3116
IR_NAT_CAE_C,0,,3117
IR_NAT_CAE_C,1,,3117
IR_NAT_CAE_C,5,,3117
IR_NAT_CAE_C,6,,3117
IR_NAT_CAE_C,7,,3117
IR_NAT_CAE_C,8,,3117
IR_NAT_CAE_C,9,,3117
IR_NAT_CAE_C,0,,3121
IR_NAT_CAE_C,1,,3121
IR_NAT_CAE_C,5,,3121
IR_NAT_CAE_C,6,,3121
IR_NAT_CAE_C,7,,3121
IR_NAT_CAE_C,8,,3121
IR_NAT_CAE_C,9,,3121
IR_NAT_CAE_C,0,,3122
IR_NAT_CAE_C,1,,3122
IR_NAT_CAE_C,5,,3122
IR_NAT_CAE_C,6,,3122
IR_NAT_CAE_C,7,,3122
IR_NAT_CAE_C,8,,3122
IR_NAT_CAE_C,9,,3122
IR_NAT_CAE_C,0,,3125
IR_NAT_CAE_C,1,,3125
IR_NAT_CAE_C,6,,3125
IR_NAT_CAE_C,7,,3125
IR_NAT_CAE_C,8,,3125
IR_NAT_CAE_C,9,,3125
IR_NAT_CAE_C,7,,3126
IR_NAT_CAE_C,0,,3127
IR_NAT_CAE_C,1,,3127
IR_NAT_CAE_C,7,,3127
IR_NAT_CAE_C,0,,3128
IR_NAT_CAE_C,1,,3128
IR_NAT_CAE_C,7,,3128
IR_NAT_CAE_C,0,,3131
IR_NAT_CAE_C,1,,3131
IR_NAT_CAE_C,5,,3131
IR_NAT_CAE_C,6,,3131
IR_NAT_CAE_C,7,,3131
IR_NAT_CAE_C,8,,3131
IR_NAT_CAE_C,9,,3131
IR_NAT_CAE_C,0,,3132
IR_NAT_CAE_C,1,,3132
IR_NAT_CAE_C,5,,3132
IR_NAT_CAE_C,6,,3132
IR_NAT_CAE_C,7,,3132
IR_NAT_CAE_C,8,,3132
IR_NAT_CAE_C,9,,3132
IR_NAT_CAE_C,0,,3133
IR_NAT_CAE_C,1,,3133
IR_NAT_CAE_C,5,,3133
IR_NAT_CAE_C,6,,3133
IR_NAT_CAE_C,7,,3133
IR_NAT_CAE_C,8,,3133
IR_NAT_CAE_C,9,,3133
IR_NAT_CAE_C,0,,3134
IR_NAT_CAE_C,1,,3134
IR_NAT_CAE_C,5,,3134
IR_NAT_CAE_C,6,,3134
IR_NAT_CAE_C,7,,3134
IR_NAT_CAE_C,8,,3134
IR_NAT_CAE_C,9,,3134
IR_NAT_CAE_C,9,,3139
IR_NAT_CAE_C,0,,3211
IR_NAT_CAE_C,2,,3211
IR_NAT_CAE_C,3,,3211
IR_NAT_CAE_C,0,,3213
IR_NAT_CAE_C,3,,3213
IR_NAT_CAE_C,0,,3216
IR_NAT_CAE_C,3,,3216
IR_NAT_CAE_C,0,,3221
IR_NAT_CAE_C,3,,3221
IR_NAT_CAE_C,0,,3222
IR_NAT_CAE_C,3,,3222
IR_NAT_CAE_C,0,,3223
IR_NAT_CAE_C,3,,3223
IR_NAT_CAE_C,0,,3225
IR_NAT_CAE_C,1,,3225
IR_NAT_CAE_C,3,,3225
IR_NAT_CAE_C,2,,3300
IR_NAT_CAE_C,2,,3301
IR_NAT_CAE_C,2,,3302
IR_NAT_CAE_C,2,,3303
IR_NAT_CAE_C,2,,3304
IR_NAT_CAE_C,2,,3305
IR_NAT_CAE_C,2,,3306
IR_NAT_CAE_C,2,,3307
IR_NAT_CAE_C,0,,3311
IR_NAT_CAE_C,1,,3311
IR_NAT_CAE_C,2,,3311
IR_NAT_CAE_C,0,,3312
IR_NAT_CAE_C,1,,3312
IR_NAT_CAE_C,2,,3312
IR_NAT_CAE_C,0,,3313
IR_NAT_CAE_C,1,,3313
IR_NAT_CAE_C,2,,3313
IR_NAT_CAE_C,0,,3314
IR_NAT_CAE_C,1,,3314
IR_NAT_CAE_C,2,,3314
IR_NAT_CAE_C,0,,3315
IR_NAT_CAE_C,2,,3315
IR_NAT_CAE_C,0,,3316
IR_NAT_CAE_C,1,,3316
IR_NAT_CAE_C,2,,3316
IR_NAT_CAE_C,0,,3317
IR_NAT_CAE_C,0,,3318
IR_NAT_CAE_C,0,,3319
IR_NAT_CAE_C,0,,3320
IR_NAT_CAE_C,0,,3322
IR_NAT_CAE_C,2,,3322
IR_NAT_CAE_C,2,,3323
IR_NAT_CAE_C,0,,3324
IR_NAT_CAE_C,1,,3325
IR_NAT_CAE_C,2,,3325
IR_NAT_CAE_C,1,,3326
IR_NAT_CAE_C,2,,3326
IR_NAT_CAE_C,1,,3327
IR_NAT_CAE_C,2,,3327
IR_NAT_CAE_C,1,,3328
IR_NAT_CAE_C,2,,3328
IR_NAT_CAE_C,0,,3329
IR_NAT_CAE_C,1,,3329
IR_NAT_CAE_C,5,,3329
IR_NAT_CAE_C,0,,3330
IR_NAT_CAE_C,0,,3331
IR_NAT_CAE_C,1,,3331
IR_NAT_CAE_C,2,,3331
IR_NAT_CAE_C,0,,3332
IR_NAT_CAE_C,1,,3332
IR_NAT_CAE_C,2,,3332
IR_NAT_CAE_C,2,,3334
IR_NAT_CAE_C,2,,3335
IR_NAT_CAE_C,0,,3336
IR_NAT_CAE_C,0,,3337
IR_NAT_CAE_C,1,,3337
IR_NAT_CAE_C,0,,3338
IR_NAT_CAE_C,1,,3338
IR_NAT_CAE_C,0,,3339
IR_NAT_CAE_C,1,,3339
IR_NAT_CAE_C,0,,3340
IR_NAT_CAE_C,1,,3340
IR_NAT_CAE_C,0,,3341
IR_NAT_CAE_C,1,,3341
IR_NAT_CAE_C,2,,3341
IR_NAT_CAE_C,0,,3342
IR_NAT_CAE_C,1,,3342
IR_NAT_CAE_C,2,,3342
IR_NAT_CAE_C,0,,3343
IR_NAT_CAE_C,1,,3343
IR_NAT_CAE_C,2,,3343
IR_NAT_CAE_C,0,,3351
IR_NAT_CAE_C,0,,3352
IR_NAT_CAE_C,0,,3353
IR_NAT_CAE_C,0,,3354
IR_NAT_CAE_C,0,,3355
IR_NAT_CAE_C,0,,3356
IR_NAT_CAE_C,0,,3357
IR_NAT_CAE_C,2,,3361
IR_NAT_CAE_C,2,,3362
IR_NAT_CAE_C,2,,3363
IR_NAT_CAE_C,2,,3371
IR_NAT_CAE_C,2,,3372
IR_NAT_CAE_C,2,,3373
IR_NAT_CAE_C,2,,3374
IR_NAT_CAE_C,0,,3375
IR_NAT_CAE_C,1,,3375
IR_NAT_CAE_C,2,,3375
IR_NAT_CAE_C,2,,3378
IR_NAT_CAE_C,2,,3381
IR_NAT_CAE_C,0,,3382
IR_NAT_CAE_C,2,,3382
IR_NAT_CAE_C,2,,3391
IR_NAT_CAE_C,2,,3392
IR_NAT_CAE_C,2,,3393
IR_NAT_CAE_C,2,,3394
IR_NAT_CAE_C,2,,3395
IR_NAT_CAE_C,2,,3396
IR_NAT_CAE_C,2,,3397
IR_NAT_CAE_C,2,,3398
IR_NAT_CAE_C,0,,3399
IR_NAT_CAE_C,1,,3399
IR_NAT_CAE_C,2,,3399
IR_NAT_CAE_C,1,,3512
IR_NAT_CAE_C,2,,3512
IR_NAT_CAE_C,0,,3513
IR_NAT_CAE_C,1,,3513
IR_NAT_CAE_C,2,,3513
IR_NAT_CAE_C,1,,3514
IR_NAT_CAE_C,2,,3514
IR_NAT_CAE_C,1,,3515
IR_NAT_CAE_C,2,,3515
IR_NAT_CAE_C,0,,3517
IR_NAT_CAE_C,2,,3517
IR_NAT_CAE_C,1,,3521
IR_NAT_CAE_C,2,,3521
IR_NAT_CAE_C,8,,3521
IR_NAT_CAE_C,0,,3522
IR_NAT_CAE_C,1,,3522
IR_NAT_CAE_C,2,,3522
IR_NAT_CAE_C,8,,3522
IR_NAT_CAE_C,0,,3523
IR_NAT_CAE_C,2,,3523
IR_NAT_CAE_C,0,,3524
IR_NAT_CAE_C,2,,3524
IR_NAT_CAE_C,0,,3525
IR_NAT_CAE_C,2,,3525
IR_NAT_CAE_C,0,,3526
IR_NAT_CAE_C,2,,3526
IR_NAT_CAE_C,0,,3527
IR_NAT_CAE_C,2,,3527
IR_NAT_CAE_C,0,,3528
IR_NAT_CAE_C,2,,3528
IR_NAT_CAE_C,0,,3529
IR_NAT_CAE_C,2,,3529
IR_NAT_CAE_C,0,,1436
IR_NAT_CAE_C,1,,1436
IR_NAT_CAE_C,4,,1436
IR_NAT_CAE_C,0,,1437
IR_NAT_CAE_C,4,,1437
IR_NAT_CAE_C,0,,1451
IR_NAT_CAE_C,1,,1451
IR_NAT_CAE_C,4,,1451
IR_NAT_CAE_C,0,,1452
IR_NAT_CAE_C,1,,1452
IR_NAT_CAE_C,4,,1452
IR_NAT_CAE_C,0,,1453
IR_NAT_CAE_C,1,,1453
IR_NAT_CAE_C,4,,1453
IR_NAT_CAE_C,0,,1462
IR_NAT_CAE_C,1,,1462
IR_NAT_CAE_C,4,,1462
IR_NAT_CAE_C,0,,1465
IR_NAT_CAE_C,1,,1465
IR_NAT_CAE_C,4,,1465
IR_NAT_CAE_C,0,,1470
IR_NAT_CAE_C,1,,1470
IR_NAT_CAE_C,4,,1470
IR_NAT_CAE_C,0,,1471
IR_NAT_CAE_C,1,,1471
IR_NAT_CAE_C,4,,1471
IR_NAT_CAE_C,0,,1472
IR_NAT_CAE_C,1,,1472
IR_NAT_CAE_C,4,,1472
IR_NAT_CAE_C,0,,1473
IR_NAT_CAE_C,1,,1473
IR_NAT_CAE_C,4,,1473
IR_NAT_CAE_C,0,,1474
IR_NAT_CAE_C,1,,1474
IR_NAT_CAE_C,4,,1474
IR_NAT_CAE_C,0,,1475
IR_NAT_CAE_C,1,,1475
IR_NAT_CAE_C,4,,1475
IR_NAT_CAE_C,0,,1476
IR_NAT_CAE_C,1,,1476
IR_NAT_CAE_C,4,,1476
IR_NAT_CAE_C,0,,1477
IR_NAT_CAE_C,1,,1477
IR_NAT_CAE_C,4,,1477
IR_NAT_CAE_C,0,,1521
IR_NAT_CAE_C,1,,1521
IR_NAT_CAE_C,0,,1522
IR_NAT_CAE_C,1,,1522
IR_NAT_CAE_C,0,,1523
IR_NAT_CAE_C,4,,1523
IR_NAT_CAE_C,1,,1601
IR_NAT_CAE_C,4,,1602
IR_NAT_CAE_C,5,,1602
IR_NAT_CAE_C,6,,1602
IR_NAT_CAE_C,7,,1602
IR_NAT_CAE_C,9,,1602
IR_NAT_CAE_C,2,,1605
IR_NAT_CAE_C,0,,1606
IR_NAT_CAE_C,3,,1606
IR_NAT_CAE_C,6,,1607
IR_NAT_CAE_C,0,,1608
IR_NAT_CAE_C,1,,1608
IR_NAT_CAE_C,3,,1608
IR_NAT_CAE_C,1,,1609
IR_NAT_CAE_C,0,,1610
IR_NAT_CAE_C,1,,1611
IR_NAT_CAE_C,1,,1612
IR_NAT_CAE_C,1,,1613
IR_NAT_CAE_C,2,,1614
IR_NAT_CAE_C,2,,1615
IR_NAT_CAE_C,2,,1616
IR_NAT_CAE_C,0,,1617
IR_NAT_CAE_C,1,,1617
IR_NAT_CAE_C,0,,1618
IR_NAT_CAE_C,1,,1618
IR_NAT_CAE_C,0,,1621
IR_NAT_CAE_C,0,,1622
IR_NAT_CAE_C,0,,1623
IR_NAT_CAE_C,0,,1624
IR_NAT_CAE_C,0,,1625
IR_NAT_CAE_C,0,,1626
IR_NAT_CAE_C,0,,1627
IR_NAT_CAE_C,4,,1627
IR_NAT_CAE_C,1,,1628
IR_NAT_CAE_C,0,,1629
IR_NAT_CAE_C,1,,1629
IR_NAT_CAE_C,1,,1630
IR_NAT_CAE_C,0,,1631
IR_NAT_CAE_C,1,,1631
IR_NAT_CAE_C,1,,1632
IR_NAT_CAE_C,1,,1633
IR_NAT_CAE_C,1,,1634
IR_NAT_CAE_C,1,,1635
IR_NAT_CAE_C,1,,1636
IR_NAT_CAE_C,1,,1637
IR_NAT_CAE_C,1,,1638
IR_NAT_CAE_C,1,,1639
IR_NAT_CAE_C,0,,1640
IR_NAT_CAE_C,1,,1640
IR_NAT_CAE_C,0,,1641
IR_NAT_CAE_C,1,,1641
IR_NAT_CAE_C,0,,1642
IR_NAT_CAE_C,1,,1642
IR_NAT_CAE_C,0,,1643
IR_NAT_CAE_C,1,,1643
IR_NAT_CAE_C,0,,1644
IR_NAT_CAE_C,1,,1644
IR_NAT_CAE_C,0,,1645
IR_NAT_CAE_C,1,,1645
IR_NAT_CAE_C,0,,1646
IR_NAT_CAE_C,1,,1646
IR_NAT_CAE_C,1,,1647
IR_NAT_CAE_C,1,,1648
IR_NAT_CAE_C,0,,1649
IR_NAT_CAE_C,1,,1649
IR_NAT_CAE_C,1,,1650
IR_NAT_CAE_C,1,,1651
IR_NAT_CAE_C,0,,1701
IR_NAT_CAE_C,0,,1702
IR_NAT_CAE_C,0,,1703
IR_NAT_CAE_C,0,,1704
IR_NAT_CAE_C,0,,1705
IR_NAT_CAE_C,0,,1706
IR_NAT_CAE_C,0,,1707
IR_NAT_CAE_C,0,,1708
IR_NAT_CAE_C,0,,1715
IR_NAT_CAE_C,1,,1715
IR_NAT_CAE_C,0,,1716
IR_NAT_CAE_C,1,,1716
IR_NAT_CAE_C,0,,1717
IR_NAT_CAE_C,1,,1717
IR_NAT_CAE_C,1,,1718
IR_NAT_CAE_C,0,,1721
IR_NAT_CAE_C,1,,1721
IR_NAT_CAE_C,2,,1721
IR_NAT_CAE_C,3,,1721
IR_NAT_CAE_C,4,,1721
IR_NAT_CAE_C,5,,1721
IR_NAT_CAE_C,6,,1721
IR_NAT_CAE_C,7,,1721
IR_NAT_CAE_C,8,,1721
IR_NAT_CAE_C,9,,1721
IR_NAT_CAE_C,0,,1722
IR_NAT_CAE_C,1,,1722
IR_NAT_CAE_C,2,,1722
IR_NAT_CAE_C,3,,1722
IR_NAT_CAE_C,4,,1722
IR_NAT_CAE_C,5,,1722
IR_NAT_CAE_C,6,,1722
IR_NAT_CAE_C,7,,1722
IR_NAT_CAE_C,8,,1722
IR_NAT_CAE_C,9,,1722
IR_NAT_CAE_C,0,,1723
IR_NAT_CAE_C,1,,1723
IR_NAT_CAE_C,2,,1723
IR_NAT_CAE_C,3,,1723
IR_NAT_CAE_C,4,,1723
IR_NAT_CAE_C,5,,1723
IR_NAT_CAE_C,6,,1723
IR_NAT_CAE_C,7,,1723
IR_NAT_CAE_C,8,,1723
IR_NAT_CAE_C,9,,1723
IR_NAT_CAE_C,0,,1724
IR_NAT_CAE_C,1,,1724
IR_NAT_CAE_C,2,,1724
IR_NAT_CAE_C,3,,1724
IR_NAT_CAE_C,4,,1724
IR_NAT_CAE_C,5,,1724
IR_NAT_CAE_C,6,,1724
IR_NAT_CAE_C,7,,1724
IR_NAT_CAE_C,8,,1724
IR_NAT_CAE_C,9,,1724
IR_NAT_CAE_C,0,,1725
IR_NAT_CAE_C,1,,1725
IR_NAT_CAE_C,2,,1725
IR_NAT_CAE_C,3,,1725
IR_NAT_CAE_C,4,,1725
IR_NAT_CAE_C,5,,1725
IR_NAT_CAE_C,6,,1725
IR_NAT_CAE_C,7,,1725
IR_NAT_CAE_C,8,,1725
IR_NAT_CAE_C,9,,1725
IR_NAT_CAE_C,0,,1726
IR_NAT_CAE_C,1,,1726
IR_NAT_CAE_C,2,,1726
IR_NAT_CAE_C,3,,1726
IR_NAT_CAE_C,4,,1726
IR_NAT_CAE_C,5,,1726
IR_NAT_CAE_C,6,,1726
IR_NAT_CAE_C,7,,1726
IR_NAT_CAE_C,8,,1726
IR_NAT_CAE_C,9,,1726
IR_NAT_CAE_C,0,,1727
IR_NAT_CAE_C,1,,1727
IR_NAT_CAE_C,2,,1727
IR_NAT_CAE_C,3,,1727
IR_NAT_CAE_C,4,,1727
IR_NAT_CAE_C,5,,1727
IR_NAT_CAE_C,6,,1727
IR_NAT_CAE_C,7,,1727
IR_NAT_CAE_C,8,,1727
IR_NAT_CAE_C,9,,1727
IR_NAT_CAE_C,0,,1728
IR_NAT_CAE_C,1,,1728
IR_NAT_CAE_C,2,,1728
IR_NAT_CAE_C,3,,1728
IR_NAT_CAE_C,4,,1728
IR_NAT_CAE_C,5,,1728
IR_NAT_CAE_C,6,,1728
IR_NAT_CAE_C,7,,1728
IR_NAT_CAE_C,8,,1728
IR_NAT_CAE_C,9,,1728
IR_NAT_CAE_C,0,,1729
IR_NAT_CAE_C,1,,1729
IR_NAT_CAE_C,2,,1729
IR_NAT_CAE_C,3,,1729
IR_NAT_CAE_C,4,,1729
IR_NAT_CAE_C,5,,1729
IR_NAT_CAE_C,6,,1729
IR_NAT_CAE_C,7,,1729
IR_NAT_CAE_C,8,,1729
IR_NAT_CAE_C,9,,1729
IR_NAT_CAE_C,0,,1731
IR_NAT_CAE_C,1,,1731
IR_NAT_CAE_C,2,,1731
IR_NAT_CAE_C,3,,1731
IR_NAT_CAE_C,4,,1731
IR_NAT_CAE_C,5,,1731
IR_NAT_CAE_C,6,,1731
IR_NAT_CAE_C,7,,1731
IR_NAT_CAE_C,8,,1731
IR_NAT_CAE_C,9,,1731
IR_NAT_CAE_C,0,,1732
IR_NAT_CAE_C,1,,1732
IR_NAT_CAE_C,2,,1732
IR_NAT_CAE_C,3,,1732
IR_NAT_CAE_C,4,,1732
IR_NAT_CAE_C,5,,1732
IR_NAT_CAE_C,6,,1732
IR_NAT_CAE_C,7,,1732
IR_NAT_CAE_C,8,,1732
IR_NAT_CAE_C,9,,1732
IR_NAT_CAE_C,0,,1109
IR_NAT_CAE_C,1,,1109
IR_NAT_CAE_C,0,,1110
IR_NAT_CAE_C,1,,1110
IR_NAT_CAE_C,0,,1111
IR_NAT_CAE_C,1,,1111
IR_NAT_CAE_C,4,,1111
IR_NAT_CAE_C,5,,1111
IR_NAT_CAE_C,0,,1112
IR_NAT_CAE_C,1,,1112
IR_NAT_CAE_C,4,,1112
IR_NAT_CAE_C,0,,1113
IR_NAT_CAE_C,1,,1113
IR_NAT_CAE_C,0,,1114
IR_NAT_CAE_C,1,,1114
IR_NAT_CAE_C,0,,1115
IR_NAT_CAE_C,1,,1115
IR_NAT_CAE_C,0,,1116
IR_NAT_CAE_C,1,,1116
IR_NAT_CAE_C,0,,1117
IR_NAT_CAE_C,1,,1117
IR_NAT_CAE_C,0,,1118
IR_NAT_CAE_C,1,,1118
IR_NAT_CAE_C,1,,1119
IR_NAT_CAE_C,0,,1120
IR_NAT_CAE_C,1,,1120
IR_NAT_CAE_C,0,,1121
IR_NAT_CAE_C,1,,1121
IR_NAT_CAE_C,0,,1122
IR_NAT_CAE_C,1,,1122
IR_NAT_CAE_C,0,,1123
IR_NAT_CAE_C,1,,1123
IR_NAT_CAE_C,0,,1124
IR_NAT_CAE_C,1,,1124
IR_NAT_CAE_C,0,,1125
IR_NAT_CAE_C,1,,1125
IR_NAT_CAE_C,0,,1126
IR_NAT_CAE_C,1,,1126
IR_NAT_CAE_C,0,,1127
IR_NAT_CAE_C,1,,1127
IR_NAT_CAE_C,1,,1128
IR_NAT_CAE_C,0,,1129
IR_NAT_CAE_C,1,,1129
IR_NAT_CAE_C,0,,1130
IR_NAT_CAE_C,1,,1130
IR_NAT_CAE_C,0,,1131
IR_NAT_CAE_C,1,,1131
IR_NAT_CAE_C,0,,1132
IR_NAT_CAE_C,1,,1132
IR_NAT_CAE_C,0,,1133
IR_NAT_CAE_C,1,,1133
IR_NAT_CAE_C,0,,1134
IR_NAT_CAE_C,1,,1134
IR_NAT_CAE_C,0,,1135
IR_NAT_CAE_C,1,,1135
IR_NAT_CAE_C,0,,1136
IR_NAT_CAE_C,1,,1136
IR_NAT_CAE_C,0,,1137
IR_NAT_CAE_C,1,,1137
IR_NAT_CAE_C,1,,1138
IR_NAT_CAE_C,1,,1139
IR_NAT_CAE_C,0,,1140
IR_NAT_CAE_C,1,,1140
IR_NAT_CAE_C,0,,1141
IR_NAT_CAE_C,1,,1141
IR_NAT_CAE_C,1,,1142
IR_NAT_CAE_C,1,,1143
IR_NAT_CAE_C,0,,1144
IR_NAT_CAE_C,1,,1144
IR_NAT_CAE_C,0,,1145
IR_NAT_CAE_C,1,,1145
IR_NAT_CAE_C,0,,1146
IR_NAT_CAE_C,1,,1146
IR_NAT_CAE_C,0,,1147
IR_NAT_CAE_C,1,,1147
IR_NAT_CAE_C,0,,1148
IR_NAT_CAE_C,1,,1148
IR_NAT_CAE_C,0,,1149
IR_NAT_CAE_C,1,,1149
IR_NAT_CAE_C,1,,1150
IR_NAT_CAE_C,0,,1152
IR_NAT_CAE_C,1,,1152
IR_NAT_CAE_C,0,,1153
IR_NAT_CAE_C,1,,1153
IR_NAT_CAE_C,0,,1154
IR_NAT_CAE_C,1,,1154
IR_NAT_CAE_C,1,,1155
IR_NAT_CAE_C,1,,1156
IR_NAT_CAE_C,0,,1157
IR_NAT_CAE_C,1,,1157
IR_NAT_CAE_C,0,,1158
IR_NAT_CAE_C,1,,1158
IR_NAT_CAE_C,0,,1159
IR_NAT_CAE_C,1,,1159
IR_NAT_CAE_C,9,,1159
IR_NAT_CAE_C,1,,1162
IR_NAT_CAE_C,0,,1163
IR_NAT_CAE_C,1,,1163
IR_NAT_CAE_C,0,,1164
IR_NAT_CAE_C,1,,1164
IR_NAT_CAE_C,4,,1164
IR_NAT_CAE_C,5,,1164
IR_NAT_CAE_C,0,,1165
IR_NAT_CAE_C,1,,1165
IR_NAT_CAE_C,0,,1166
IR_NAT_CAE_C,1,,1166
IR_NAT_CAE_C,0,,1167
IR_NAT_CAE_C,1,,1167
IR_NAT_CAE_C,2,,1167
IR_NAT_CAE_C,3,,1167
IR_NAT_CAE_C,4,,1167
IR_NAT_CAE_C,5,,1167
IR_NAT_CAE_C,6,,1167
IR_NAT_CAE_C,7,,1167
IR_NAT_CAE_C,8,,1167
IR_NAT_CAE_C,9,,1167
IR_NAT_CAE_C,0,,1168
IR_NAT_CAE_C,1,,1168
IR_NAT_CAE_C,0,,1169
IR_NAT_CAE_C,1,,1169
IR_NAT_CAE_C,0,,1170
IR_NAT_CAE_C,1,,1170
IR_NAT_CAE_C,5,,1170
IR_NAT_CAE_C,7,,1170
IR_NAT_CAE_C,0,,1171
IR_NAT_CAE_C,0,,1173
IR_NAT_CAE_C,1,,1173
IR_NAT_CAE_C,1,,1178
IR_NAT_CAE_C,1,,1179
IR_NAT_CAE_C,0,,1180
IR_NAT_CAE_C,1,,1180
IR_NAT_CAE_C,0,,1181
IR_NAT_CAE_C,1,,1181
IR_NAT_CAE_C,1,,1182
IR_NAT_CAE_C,1,,1183
IR_NAT_CAE_C,0,,1190
IR_NAT_CAE_C,1,,1190
IR_NAT_CAE_C,2,,1190
IR_NAT_CAE_C,4,,1190
IR_NAT_CAE_C,5,,1190
IR_NAT_CAE_C,6,,1190
IR_NAT_CAE_C,7,,1190
IR_NAT_CAE_C,8,,1190
IR_NAT_CAE_C,9,,1190
IR_NAT_CAE_C,0,,1209
IR_NAT_CAE_C,1,,1209
IR_NAT_CAE_C,0,,1210
IR_NAT_CAE_C,1,,1210
IR_NAT_CAE_C,0,,1211
IR_NAT_CAE_C,1,,1211
IR_NAT_CAE_C,4,,1211
IR_NAT_CAE_C,5,,1211
IR_NAT_CAE_C,0,,1212
IR_NAT_CAE_C,1,,1212
IR_NAT_CAE_C,4,,1212
IR_NAT_CAE_C,0,,1213
IR_NAT_CAE_C,1,,1213
IR_NAT_CAE_C,0,,1214
IR_NAT_CAE_C,1,,1214
IR_NAT_CAE_C,1,,1221
IR_NAT_CAE_C,0,,1222
IR_NAT_CAE_C,1,,1222
IR_NAT_CAE_C,4,,1222
IR_NAT_CAE_C,5,,1222
IR_NAT_CAE_C,0,,1224
IR_NAT_CAE_C,1,,1224
IR_NAT_CAE_C,0,,1226
IR_NAT_CAE_C,1,,1226
IR_NAT_CAE_C,0,,1227
IR_NAT_CAE_C,1,,1227
IR_NAT_CAE_C,0,,1228
IR_NAT_CAE_C,1,,1228
IR_NAT_CAE_C,0,,1311
IR_NAT_CAE_C,1,,1311
IR_NAT_CAE_C,0,,1312
IR_NAT_CAE_C,1,,1312
IR_NAT_CAE_C,3,,1312
IR_NAT_CAE_C,1,,1313
IR_NAT_CAE_C,0,,1316
IR_NAT_CAE_C,1,,1316
IR_NAT_CAE_C,5,,1316
IR_NAT_CAE_C,0,,1318
IR_NAT_CAE_C,1,,1318
IR_NAT_CAE_C,0,,1321
IR_NAT_CAE_C,1,,1321
IR_NAT_CAE_C,4,,1321
IR_NAT_CAE_C,5,,1321
IR_NAT_CAE_C,0,,1324
IR_NAT_CAE_C,1,,1324
IR_NAT_CAE_C,5,,1324
IR_NAT_CAE_C,0,,1331
IR_NAT_CAE_C,1,,1331
IR_NAT_CAE_C,4,,1331
IR_NAT_CAE_C,0,,1335
IR_NAT_CAE_C,1,,1335
IR_NAT_CAE_C,0,,1341
IR_NAT_CAE_C,1,,1341
IR_NAT_CAE_C,0,,1342
IR_NAT_CAE_C,1,,1342
IR_NAT_CAE_C,0,,1351
IR_NAT_CAE_C,1,,1351
IR_NAT_CAE_C,4,,1351
IR_NAT_CAE_C,0,,1352
IR_NAT_CAE_C,1,,1352
IR_NAT_CAE_C,4,,1352
IR_NAT_CAE_C,5,,1352
IR_NAT_CAE_C,0,,1361
IR_NAT_CAE_C,1,,1361
IR_NAT_CAE_C,0,,1401
IR_NAT_CAE_C,1,,1401
IR_NAT_CAE_C,4,,1401
IR_NAT_CAE_C,0,,1402
IR_NAT_CAE_C,1,,1402
IR_NAT_CAE_C,4,,1402
IR_NAT_CAE_C,0,,1403
IR_NAT_CAE_C,1,,1403
IR_NAT_CAE_C,4,,1403
IR_NAT_CAE_C,0,,1411
IR_NAT_CAE_C,1,,1411
IR_NAT_CAE_C,0,,1421
IR_NAT_CAE_C,1,,1421
IR_NAT_CAE_C,0,,1422
IR_NAT_CAE_C,1,,1422
IR_NAT_CAE_C,0,,1423
IR_NAT_CAE_C,4,,1423
IR_NAT_CAE_C,0,,1424
IR_NAT_CAE_C,4,,1424
IR_NAT_CAE_C,0,,1425
IR_NAT_CAE_C,1,,1425
IR_NAT_CAE_C,4,,1425
IR_NAT_CAE_C,0,,1426
IR_NAT_CAE_C,1,,1426
IR_NAT_CAE_C,4,,1426
IR_NAT_CAE_C,0,,1431
IR_NAT_CAE_C,4,,1431
IR_NAT_CAE_C,0,,1432
IR_NAT_CAE_C,4,,1432
IR_NAT_CAE_C,0,,1433
IR_NAT_CAE_C,4,,1433
IR_NAT_CAE_C,0,,1434
IR_NAT_CAE_C,1,,1434
IR_NAT_CAE_C,4,,1434
IR_NAT_CAE_C,0,,1435
IR_NAT_CAE_C,1,,1435
IR_NAT_CAE_C,4,,1435
IR_NAT_CAE_C,0,,3530
IR_NAT_CAE_C,2,,3530
IR_NAT_CAE_C,0,,3536
IR_NAT_CAE_C,2,,3536
IR_NAT_CAE_C,0,,3537
IR_NAT_CAE_C,2,,3537
IR_NAT_CAE_C,0,,3538
IR_NAT_CAE_C,2,,3538
IR_NAT_CAE_C,0,,3539
IR_NAT_CAE_C,2,,3539
IR_NAT_CAE_C,2,,3540
IR_NAT_CAE_C,2,,3544
IR_NAT_CAE_C,2,,3548
IR_NAT_CAE_C,0,,3553
IR_NAT_CAE_C,2,,3553
IR_NAT_CAE_C,0,,3554
IR_NAT_CAE_C,2,,3554
IR_NAT_CAE_C,0,,3555
IR_NAT_CAE_C,2,,3555
IR_NAT_CAE_C,0,,3556
IR_NAT_CAE_C,2,,3556
IR_NAT_CAE_C,0,,3557
IR_NAT_CAE_C,2,,3557
IR_NAT_CAE_C,0,,3573
IR_NAT_CAE_C,2,,3573
IR_NAT_CAE_C,2,,3574
IR_NAT_CAE_C,0,,3575
IR_NAT_CAE_C,1,,3575
IR_NAT_CAE_C,2,,3575
IR_NAT_CAE_C,8,,3575
IR_NAT_CAE_C,0,,3576
IR_NAT_CAE_C,1,,3576
IR_NAT_CAE_C,2,,3576
IR_NAT_CAE_C,0,,3581
IR_NAT_CAE_C,2,,3581
IR_NAT_CAE_C,0,,3582
IR_NAT_CAE_C,2,,3582
IR_NAT_CAE_C,0,,3583
IR_NAT_CAE_C,2,,3583
IR_NAT_CAE_C,0,,3592
IR_NAT_CAE_C,2,,3592
IR_NAT_CAE_C,8,,3592
IR_NAT_CAE_C,0,,3610
IR_NAT_CAE_C,1,,3610
IR_NAT_CAE_C,2,,3610
IR_NAT_CAE_C,4,,3610
IR_NAT_CAE_C,5,,3610
IR_NAT_CAE_C,6,,3610
IR_NAT_CAE_C,7,,3610
IR_NAT_CAE_C,8,,3610
IR_NAT_CAE_C,9,,3610
IR_NAT_CAE_C,0,,3611
IR_NAT_CAE_C,1,,3611
IR_NAT_CAE_C,2,,3611
IR_NAT_CAE_C,4,,3611
IR_NAT_CAE_C,5,,3611
IR_NAT_CAE_C,6,,3611
IR_NAT_CAE_C,7,,3611
IR_NAT_CAE_C,8,,3611
IR_NAT_CAE_C,9,,3611
IR_NAT_CAE_C,0,,3612
IR_NAT_CAE_C,1,,3612
IR_NAT_CAE_C,2,,3612
IR_NAT_CAE_C,4,,3612
IR_NAT_CAE_C,5,,3612
IR_NAT_CAE_C,6,,3612
IR_NAT_CAE_C,7,,3612
IR_NAT_CAE_C,8,,3612
IR_NAT_CAE_C,9,,3612
IR_NAT_CAE_C,0,,4111
IR_NAT_CAE_C,1,,4111
IR_NAT_CAE_C,0,,4112
IR_NAT_CAE_C,1,,4112
IR_NAT_CAE_C,0,,4113
IR_NAT_CAE_C,1,,4113
IR_NAT_CAE_C,0,,4141
IR_NAT_CAE_C,0,,4142
IR_NAT_CAE_C,0,,4143
IR_NAT_CAE_C,0,,4144
IR_NAT_CAE_C,0,,4145
IR_NAT_CAE_C,0,,4155
IR_NAT_CAE_C,0,,4156
IR_NAT_CAE_C,0,,4157
IR_NAT_CAE_C,0,,4158
IR_NAT_CAE_C,2,,4204
IR_NAT_CAE_C,2,,4205
IR_NAT_CAE_C,2,,4206
IR_NAT_CAE_C,2,,4207
IR_NAT_CAE_C,2,,4208
IR_NAT_CAE_C,2,,4209
IR_NAT_CAE_C,2,,4210
IR_NAT_CAE_C,2,,4212
IR_NAT_CAE_C,2,,4213
IR_NAT_CAE_C,2,,4216
IR_NAT_CAE_C,2,,4217
IR_NAT_CAE_C,2,,4218
IR_NAT_CAE_C,2,,4220
IR_NAT_CAE_C,2,,4221
IR_NAT_CAE_C,2,,4222
IR_NAT_CAE_C,2,,4224
IR_NAT_CAE_C,2,,4225
IR_NAT_CAE_C,2,,4226
IR_NAT_CAE_C,2,,4227
IR_NAT_CAE_C,2,,4228
IR_NAT_CAE_C,2,,4229
IR_NAT_CAE_C,0,,4316
IR_NAT_CAE_C,1,,4316
IR_NAT_CAE_C,4,,4316
IR_NAT_CAE_C,0,,4317
IR_NAT_CAE_C,1,,4317
IR_NAT_CAE_C,0,,4318
IR_NAT_CAE_C,1,,4318
IR_NAT_CAE_C,2,,4322
IR_NAT_CAE_C,1,,4359
IR_NAT_CAE_C,1,,4360
IR_NAT_CAE_C,1,,4364
IR_NAT_CAE_C,4,,4364
IR_NAT_CAE_C,5,,4364
IR_NAT_CAE_C,6,,4364
IR_NAT_CAE_C,7,,4364
IR_NAT_CAE_C,8,,4364
IR_NAT_CAE_C,9,,4364
IR_NAT_CAE_C,4,,4366
IR_NAT_CAE_C,5,,4366
IR_NAT_CAE_C,6,,4366
IR_NAT_CAE_C,9,,4366
IR_NAT_CAE_C,4,,4367
IR_NAT_CAE_C,5,,4367
IR_NAT_CAE_C,6,,4367
IR_NAT_CAE_C,9,,4367
IR_NAT_CAE_C,0,,4369
IR_NAT_CAE_C,0,,4374
IR_NAT_CAE_C,2,,4375
IR_NAT_CAE_C,2,,4376
IR_NAT_CAE_C,2,,4377
IR_NAT_CAE_C,2,,4378
IR_NAT_CAE_C,0,,4379
IR_NAT_CAE_C,0,,4380
IR_NAT_CAE_C,0,,4381
IR_NAT_CAE_C,1,,4381
IR_NAT_CAE_C,3,,4381
IR_NAT_CAE_C,4,,4381
IR_NAT_CAE_C,5,,4381
IR_NAT_CAE_C,6,,4381
IR_NAT_CAE_C,7,,4381
IR_NAT_CAE_C,8,,4381
IR_NAT_CAE_C,9,,4381
IR_NAT_CAE_C,1,,4392
IR_NAT_CAE_C,1,,4393
IR_NAT_CAE_C,1,,4394
IR_NAT_CAE_C,1,,4395
IR_NAT_CAE_C,1,,4396
IR_NAT_CAE_C,1,,4397
IR_NAT_CAE_C,0,,4611
IR_NAT_CAE_C,0,,5101
IR_NAT_CAE_C,2,,5101
IR_NAT_CAE_C,0,,5102
IR_NAT_CAE_C,2,,5102
IR_NAT_CAE_C,0,,5103
IR_NAT_CAE_C,2,,5103
IR_NAT_CAE_C,0,,5104
IR_NAT_CAE_C,2,,5104
IR_NAT_CAE_C,0,,5105
IR_NAT_CAE_C,2,,5105
IR_NAT_CAE_C,0,,5106
IR_NAT_CAE_C,2,,5106
IR_NAT_CAE_C,0,,5107
IR_NAT_CAE_C,2,,5107
IR_NAT_CAE_C,0,,5108
IR_NAT_CAE_C,2,,5108
IR_NAT_CAE_C,0,,5109
IR_NAT_CAE_C,2,,5109
IR_NAT_CAE_C,0,,5110
IR_NAT_CAE_C,2,,5110
IR_NAT_CAE_C,0,,5111
IR_NAT_CAE_C,2,,5111
IR_NAT_CAE_C,0,,5112
IR_NAT_CAE_C,2,,5112
IR_NAT_CAE_C,0,,5113
IR_NAT_CAE_C,2,,5113
IR_NAT_CAE_C,0,,5114
IR_NAT_CAE_C,2,,5114
IR_NAT_CAE_C,0,,5115
IR_NAT_CAE_C,2,,5115
IR_NAT_CAE_C,0,,5116
IR_NAT_CAE_C,2,,5116
IR_NAT_CAE_C,0,,5117
IR_NAT_CAE_C,2,,5117
IR_NAT_CAE_C,0,,5118
IR_NAT_CAE_C,2,,5118
IR_NAT_CAE_C,0,,5119
IR_NAT_CAE_C,2,,5119
IR_NAT_CAE_C,0,,5120
IR_NAT_CAE_C,2,,5120
IR_NAT_CAE_C,0,,5201
IR_NAT_CAE_C,1,,5201
IR_NAT_CAE_C,4,,5201
IR_NAT_CAE_C,0,,5202
IR_NAT_CAE_C,1,,5202
IR_NAT_CAE_C,4,,5202
IR_NAT_CAE_C,0,,5203
IR_NAT_CAE_C,1,,5203
IR_NAT_CAE_C,4,,5203
IR_NAT_CAE_C,0,,5204
IR_NAT_CAE_C,1,,5204
IR_NAT_CAE_C,4,,5204
IR_NAT_CAE_C,0,,5205
IR_NAT_CAE_C,1,,5205
IR_NAT_CAE_C,4,,5205
IR_NAT_CAE_C,0,,5206
IR_NAT_CAE_C,1,,5206
IR_NAT_CAE_C,4,,5206
IR_NAT_CAE_C,2,,5400
IR_NAT_CAE_C,1,,9141
IR_NAT_CAE_C,1,,9142
IR_NAT_CAE_C,1,,9143
IR_NAT_CAE_C,0,,9201
IR_NAT_CAE_C,1,,9201
IR_NAT_CAE_C,9,,9201
IR_NAT_CAE_C,0,,9202
IR_NAT_CAE_C,1,,9202
IR_NAT_CAE_C,9,,9202
IR_NAT_CAE_C,0,,9203
IR_NAT_CAE_C,1,,9203
IR_NAT_CAE_C,9,,9203
IR_NAT_CAE_C,0,,9221
IR_NAT_CAE_C,2,,9221
IR_NAT_CAE_C,0,,9411
IR_NAT_CAE_C,1,,9411
IR_NAT_CAE_C,4,,9411
IR_NAT_CAE_C,0,,9421
IR_NAT_CAE_C,1,,9421
IR_NAT_CAE_C,4,,9421
IR_NAT_CAE_C,0,,9422
IR_NAT_CAE_C,1,,9422
IR_NAT_CAE_C,4,,9422
IR_NAT_CAE_C,0,,9423
IR_NAT_CAE_C,1,,9423
IR_NAT_CAE_C,4,,9423
IR_NAT_CAE_C,0,,9429
IR_NAT_CAE_C,4,,9429
IR_NAT_CAE_C,0,,9430
IR_NAT_CAE_C,1,,9430
IR_NAT_CAE_C,1,,9431
IR_NAT_CAE_C,0,,9432
IR_NAT_CAE_C,1,,9432
IR_NAT_CAE_C,0,,9433
IR_NAT_CAE_C,1,,9433
IR_NAT_CAE_C,4,,9433
IR_NAT_CAE_C,0,,9434
IR_NAT_CAE_C,3,,9434
IR_NAT_CAE_C,1,,9566
IR_NAT_CAE_C,2,,9566
IR_NAT_CAE_C,1,,9567
IR_NAT_CAE_C,1,,9568
IR_NAT_CAE_C,0,,9569
IR_NAT_CAE_C,6,,9569
IR_NAT_CAE_C,0,,9570
IR_NAT_CAE_C,7,,9570
IR_NAT_CAE_C,0,,1733
IR_NAT_CAE_C,1,,1733
IR_NAT_CAE_C,2,,1733
IR_NAT_CAE_C,3,,1733
IR_NAT_CAE_C,4,,1733
IR_NAT_CAE_C,5,,1733
IR_NAT_CAE_C,6,,1733
IR_NAT_CAE_C,7,,1733
IR_NAT_CAE_C,8,,1733
IR_NAT_CAE_C,9,,1733
IR_NAT_CAE_C,0,,1734
IR_NAT_CAE_C,1,,1734
IR_NAT_CAE_C,2,,1734
IR_NAT_CAE_C,3,,1734
IR_NAT_CAE_C,4,,1734
IR_NAT_CAE_C,5,,1734
IR_NAT_CAE_C,6,,1734
IR_NAT_CAE_C,7,,1734
IR_NAT_CAE_C,8,,1734
IR_NAT_CAE_C,9,,1734
IR_NAT_CAE_C,0,,1735
IR_NAT_CAE_C,1,,1735
IR_NAT_CAE_C,2,,1735
IR_NAT_CAE_C,3,,1735
IR_NAT_CAE_C,4,,1735
IR_NAT_CAE_C,5,,1735
IR_NAT_CAE_C,6,,1735
IR_NAT_CAE_C,7,,1735
IR_NAT_CAE_C,8,,1735
IR_NAT_CAE_C,9,,1735
IR_NAT_CAE_C,0,,1736
IR_NAT_CAE_C,1,,1736
IR_NAT_CAE_C,2,,1736
IR_NAT_CAE_C,3,,1736
IR_NAT_CAE_C,4,,1736
IR_NAT_CAE_C,5,,1736
IR_NAT_CAE_C,6,,1736
IR_NAT_CAE_C,7,,1736
IR_NAT_CAE_C,8,,1736
IR_NAT_CAE_C,9,,1736
IR_NAT_CAE_C,0,,1741
IR_NAT_CAE_C,1,,1741
IR_NAT_CAE_C,2,,1741
IR_NAT_CAE_C,3,,1741
IR_NAT_CAE_C,4,,1741
IR_NAT_CAE_C,5,,1741
IR_NAT_CAE_C,6,,1741
IR_NAT_CAE_C,7,,1741
IR_NAT_CAE_C,8,,1741
IR_NAT_CAE_C,9,,1741
IR_NAT_CAE_C,0,,1742
IR_NAT_CAE_C,1,,1742
IR_NAT_CAE_C,2,,1742
IR_NAT_CAE_C,3,,1742
IR_NAT_CAE_C,4,,1742
IR_NAT_CAE_C,5,,1742
IR_NAT_CAE_C,6,,1742
IR_NAT_CAE_C,7,,1742
IR_NAT_CAE_C,8,,1742
IR_NAT_CAE_C,9,,1742
IR_NAT_CAE_C,0,,1743
IR_NAT_CAE_C,1,,1743
IR_NAT_CAE_C,2,,1743
IR_NAT_CAE_C,3,,1743
IR_NAT_CAE_C,4,,1743
IR_NAT_CAE_C,5,,1743
IR_NAT_CAE_C,6,,1743
IR_NAT_CAE_C,7,,1743
IR_NAT_CAE_C,8,,1743
IR_NAT_CAE_C,9,,1743
IR_NAT_CAE_C,0,,1744
IR_NAT_CAE_C,1,,1744
IR_NAT_CAE_C,2,,1744
IR_NAT_CAE_C,3,,1744
IR_NAT_CAE_C,4,,1744
IR_NAT_CAE_C,5,,1744
IR_NAT_CAE_C,6,,1744
IR_NAT_CAE_C,7,,1744
IR_NAT_CAE_C,8,,1744
IR_NAT_CAE_C,9,,1744
IR_NAT_CAE_C,0,,1745
IR_NAT_CAE_C,1,,1745
IR_NAT_CAE_C,2,,1745
IR_NAT_CAE_C,3,,1745
IR_NAT_CAE_C,4,,1745
IR_NAT_CAE_C,5,,1745
IR_NAT_CAE_C,6,,1745
IR_NAT_CAE_C,7,,1745
IR_NAT_CAE_C,8,,1745
IR_NAT_CAE_C,9,,1745
IR_NAT_CAE_C,0,,1746
IR_NAT_CAE_C,1,,1746
IR_NAT_CAE_C,2,,1746
IR_NAT_CAE_C,3,,1746
IR_NAT_CAE_C,4,,1746
IR_NAT_CAE_C,5,,1746
IR_NAT_CAE_C,6,,1746
IR_NAT_CAE_C,7,,1746
IR_NAT_CAE_C,8,,1746
IR_NAT_CAE_C,9,,1746
IR_NAT_CAE_C,0,,1747
IR_NAT_CAE_C,1,,1747
IR_NAT_CAE_C,2,,1747
IR_NAT_CAE_C,3,,1747
IR_NAT_CAE_C,4,,1747
IR_NAT_CAE_C,5,,1747
IR_NAT_CAE_C,6,,1747
IR_NAT_CAE_C,7,,1747
IR_NAT_CAE_C,8,,1747
IR_NAT_CAE_C,9,,1747
IR_NAT_CAE_C,0,,1748
IR_NAT_CAE_C,1,,1748
IR_NAT_CAE_C,2,,1748
IR_NAT_CAE_C,3,,1748
IR_NAT_CAE_C,4,,1748
IR_NAT_CAE_C,5,,1748
IR_NAT_CAE_C,6,,1748
IR_NAT_CAE_C,7,,1748
IR_NAT_CAE_C,8,,1748
IR_NAT_CAE_C,9,,1748
IR_NAT_CAE_C,0,,1749
IR_NAT_CAE_C,1,,1749
IR_NAT_CAE_C,2,,1749
IR_NAT_CAE_C,3,,1749
IR_NAT_CAE_C,4,,1749
IR_NAT_CAE_C,5,,1749
IR_NAT_CAE_C,6,,1749
IR_NAT_CAE_C,7,,1749
IR_NAT_CAE_C,8,,1749
IR_NAT_CAE_C,9,,1749
IR_NAT_CAE_C,0,,1751
IR_NAT_CAE_C,1,,1751
IR_NAT_CAE_C,2,,1751
IR_NAT_CAE_C,3,,1751
IR_NAT_CAE_C,4,,1751
IR_NAT_CAE_C,5,,1751
IR_NAT_CAE_C,6,,1751
IR_NAT_CAE_C,7,,1751
IR_NAT_CAE_C,8,,1751
IR_NAT_CAE_C,9,,1751
IR_NAT_CAE_C,0,,1761
IR_NAT_CAE_C,1,,1761
IR_NAT_CAE_C,2,,1761
IR_NAT_CAE_C,3,,1761
IR_NAT_CAE_C,4,,1761
IR_NAT_CAE_C,5,,1761
IR_NAT_CAE_C,6,,1761
IR_NAT_CAE_C,7,,1761
IR_NAT_CAE_C,8,,1761
IR_NAT_CAE_C,9,,1761
IR_NAT_CAE_C,0,,1762
IR_NAT_CAE_C,1,,1762
IR_NAT_CAE_C,2,,1762
IR_NAT_CAE_C,3,,1762
IR_NAT_CAE_C,4,,1762
IR_NAT_CAE_C,5,,1762
IR_NAT_CAE_C,6,,1762
IR_NAT_CAE_C,7,,1762
IR_NAT_CAE_C,8,,1762
IR_NAT_CAE_C,9,,1762
IR_NAT_CAE_C,0,,1763
IR_NAT_CAE_C,1,,1763
IR_NAT_CAE_C,2,,1763
IR_NAT_CAE_C,3,,1763
IR_NAT_CAE_C,4,,1763
IR_NAT_CAE_C,5,,1763
IR_NAT_CAE_C,6,,1763
IR_NAT_CAE_C,7,,1763
IR_NAT_CAE_C,8,,1763
IR_NAT_CAE_C,9,,1763
IR_NAT_CAE_C,0,,1764
IR_NAT_CAE_C,1,,1764
IR_NAT_CAE_C,2,,1764
IR_NAT_CAE_C,3,,1764
IR_NAT_CAE_C,4,,1764
IR_NAT_CAE_C,5,,1764
IR_NAT_CAE_C,6,,1764
IR_NAT_CAE_C,7,,1764
IR_NAT_CAE_C,8,,1764
IR_NAT_CAE_C,9,,1764
IR_NAT_CAE_C,0,,1765
IR_NAT_CAE_C,1,,1765
IR_NAT_CAE_C,2,,1765
IR_NAT_CAE_C,3,,1765
IR_NAT_CAE_C,4,,1765
IR_NAT_CAE_C,5,,1765
IR_NAT_CAE_C,6,,1765
IR_NAT_CAE_C,7,,1765
IR_NAT_CAE_C,8,,1765
IR_NAT_CAE_C,9,,1765
IR_NAT_CAE_C,0,,1766
IR_NAT_CAE_C,1,,1766
IR_NAT_CAE_C,2,,1766
IR_NAT_CAE_C,3,,1766
IR_NAT_CAE_C,4,,1766
IR_NAT_CAE_C,5,,1766
IR_NAT_CAE_C,6,,1766
IR_NAT_CAE_C,7,,1766
IR_NAT_CAE_C,8,,1766
IR_NAT_CAE_C,9,,1766
IR_NAT_CAE_C,0,,1767
IR_NAT_CAE_C,1,,1767
IR_NAT_CAE_C,2,,1767
IR_NAT_CAE_C,3,,1767
IR_NAT_CAE_C,4,,1767
IR_NAT_CAE_C,5,,1767
IR_NAT_CAE_C,6,,1767
IR_NAT_CAE_C,7,,1767
IR_NAT_CAE_C,8,,1767
IR_NAT_CAE_C,9,,1767
IR_NAT_CAE_C,0,,1768
IR_NAT_CAE_C,1,,1768
IR_NAT_CAE_C,2,,1768
IR_NAT_CAE_C,3,,1768
IR_NAT_CAE_C,4,,1768
IR_NAT_CAE_C,5,,1768
IR_NAT_CAE_C,6,,1768
IR_NAT_CAE_C,7,,1768
IR_NAT_CAE_C,8,,1768
IR_NAT_CAE_C,9,,1768
IR_NAT_CAE_C,0,,1769
IR_NAT_CAE_C,1,,1769
IR_NAT_CAE_C,2,,1769
IR_NAT_CAE_C,3,,1769
IR_NAT_CAE_C,4,,1769
IR_NAT_CAE_C,5,,1769
IR_NAT_CAE_C,6,,1769
IR_NAT_CAE_C,7,,1769
IR_NAT_CAE_C,8,,1769
IR_NAT_CAE_C,9,,1769
IR_NAT_CAE_C,0,,1771
IR_NAT_CAE_C,1,,1771
IR_NAT_CAE_C,2,,1771
IR_NAT_CAE_C,3,,1771
IR_NAT_CAE_C,4,,1771
IR_NAT_CAE_C,5,,1771
IR_NAT_CAE_C,6,,1771
IR_NAT_CAE_C,7,,1771
IR_NAT_CAE_C,8,,1771
IR_NAT_CAE_C,9,,1771
IR_NAT_CAE_C,0,,1781
IR_NAT_CAE_C,1,,1781
IR_NAT_CAE_C,2,,1781
IR_NAT_CAE_C,3,,1781
IR_NAT_CAE_C,4,,1781
IR_NAT_CAE_C,5,,1781
IR_NAT_CAE_C,6,,1781
IR_NAT_CAE_C,7,,1781
