nom_table,CPT_COP_NUM,PRS_NAT_REF,NAT_COE_MAX
IR_NAT_COE_C,,1095,1
IR_NAT_COE_C,,1096,1
IR_NAT_COE_C,,1097,1
IR_NAT_COE_C,,1098,1
IR_NAT_COE_C,,1099,1
IR_NAT_COE_C,,1100,1
IR_NAT_COE_C,,1101,1
IR_NAT_COE_C,,1102,1
IR_NAT_COE_C,,1103,1
IR_NAT_COE_C,,1104,1
IR_NAT_COE_C,,1105,1
IR_NAT_COE_C,,1106,1
IR_NAT_COE_C,,1107,1
IR_NAT_COE_C,,1108,1
IR_NAT_COE_C,,1109,1
IR_NAT_COE_C,,1110,1
IR_NAT_COE_C,,1111,7.5
IR_NAT_COE_C,,1112,3
IR_NAT_COE_C,,1113,2.5
IR_NAT_COE_C,,1116,1
IR_NAT_COE_C,,1117,2
IR_NAT_COE_C,,1119,1
IR_NAT_COE_C,,1120,1
IR_NAT_COE_C,,1121,1
IR_NAT_COE_C,,1124,1
IR_NAT_COE_C,,1126,1
IR_NAT_COE_C,,1127,1
IR_NAT_COE_C,,1129,1
IR_NAT_COE_C,,1130,1
IR_NAT_COE_C,,1131,1
IR_NAT_COE_C,,1132,1
IR_NAT_COE_C,,1133,1
IR_NAT_COE_C,,1134,1
IR_NAT_COE_C,,1135,1
IR_NAT_COE_C,,1136,1
IR_NAT_COE_C,,1137,1
IR_NAT_COE_C,,1138,1
IR_NAT_COE_C,,1139,1
IR_NAT_COE_C,,1140,1
IR_NAT_COE_C,,1141,1
IR_NAT_COE_C,,1142,1
IR_NAT_COE_C,,1143,1
IR_NAT_COE_C,,1144,1
IR_NAT_COE_C,,1145,1
IR_NAT_COE_C,,1146,1
IR_NAT_COE_C,,1147,1
IR_NAT_COE_C,,1148,1
IR_NAT_COE_C,,1149,1
IR_NAT_COE_C,,1150,1
IR_NAT_COE_C,,1152,1
IR_NAT_COE_C,,1153,1
IR_NAT_COE_C,,1154,1
IR_NAT_COE_C,,1155,1
IR_NAT_COE_C,,1156,1
IR_NAT_COE_C,,1157,1
IR_NAT_COE_C,,1158,1
IR_NAT_COE_C,,1159,1
IR_NAT_COE_C,,1162,1
IR_NAT_COE_C,,1163,1
IR_NAT_COE_C,,1164,1
IR_NAT_COE_C,,1165,1
IR_NAT_COE_C,,1166,1
IR_NAT_COE_C,,1167,1
IR_NAT_COE_C,,1168,1
IR_NAT_COE_C,,1169,1
IR_NAT_COE_C,,1170,1
IR_NAT_COE_C,,1171,1
IR_NAT_COE_C,,1172,1
IR_NAT_COE_C,,1173,1
IR_NAT_COE_C,,1174,1
IR_NAT_COE_C,,1175,1
IR_NAT_COE_C,,1176,1
IR_NAT_COE_C,,1177,1
IR_NAT_COE_C,,1178,1
IR_NAT_COE_C,,1179,1
IR_NAT_COE_C,,1180,1
IR_NAT_COE_C,,1181,1
IR_NAT_COE_C,,1182,1
IR_NAT_COE_C,,1183,1
IR_NAT_COE_C,,1184,1
IR_NAT_COE_C,,1185,1
IR_NAT_COE_C,,1186,1
IR_NAT_COE_C,,1187,1
IR_NAT_COE_C,,1188,1
IR_NAT_COE_C,,1189,1
IR_NAT_COE_C,,1190,1
IR_NAT_COE_C,,1191,1
IR_NAT_COE_C,,1192,1
IR_NAT_COE_C,,1209,1
IR_NAT_COE_C,,1210,1
IR_NAT_COE_C,,1211,7.5
IR_NAT_COE_C,,1212,2
IR_NAT_COE_C,,1213,2.5
IR_NAT_COE_C,,1214,1
IR_NAT_COE_C,,1215,1
IR_NAT_COE_C,,1216,1
IR_NAT_COE_C,,1221,1
IR_NAT_COE_C,,1222,6
IR_NAT_COE_C,,1224,1
IR_NAT_COE_C,,1226,1
IR_NAT_COE_C,,1227,1
IR_NAT_COE_C,,1228,1
IR_NAT_COE_C,,1311,500
IR_NAT_COE_C,,1312,500
IR_NAT_COE_C,,1313,25
IR_NAT_COE_C,,1316,65
IR_NAT_COE_C,,1318,30
IR_NAT_COE_C,,1321,1
IR_NAT_COE_C,,1331,999
IR_NAT_COE_C,,1335,999
IR_NAT_COE_C,,1341,999
IR_NAT_COE_C,,1342,1
IR_NAT_COE_C,,1351,1
IR_NAT_COE_C,,1352,1
IR_NAT_COE_C,,1361,1
IR_NAT_COE_C,,1411,999
IR_NAT_COE_C,,1421,999
IR_NAT_COE_C,,1422,200
IR_NAT_COE_C,,1423,999
IR_NAT_COE_C,,1424,200
IR_NAT_COE_C,,1425,1
IR_NAT_COE_C,,1426,1
IR_NAT_COE_C,,1427,1
IR_NAT_COE_C,,1431,150
IR_NAT_COE_C,,1432,999
IR_NAT_COE_C,,1433,999
IR_NAT_COE_C,,1437,1
IR_NAT_COE_C,,1451,1
IR_NAT_COE_C,,1452,1
IR_NAT_COE_C,,1453,1
IR_NAT_COE_C,,1462,1
IR_NAT_COE_C,,1465,1
IR_NAT_COE_C,,1470,1
IR_NAT_COE_C,,1471,1
IR_NAT_COE_C,,1472,1
IR_NAT_COE_C,,1473,1
IR_NAT_COE_C,,1474,1
IR_NAT_COE_C,,1475,1
IR_NAT_COE_C,,1476,1
IR_NAT_COE_C,,1477,1
IR_NAT_COE_C,,1523,1
IR_NAT_COE_C,,1610,1
IR_NAT_COE_C,,1617,1
IR_NAT_COE_C,,1618,1
IR_NAT_COE_C,,1619,1
IR_NAT_COE_C,,1621,1
IR_NAT_COE_C,,1622,1
IR_NAT_COE_C,,1623,1
IR_NAT_COE_C,,1624,1
IR_NAT_COE_C,,1625,1
IR_NAT_COE_C,,1626,1
IR_NAT_COE_C,,1627,1
IR_NAT_COE_C,,1628,1
IR_NAT_COE_C,,1629,1
IR_NAT_COE_C,,1630,1
IR_NAT_COE_C,,1631,1
IR_NAT_COE_C,,1632,1
IR_NAT_COE_C,,1633,1
IR_NAT_COE_C,,1634,1
IR_NAT_COE_C,,1635,1
IR_NAT_COE_C,,1636,1
IR_NAT_COE_C,,1637,1
IR_NAT_COE_C,,1638,1
IR_NAT_COE_C,,1639,1
IR_NAT_COE_C,,1640,1
IR_NAT_COE_C,,1641,1
IR_NAT_COE_C,,1642,1
IR_NAT_COE_C,,1643,1
IR_NAT_COE_C,,1644,1
IR_NAT_COE_C,,1645,1
IR_NAT_COE_C,,1646,1
IR_NAT_COE_C,,1647,1
IR_NAT_COE_C,,1648,1
IR_NAT_COE_C,,1649,1
IR_NAT_COE_C,,1650,1
IR_NAT_COE_C,,1651,1
IR_NAT_COE_C,,1652,1
IR_NAT_COE_C,,1653,1
IR_NAT_COE_C,,1814,1
IR_NAT_COE_C,,1903,1
IR_NAT_COE_C,,1904,1
IR_NAT_COE_C,,1905,1
IR_NAT_COE_C,,1906,1
IR_NAT_COE_C,,1907,1
IR_NAT_COE_C,,1908,1
IR_NAT_COE_C,,1909,1
IR_NAT_COE_C,,1910,1
IR_NAT_COE_C,,1911,136
IR_NAT_COE_C,,1918,1
IR_NAT_COE_C,,1920,1
IR_NAT_COE_C,,1921,1
IR_NAT_COE_C,,1922,1
IR_NAT_COE_C,,1923,1
IR_NAT_COE_C,,1924,1
IR_NAT_COE_C,,1925,1
IR_NAT_COE_C,,1926,1
IR_NAT_COE_C,,1931,1
IR_NAT_COE_C,,1932,1
IR_NAT_COE_C,,1933,1
IR_NAT_COE_C,,1934,1
IR_NAT_COE_C,,1935,1
IR_NAT_COE_C,,1936,1
IR_NAT_COE_C,,1937,1
IR_NAT_COE_C,,1938,1
IR_NAT_COE_C,,1941,1
IR_NAT_COE_C,,1942,1
IR_NAT_COE_C,,1943,1
IR_NAT_COE_C,,1944,1
IR_NAT_COE_C,,1945,1
IR_NAT_COE_C,,1960,1
IR_NAT_COE_C,,1961,1
IR_NAT_COE_C,,1981,1
IR_NAT_COE_C,,1990,1
IR_NAT_COE_C,,1991,151.2
IR_NAT_COE_C,,1992,1
IR_NAT_COE_C,,1993,1
IR_NAT_COE_C,,1994,1
IR_NAT_COE_C,,1995,1
IR_NAT_COE_C,,1996,1
IR_NAT_COE_C,,1997,1
IR_NAT_COE_C,,1998,1
IR_NAT_COE_C,,1999,1
IR_NAT_COE_C,,2106,1
IR_NAT_COE_C,,2107,1
IR_NAT_COE_C,,2108,1
IR_NAT_COE_C,,2109,1
IR_NAT_COE_C,,2119,1
IR_NAT_COE_C,,2120,1
IR_NAT_COE_C,,2143,1
IR_NAT_COE_C,,2144,1
IR_NAT_COE_C,,2145,1
IR_NAT_COE_C,,2146,1
IR_NAT_COE_C,,2147,1
IR_NAT_COE_C,,2150,1
IR_NAT_COE_C,,2154,1
IR_NAT_COE_C,,2159,1
IR_NAT_COE_C,,2160,1
IR_NAT_COE_C,,2163,1
IR_NAT_COE_C,,2171,1
IR_NAT_COE_C,,2172,1
IR_NAT_COE_C,,2173,1
IR_NAT_COE_C,,2174,1
IR_NAT_COE_C,,2175,1
IR_NAT_COE_C,,2176,1
IR_NAT_COE_C,,2177,1
IR_NAT_COE_C,,2178,1
IR_NAT_COE_C,,2185,1
IR_NAT_COE_C,,2186,1
IR_NAT_COE_C,,2187,1
IR_NAT_COE_C,,2188,1
IR_NAT_COE_C,,2189,1
IR_NAT_COE_C,,2190,1
IR_NAT_COE_C,,2191,1
IR_NAT_COE_C,,2195,1
IR_NAT_COE_C,,2196,1
IR_NAT_COE_C,,2214,1
IR_NAT_COE_C,,2215,1
IR_NAT_COE_C,,2232,1
IR_NAT_COE_C,,2241,999
IR_NAT_COE_C,,2242,999
IR_NAT_COE_C,,2244,1
IR_NAT_COE_C,,2247,999
IR_NAT_COE_C,,2248,1
IR_NAT_COE_C,,2249,1
IR_NAT_COE_C,,2258,1
IR_NAT_COE_C,,2264,1
IR_NAT_COE_C,,2265,1
IR_NAT_COE_C,,2337,999
IR_NAT_COE_C,,2338,999
IR_NAT_COE_C,,2380,1
IR_NAT_COE_C,,2381,1
IR_NAT_COE_C,,2382,1
IR_NAT_COE_C,,2383,1
IR_NAT_COE_C,,2384,1
IR_NAT_COE_C,,2385,1
IR_NAT_COE_C,,2386,1
IR_NAT_COE_C,,2387,1
IR_NAT_COE_C,,2388,1
IR_NAT_COE_C,,2389,1
IR_NAT_COE_C,,2428,1
IR_NAT_COE_C,,3110,1
IR_NAT_COE_C,,3111,32
IR_NAT_COE_C,,3112,32
IR_NAT_COE_C,,3113,32
IR_NAT_COE_C,,3116,1
IR_NAT_COE_C,,3117,1
IR_NAT_COE_C,,3118,1
IR_NAT_COE_C,,3119,1
IR_NAT_COE_C,,3121,28
IR_NAT_COE_C,,3122,28
IR_NAT_COE_C,,3125,10.7
IR_NAT_COE_C,,3126,1
IR_NAT_COE_C,,3127,1
IR_NAT_COE_C,,3128,1
IR_NAT_COE_C,,3131,6
IR_NAT_COE_C,,3132,36
IR_NAT_COE_C,,3133,30.5
IR_NAT_COE_C,,3134,1
IR_NAT_COE_C,,3135,1
IR_NAT_COE_C,,3139,1
IR_NAT_COE_C,,3211,9999.9
IR_NAT_COE_C,,3213,1
IR_NAT_COE_C,,3216,1
IR_NAT_COE_C,,3221,10
IR_NAT_COE_C,,3222,5
IR_NAT_COE_C,,3223,5
IR_NAT_COE_C,,3225,1.5
IR_NAT_COE_C,,3300,1
IR_NAT_COE_C,,3301,1
IR_NAT_COE_C,,3302,1
IR_NAT_COE_C,,3303,1
IR_NAT_COE_C,,3304,1
IR_NAT_COE_C,,3305,1
IR_NAT_COE_C,,3324,1
IR_NAT_COE_C,,3329,1
IR_NAT_COE_C,,3330,1
IR_NAT_COE_C,,3334,1
IR_NAT_COE_C,,3335,1
IR_NAT_COE_C,,3336,1
IR_NAT_COE_C,,3337,1
IR_NAT_COE_C,,3338,1
IR_NAT_COE_C,,3339,1
IR_NAT_COE_C,,3340,1
IR_NAT_COE_C,,3364,1
IR_NAT_COE_C,,3365,1
IR_NAT_COE_C,,3366,1
IR_NAT_COE_C,,3374,1
IR_NAT_COE_C,,3378,1
IR_NAT_COE_C,,3379,1
IR_NAT_COE_C,,3382,1
IR_NAT_COE_C,,3391,1
IR_NAT_COE_C,,3392,1
IR_NAT_COE_C,,3393,1
IR_NAT_COE_C,,3394,1
IR_NAT_COE_C,,3395,1
IR_NAT_COE_C,,3396,1
IR_NAT_COE_C,,3397,1
IR_NAT_COE_C,,3398,1
IR_NAT_COE_C,,3536,1
IR_NAT_COE_C,,3537,1
IR_NAT_COE_C,,3538,1
IR_NAT_COE_C,,3539,1
IR_NAT_COE_C,,3575,1
IR_NAT_COE_C,,3576,1
IR_NAT_COE_C,,3581,1
IR_NAT_COE_C,,3582,1
IR_NAT_COE_C,,3583,1
IR_NAT_COE_C,,3591,1
IR_NAT_COE_C,,3592,1
IR_NAT_COE_C,,3593,1
IR_NAT_COE_C,,3594,1
IR_NAT_COE_C,,3610,1
IR_NAT_COE_C,,3611,1
IR_NAT_COE_C,,3612,1
IR_NAT_COE_C,,4113,3
IR_NAT_COE_C,,4155,1
IR_NAT_COE_C,,4156,1
IR_NAT_COE_C,,4157,1
IR_NAT_COE_C,,4158,1
IR_NAT_COE_C,,4227,1
IR_NAT_COE_C,,4228,1
IR_NAT_COE_C,,4317,1
IR_NAT_COE_C,,4318,1
IR_NAT_COE_C,,4319,1
IR_NAT_COE_C,,4320,1
IR_NAT_COE_C,,4326,1
IR_NAT_COE_C,,4327,1
IR_NAT_COE_C,,4328,1
IR_NAT_COE_C,,4329,1
IR_NAT_COE_C,,4330,1
IR_NAT_COE_C,,4332,1
IR_NAT_COE_C,,4374,1
IR_NAT_COE_C,,4379,1
IR_NAT_COE_C,,4380,1
IR_NAT_COE_C,,5201,1
IR_NAT_COE_C,,5202,1
IR_NAT_COE_C,,5203,1
IR_NAT_COE_C,,5204,1
IR_NAT_COE_C,,5205,1
IR_NAT_COE_C,,5206,1
IR_NAT_COE_C,,8117,1
IR_NAT_COE_C,,8118,1
IR_NAT_COE_C,,8119,1
IR_NAT_COE_C,,8120,1
IR_NAT_COE_C,,8121,1
IR_NAT_COE_C,,8226,1
IR_NAT_COE_C,,8227,1
IR_NAT_COE_C,,9201,100
IR_NAT_COE_C,,9202,100
IR_NAT_COE_C,,9203,100
IR_NAT_COE_C,,9221,1
IR_NAT_COE_C,,9430,1
IR_NAT_COE_C,,9431,1
IR_NAT_COE_C,,9432,1
IR_NAT_COE_C,,9433,1
IR_NAT_COE_C,,9434,1
IR_NAT_COE_C,,9566,1
IR_NAT_COE_C,,9567,1
IR_NAT_COE_C,,9568,1
IR_NAT_COE_C,,9569,1
IR_NAT_COE_C,,9570,1
IR_NAT_COE_C,,1939,1
IR_NAT_COE_C,,3540,1
IR_NAT_COE_C,,5400,1
IR_NAT_COE_C,,1193,1
IR_NAT_COE_C,,1194,1
IR_NAT_COE_C,,1401,1
IR_NAT_COE_C,,1402,1
IR_NAT_COE_C,,1403,1
IR_NAT_COE_C,,1940,1
IR_NAT_COE_C,,3306,1
IR_NAT_COE_C,,3307,1
