nom_table,CPT_COP_NUM,TRS_PRS_IDE,PRS_NAT
IR_NAT_DTR_C,,11,4206
IR_NAT_DTR_C,,12,4206
IR_NAT_DTR_C,,13,4206
IR_NAT_DTR_C,,14,4206
IR_NAT_DTR_C,,15,4206
IR_NAT_DTR_C,,16,4206
IR_NAT_DTR_C,,17,4206
IR_NAT_DTR_C,,18,4206
IR_NAT_DTR_C,,19,4206
IR_NAT_DTR_C,,21,4206
IR_NAT_DTR_C,,22,4206
IR_NAT_DTR_C,,23,4206
IR_NAT_DTR_C,,24,4206
IR_NAT_DTR_C,,25,4206
IR_NAT_DTR_C,,26,4206
IR_NAT_DTR_C,,41,4206
IR_NAT_DTR_C,,42,4206
IR_NAT_DTR_C,,43,4206
IR_NAT_DTR_C,,44,4206
IR_NAT_DTR_C,,47,4206
IR_NAT_DTR_C,,48,4206
IR_NAT_DTR_C,,49,4206
IR_NAT_DTR_C,,51,4206
IR_NAT_DTR_C,,52,4206
IR_NAT_DTR_C,,53,4206
IR_NAT_DTR_C,,54,4206
IR_NAT_DTR_C,,55,4206
IR_NAT_DTR_C,,56,4206
IR_NAT_DTR_C,,57,4206
IR_NAT_DTR_C,,58,4206
IR_NAT_DTR_C,,59,4206
IR_NAT_DTR_C,,60,4206
IR_NAT_DTR_C,,61,4206
IR_NAT_DTR_C,,11,4212
IR_NAT_DTR_C,,12,4212
IR_NAT_DTR_C,,13,4212
IR_NAT_DTR_C,,14,4212
IR_NAT_DTR_C,,15,4212
IR_NAT_DTR_C,,16,4212
IR_NAT_DTR_C,,17,4212
IR_NAT_DTR_C,,18,4212
IR_NAT_DTR_C,,19,4212
IR_NAT_DTR_C,,21,4212
IR_NAT_DTR_C,,22,4212
IR_NAT_DTR_C,,23,4212
IR_NAT_DTR_C,,24,4212
IR_NAT_DTR_C,,25,4212
IR_NAT_DTR_C,,26,4212
IR_NAT_DTR_C,,41,4212
IR_NAT_DTR_C,,42,4212
IR_NAT_DTR_C,,43,4212
IR_NAT_DTR_C,,44,4212
IR_NAT_DTR_C,,47,4212
IR_NAT_DTR_C,,48,4212
IR_NAT_DTR_C,,49,4212
IR_NAT_DTR_C,,51,4212
IR_NAT_DTR_C,,52,4212
IR_NAT_DTR_C,,53,4212
IR_NAT_DTR_C,,54,4212
IR_NAT_DTR_C,,55,4212
IR_NAT_DTR_C,,56,4212
IR_NAT_DTR_C,,57,4212
IR_NAT_DTR_C,,58,4212
IR_NAT_DTR_C,,59,4212
IR_NAT_DTR_C,,60,4212
IR_NAT_DTR_C,,61,4212
IR_NAT_DTR_C,,11,4213
IR_NAT_DTR_C,,12,4213
IR_NAT_DTR_C,,13,4213
IR_NAT_DTR_C,,14,4213
IR_NAT_DTR_C,,15,4213
IR_NAT_DTR_C,,16,4213
IR_NAT_DTR_C,,17,4213
IR_NAT_DTR_C,,18,4213
IR_NAT_DTR_C,,19,4213
IR_NAT_DTR_C,,21,4213
IR_NAT_DTR_C,,22,4213
IR_NAT_DTR_C,,23,4213
IR_NAT_DTR_C,,24,4213
IR_NAT_DTR_C,,25,4213
IR_NAT_DTR_C,,26,4213
IR_NAT_DTR_C,,41,4213
IR_NAT_DTR_C,,44,4213
IR_NAT_DTR_C,,51,4213
IR_NAT_DTR_C,,61,4213
IR_NAT_DTR_C,,62,4213
IR_NAT_DTR_C,,63,4213
IR_NAT_DTR_C,,64,4213
IR_NAT_DTR_C,,65,4213
IR_NAT_DTR_C,,66,4213
IR_NAT_DTR_C,,67,4213
IR_NAT_DTR_C,,68,4213
IR_NAT_DTR_C,,69,4213
IR_NAT_DTR_C,,70,4213
IR_NAT_DTR_C,,71,4213
IR_NAT_DTR_C,,72,4213
IR_NAT_DTR_C,,73,4213
IR_NAT_DTR_C,,74,4213
IR_NAT_DTR_C,,75,4213
IR_NAT_DTR_C,,76,4213
IR_NAT_DTR_C,,77,4213
IR_NAT_DTR_C,,78,4213
IR_NAT_DTR_C,,79,4213
IR_NAT_DTR_C,,80,4213
IR_NAT_DTR_C,,81,4213
IR_NAT_DTR_C,,82,4213
IR_NAT_DTR_C,,83,4213
IR_NAT_DTR_C,,84,4213
IR_NAT_DTR_C,,85,4213
IR_NAT_DTR_C,,86,4213
IR_NAT_DTR_C,,87,4213
IR_NAT_DTR_C,,88,4213
IR_NAT_DTR_C,,89,4213
IR_NAT_DTR_C,,90,4213
IR_NAT_DTR_C,,91,4213
IR_NAT_DTR_C,,92,4213
IR_NAT_DTR_C,,93,4213
IR_NAT_DTR_C,,94,4213
IR_NAT_DTR_C,,95,4213
IR_NAT_DTR_C,,96,4213
IR_NAT_DTR_C,,97,4213
IR_NAT_DTR_C,,98,4213
IR_NAT_DTR_C,,11,4221
IR_NAT_DTR_C,,12,4221
IR_NAT_DTR_C,,13,4221
IR_NAT_DTR_C,,14,4221
IR_NAT_DTR_C,,15,4221
IR_NAT_DTR_C,,16,4221
IR_NAT_DTR_C,,17,4221
IR_NAT_DTR_C,,18,4221
IR_NAT_DTR_C,,19,4221
IR_NAT_DTR_C,,21,4221
IR_NAT_DTR_C,,22,4221
IR_NAT_DTR_C,,23,4221
IR_NAT_DTR_C,,24,4221
IR_NAT_DTR_C,,25,4221
IR_NAT_DTR_C,,26,4221
IR_NAT_DTR_C,,41,4221
IR_NAT_DTR_C,,42,4221
IR_NAT_DTR_C,,43,4221
IR_NAT_DTR_C,,44,4221
IR_NAT_DTR_C,,47,4221
IR_NAT_DTR_C,,48,4221
IR_NAT_DTR_C,,49,4221
IR_NAT_DTR_C,,51,4221
IR_NAT_DTR_C,,52,4221
IR_NAT_DTR_C,,53,4221
IR_NAT_DTR_C,,54,4221
IR_NAT_DTR_C,,55,4221
IR_NAT_DTR_C,,56,4221
IR_NAT_DTR_C,,57,4221
IR_NAT_DTR_C,,58,4221
IR_NAT_DTR_C,,59,4221
IR_NAT_DTR_C,,60,4221
IR_NAT_DTR_C,,61,4221
