nom_table,TEC_COL,CPT_COP_NUM,TYT_COD,EMT_NUM_RES,EMT_LIB_RES
IR_NEM_T,0,,1,1,ROUEN 1
IR_NEM_T,0,,1,2,TOULOUSE 1
IR_NEM_T,0,,1,3,SLM
IR_NEM_T,0,,1,4,MELUN
IR_NEM_T,0,,1,5,TOULOUSE 3
IR_NEM_T,0,,1,6,TOULOUSE 2
IR_NEM_T,0,,1,8,LIMOGES
IR_NEM_T,0,,1,10,STRASBOURG 2
IR_NEM_T,0,,1,11,ROUEN 2
IR_NEM_T,0,,1,13,STRASBOURG 3
IR_NEM_T,0,,1,16,ST ETIENNE 1
IR_NEM_T,0,,1,17,STRASBOURG 1
IR_NEM_T,0,,1,18,ANGERS 2
IR_NEM_T,0,,1,19,LILLE
IR_NEM_T,0,,1,20,CNQD
IR_NEM_T,0,,1,21,NICE
IR_NEM_T,0,,1,22,ROUEN 3
IR_NEM_T,0,,1,23,ANGERS 1
IR_NEM_T,0,,1,25,ST ETIENNE 2
IR_NEM_T,0,,1,26,TOULOUSE 5
IR_NEM_T,0,,1,27,TOULOUSE 4
IR_NEM_T,0,,1,28,MAYOTTE
IR_NEM_T,0,,1,36,MONTIGNY
IR_NEM_T,0,,2,2,MSA
IR_NEM_T,0,,3,3,RSI
IR_NEM_T,0,,4,4,SNCF
IR_NEM_T,0,,5,5,RATP
IR_NEM_T,0,,6,6,ENIM
IR_NEM_T,0,,7,7,MINES
IR_NEM_T,0,,8,8,CNMSS
IR_NEM_T,0,,12,12,CCIP
IR_NEM_T,0,,14,14,ASSEMBLEE NATIONALE
IR_NEM_T,0,,15,15,SENAT
IR_NEM_T,0,,16,16,PORT AUTONOME DE BORDEAUX
IR_NEM_T,0,,21,21,APRIA-AMEXA
IR_NEM_T,0,,22,22,APRIA-ATEXA
