nom_table,PFS_ACT_NAT,CPT_COP_NUM,PRS_NAT
IR_NAT_ACP_C,54,,3313
IR_NAT_ACP_C,54,,3317
IR_NAT_ACP_C,54,,3318
IR_NAT_ACP_C,54,,3319
IR_NAT_ACP_C,54,,3322
IR_NAT_ACP_C,54,,3323
IR_NAT_ACP_C,54,,3325
IR_NAT_ACP_C,54,,3326
IR_NAT_ACP_C,54,,3327
IR_NAT_ACP_C,54,,3328
IR_NAT_ACP_C,54,,3336
IR_NAT_ACP_C,54,,3342
IR_NAT_ACP_C,54,,3343
IR_NAT_ACP_C,54,,3351
IR_NAT_ACP_C,54,,3352
IR_NAT_ACP_C,54,,3353
IR_NAT_ACP_C,54,,3354
IR_NAT_ACP_C,54,,3355
IR_NAT_ACP_C,54,,3356
IR_NAT_ACP_C,54,,3357
IR_NAT_ACP_C,54,,3364
IR_NAT_ACP_C,54,,3365
IR_NAT_ACP_C,54,,3366
IR_NAT_ACP_C,54,,3380
IR_NAT_ACP_C,54,,3383
IR_NAT_ACP_C,54,,3384
IR_NAT_ACP_C,54,,3385
IR_NAT_ACP_C,54,,3386
IR_NAT_ACP_C,54,,3387
IR_NAT_ACP_C,54,,3388
IR_NAT_ACP_C,54,,3389
IR_NAT_ACP_C,54,,3390
IR_NAT_ACP_C,54,,3411
IR_NAT_ACP_C,54,,3551
IR_NAT_ACP_C,54,,3576
IR_NAT_ACP_C,54,,3593
IR_NAT_ACP_C,54,,4141
IR_NAT_ACP_C,54,,4142
IR_NAT_ACP_C,54,,4143
IR_NAT_ACP_C,54,,4144
IR_NAT_ACP_C,54,,4151
IR_NAT_ACP_C,54,,4152
IR_NAT_ACP_C,54,,4153
IR_NAT_ACP_C,54,,4154
IR_NAT_ACP_C,54,,4204
IR_NAT_ACP_C,54,,4205
IR_NAT_ACP_C,54,,4206
IR_NAT_ACP_C,54,,4207
IR_NAT_ACP_C,54,,4208
IR_NAT_ACP_C,54,,4210
IR_NAT_ACP_C,54,,4211
IR_NAT_ACP_C,54,,4212
IR_NAT_ACP_C,54,,4213
IR_NAT_ACP_C,54,,4214
IR_NAT_ACP_C,54,,4215
IR_NAT_ACP_C,54,,4216
IR_NAT_ACP_C,54,,4217
IR_NAT_ACP_C,54,,4218
IR_NAT_ACP_C,54,,4220
IR_NAT_ACP_C,54,,4221
IR_NAT_ACP_C,54,,4225
IR_NAT_ACP_C,54,,4226
IR_NAT_ACP_C,54,,4229
IR_NAT_ACP_C,54,,9566
IR_NAT_ACP_C,54,,9570
IR_NAT_ACP_C,55,,3610
IR_NAT_ACP_C,55,,3611
IR_NAT_ACP_C,55,,3612
IR_NAT_ACP_C,55,,9566
IR_NAT_ACP_C,56,,3610
IR_NAT_ACP_C,56,,3611
IR_NAT_ACP_C,56,,3612
IR_NAT_ACP_C,57,,3610
IR_NAT_ACP_C,57,,3611
IR_NAT_ACP_C,57,,3612
IR_NAT_ACP_C,60,,3610
IR_NAT_ACP_C,60,,3611
IR_NAT_ACP_C,60,,3612
IR_NAT_ACP_C,61,,3610
IR_NAT_ACP_C,61,,3611
IR_NAT_ACP_C,61,,3612
IR_NAT_ACP_C,62,,3610
IR_NAT_ACP_C,62,,3611
IR_NAT_ACP_C,62,,3612
IR_NAT_ACP_C,63,,3610
IR_NAT_ACP_C,63,,3611
IR_NAT_ACP_C,63,,3612
IR_NAT_ACP_C,64,,3610
IR_NAT_ACP_C,64,,3611
IR_NAT_ACP_C,64,,3612
IR_NAT_ACP_C,65,,3610
IR_NAT_ACP_C,65,,3611
IR_NAT_ACP_C,65,,3612
IR_NAT_ACP_C,66,,3610
IR_NAT_ACP_C,66,,3611
IR_NAT_ACP_C,66,,3612
IR_NAT_ACP_C,67,,3610
IR_NAT_ACP_C,67,,3611
IR_NAT_ACP_C,67,,3612
IR_NAT_ACP_C,68,,3610
IR_NAT_ACP_C,68,,3611
IR_NAT_ACP_C,68,,3612
IR_NAT_ACP_C,91,,3336
IR_NAT_ACP_C,91,,3351
IR_NAT_ACP_C,91,,3352
IR_NAT_ACP_C,91,,3353
IR_NAT_ACP_C,91,,3354
IR_NAT_ACP_C,91,,3355
IR_NAT_ACP_C,91,,3357
IR_NAT_ACP_C,92,,3336
IR_NAT_ACP_C,92,,3351
IR_NAT_ACP_C,92,,3352
IR_NAT_ACP_C,92,,3353
IR_NAT_ACP_C,92,,3354
IR_NAT_ACP_C,92,,3355
IR_NAT_ACP_C,92,,3357
IR_NAT_ACP_C,93,,3336
IR_NAT_ACP_C,93,,3351
IR_NAT_ACP_C,93,,3352
IR_NAT_ACP_C,93,,3353
IR_NAT_ACP_C,93,,3354
IR_NAT_ACP_C,93,,3355
IR_NAT_ACP_C,93,,3357
IR_NAT_ACP_C,19,,1172
IR_NAT_ACP_C,19,,1401
IR_NAT_ACP_C,19,,1402
IR_NAT_ACP_C,19,,1403
IR_NAT_ACP_C,19,,1434
IR_NAT_ACP_C,19,,1435
IR_NAT_ACP_C,19,,1436
IR_NAT_ACP_C,19,,1437
IR_NAT_ACP_C,19,,1842
IR_NAT_ACP_C,19,,1843
IR_NAT_ACP_C,19,,1844
IR_NAT_ACP_C,19,,1845
IR_NAT_ACP_C,19,,1846
IR_NAT_ACP_C,19,,1847
IR_NAT_ACP_C,19,,1960
IR_NAT_ACP_C,19,,1961
IR_NAT_ACP_C,19,,3111
IR_NAT_ACP_C,19,,3112
IR_NAT_ACP_C,19,,3113
IR_NAT_ACP_C,19,,3116
IR_NAT_ACP_C,19,,3117
IR_NAT_ACP_C,19,,3121
IR_NAT_ACP_C,19,,3122
IR_NAT_ACP_C,19,,3125
IR_NAT_ACP_C,19,,3132
IR_NAT_ACP_C,19,,3211
IR_NAT_ACP_C,19,,3221
IR_NAT_ACP_C,19,,3222
IR_NAT_ACP_C,19,,3223
IR_NAT_ACP_C,19,,3225
IR_NAT_ACP_C,19,,3311
IR_NAT_ACP_C,19,,3312
IR_NAT_ACP_C,19,,3313
IR_NAT_ACP_C,19,,3314
IR_NAT_ACP_C,19,,3315
IR_NAT_ACP_C,19,,3316
IR_NAT_ACP_C,19,,3317
IR_NAT_ACP_C,19,,3318
IR_NAT_ACP_C,19,,3319
IR_NAT_ACP_C,19,,3322
IR_NAT_ACP_C,19,,3323
IR_NAT_ACP_C,19,,3325
IR_NAT_ACP_C,19,,3326
IR_NAT_ACP_C,19,,3327
IR_NAT_ACP_C,19,,3328
IR_NAT_ACP_C,19,,3331
IR_NAT_ACP_C,19,,3336
IR_NAT_ACP_C,19,,3342
IR_NAT_ACP_C,19,,3343
IR_NAT_ACP_C,19,,3351
IR_NAT_ACP_C,19,,3352
IR_NAT_ACP_C,19,,3353
IR_NAT_ACP_C,19,,3354
IR_NAT_ACP_C,19,,3355
IR_NAT_ACP_C,19,,3356
IR_NAT_ACP_C,19,,3357
IR_NAT_ACP_C,19,,3364
IR_NAT_ACP_C,19,,3365
IR_NAT_ACP_C,19,,3366
IR_NAT_ACP_C,19,,3374
IR_NAT_ACP_C,19,,3375
IR_NAT_ACP_C,19,,3380
IR_NAT_ACP_C,19,,3383
IR_NAT_ACP_C,19,,3384
IR_NAT_ACP_C,19,,3385
IR_NAT_ACP_C,19,,3386
IR_NAT_ACP_C,19,,3387
IR_NAT_ACP_C,19,,3388
IR_NAT_ACP_C,19,,3389
IR_NAT_ACP_C,19,,3390
IR_NAT_ACP_C,19,,3399
IR_NAT_ACP_C,19,,3411
IR_NAT_ACP_C,19,,3414
IR_NAT_ACP_C,19,,3551
IR_NAT_ACP_C,19,,3576
IR_NAT_ACP_C,19,,3610
IR_NAT_ACP_C,19,,3611
IR_NAT_ACP_C,19,,3612
IR_NAT_ACP_C,19,,4141
IR_NAT_ACP_C,19,,4142
IR_NAT_ACP_C,19,,4143
IR_NAT_ACP_C,19,,4144
IR_NAT_ACP_C,19,,4151
IR_NAT_ACP_C,19,,4152
IR_NAT_ACP_C,19,,4153
IR_NAT_ACP_C,19,,4154
IR_NAT_ACP_C,19,,4204
IR_NAT_ACP_C,19,,4205
IR_NAT_ACP_C,19,,4206
IR_NAT_ACP_C,19,,4207
IR_NAT_ACP_C,19,,4208
IR_NAT_ACP_C,19,,4210
IR_NAT_ACP_C,19,,4211
IR_NAT_ACP_C,19,,4212
IR_NAT_ACP_C,19,,4213
IR_NAT_ACP_C,19,,4214
IR_NAT_ACP_C,19,,4215
IR_NAT_ACP_C,19,,4216
IR_NAT_ACP_C,19,,4217
IR_NAT_ACP_C,19,,4218
IR_NAT_ACP_C,19,,4220
IR_NAT_ACP_C,19,,4221
IR_NAT_ACP_C,19,,4225
IR_NAT_ACP_C,19,,4226
IR_NAT_ACP_C,19,,4229
IR_NAT_ACP_C,19,,4316
IR_NAT_ACP_C,19,,9411
IR_NAT_ACP_C,19,,9421
IR_NAT_ACP_C,19,,9422
IR_NAT_ACP_C,19,,9423
IR_NAT_ACP_C,19,,9566
IR_NAT_ACP_C,19,,9570
IR_NAT_ACP_C,21,,1172
IR_NAT_ACP_C,21,,1191
IR_NAT_ACP_C,21,,1193
IR_NAT_ACP_C,21,,1194
IR_NAT_ACP_C,21,,1842
IR_NAT_ACP_C,21,,1939
IR_NAT_ACP_C,21,,1940
IR_NAT_ACP_C,21,,1960
IR_NAT_ACP_C,21,,1961
IR_NAT_ACP_C,21,,1981
IR_NAT_ACP_C,21,,2413
IR_NAT_ACP_C,21,,2414
IR_NAT_ACP_C,21,,2415
IR_NAT_ACP_C,21,,2416
IR_NAT_ACP_C,21,,2420
IR_NAT_ACP_C,21,,2426
IR_NAT_ACP_C,21,,3111
IR_NAT_ACP_C,21,,3112
IR_NAT_ACP_C,21,,3113
IR_NAT_ACP_C,21,,3116
IR_NAT_ACP_C,21,,3117
IR_NAT_ACP_C,21,,3121
IR_NAT_ACP_C,21,,3122
IR_NAT_ACP_C,21,,3211
IR_NAT_ACP_C,21,,3213
IR_NAT_ACP_C,21,,3216
IR_NAT_ACP_C,21,,3221
IR_NAT_ACP_C,21,,3222
IR_NAT_ACP_C,21,,3223
IR_NAT_ACP_C,21,,3225
IR_NAT_ACP_C,21,,3311
IR_NAT_ACP_C,21,,3312
IR_NAT_ACP_C,21,,3313
IR_NAT_ACP_C,21,,3314
IR_NAT_ACP_C,21,,3315
IR_NAT_ACP_C,21,,3316
IR_NAT_ACP_C,21,,3317
IR_NAT_ACP_C,21,,3318
IR_NAT_ACP_C,21,,3319
IR_NAT_ACP_C,21,,3322
IR_NAT_ACP_C,21,,3323
IR_NAT_ACP_C,21,,3325
IR_NAT_ACP_C,21,,3326
IR_NAT_ACP_C,21,,3327
IR_NAT_ACP_C,21,,3328
IR_NAT_ACP_C,21,,3329
IR_NAT_ACP_C,21,,3331
IR_NAT_ACP_C,21,,3334
IR_NAT_ACP_C,21,,3335
IR_NAT_ACP_C,21,,3336
IR_NAT_ACP_C,21,,3342
IR_NAT_ACP_C,21,,3343
IR_NAT_ACP_C,21,,3351
IR_NAT_ACP_C,21,,3352
IR_NAT_ACP_C,21,,3353
IR_NAT_ACP_C,21,,3354
IR_NAT_ACP_C,21,,3355
IR_NAT_ACP_C,21,,3356
IR_NAT_ACP_C,21,,3357
IR_NAT_ACP_C,21,,3364
IR_NAT_ACP_C,21,,3365
IR_NAT_ACP_C,21,,3366
IR_NAT_ACP_C,21,,3374
IR_NAT_ACP_C,21,,3375
IR_NAT_ACP_C,21,,3379
IR_NAT_ACP_C,21,,3380
IR_NAT_ACP_C,21,,3383
IR_NAT_ACP_C,21,,3384
IR_NAT_ACP_C,21,,3385
IR_NAT_ACP_C,21,,3386
IR_NAT_ACP_C,21,,3387
IR_NAT_ACP_C,21,,3388
IR_NAT_ACP_C,21,,3389
IR_NAT_ACP_C,21,,3390
IR_NAT_ACP_C,21,,3399
IR_NAT_ACP_C,21,,3411
IR_NAT_ACP_C,21,,3413
IR_NAT_ACP_C,21,,3414
IR_NAT_ACP_C,21,,3512
IR_NAT_ACP_C,21,,3513
IR_NAT_ACP_C,21,,3514
IR_NAT_ACP_C,21,,3521
IR_NAT_ACP_C,21,,3522
IR_NAT_ACP_C,21,,3575
IR_NAT_ACP_C,21,,3576
IR_NAT_ACP_C,21,,3593
IR_NAT_ACP_C,21,,3610
IR_NAT_ACP_C,21,,3611
IR_NAT_ACP_C,21,,3612
IR_NAT_ACP_C,21,,4204
IR_NAT_ACP_C,21,,4205
IR_NAT_ACP_C,21,,4206
IR_NAT_ACP_C,21,,4207
IR_NAT_ACP_C,21,,4208
IR_NAT_ACP_C,21,,4210
IR_NAT_ACP_C,21,,4211
IR_NAT_ACP_C,21,,4212
IR_NAT_ACP_C,21,,4213
IR_NAT_ACP_C,21,,4214
IR_NAT_ACP_C,21,,4215
IR_NAT_ACP_C,21,,4216
IR_NAT_ACP_C,21,,4217
IR_NAT_ACP_C,21,,4218
IR_NAT_ACP_C,21,,4220
IR_NAT_ACP_C,21,,4221
IR_NAT_ACP_C,21,,4229
IR_NAT_ACP_C,21,,9566
IR_NAT_ACP_C,21,,9570
IR_NAT_ACP_C,24,,1842
IR_NAT_ACP_C,24,,1960
IR_NAT_ACP_C,24,,1961
IR_NAT_ACP_C,24,,3111
IR_NAT_ACP_C,24,,3313
IR_NAT_ACP_C,24,,3322
IR_NAT_ACP_C,24,,3323
IR_NAT_ACP_C,24,,3364
IR_NAT_ACP_C,24,,3365
IR_NAT_ACP_C,24,,3366
IR_NAT_ACP_C,24,,3380
IR_NAT_ACP_C,24,,3386
IR_NAT_ACP_C,24,,3390
IR_NAT_ACP_C,24,,3512
IR_NAT_ACP_C,24,,3513
IR_NAT_ACP_C,24,,3514
IR_NAT_ACP_C,24,,3521
IR_NAT_ACP_C,24,,3522
IR_NAT_ACP_C,24,,3575
IR_NAT_ACP_C,24,,3576
IR_NAT_ACP_C,24,,3610
IR_NAT_ACP_C,24,,3611
IR_NAT_ACP_C,24,,3612
IR_NAT_ACP_C,24,,9566
IR_NAT_ACP_C,26,,1960
IR_NAT_ACP_C,26,,1961
IR_NAT_ACP_C,26,,3313
IR_NAT_ACP_C,26,,3322
IR_NAT_ACP_C,26,,3323
IR_NAT_ACP_C,26,,3512
IR_NAT_ACP_C,26,,3513
IR_NAT_ACP_C,26,,3514
IR_NAT_ACP_C,26,,3521
IR_NAT_ACP_C,26,,3522
IR_NAT_ACP_C,26,,3575
IR_NAT_ACP_C,26,,3610
IR_NAT_ACP_C,26,,3611
IR_NAT_ACP_C,26,,3612
IR_NAT_ACP_C,26,,9566
IR_NAT_ACP_C,27,,1960
IR_NAT_ACP_C,27,,1961
IR_NAT_ACP_C,27,,3312
IR_NAT_ACP_C,27,,3313
IR_NAT_ACP_C,27,,3322
IR_NAT_ACP_C,27,,3323
IR_NAT_ACP_C,27,,3364
IR_NAT_ACP_C,27,,3365
IR_NAT_ACP_C,27,,3366
IR_NAT_ACP_C,27,,3380
IR_NAT_ACP_C,27,,3384
IR_NAT_ACP_C,27,,3385
IR_NAT_ACP_C,27,,3386
IR_NAT_ACP_C,27,,3388
IR_NAT_ACP_C,27,,3389
IR_NAT_ACP_C,27,,3390
IR_NAT_ACP_C,27,,3512
IR_NAT_ACP_C,27,,3610
IR_NAT_ACP_C,27,,3611
IR_NAT_ACP_C,27,,3612
IR_NAT_ACP_C,28,,1172
IR_NAT_ACP_C,28,,1960
IR_NAT_ACP_C,28,,1961
IR_NAT_ACP_C,28,,3542
IR_NAT_ACP_C,28,,3549
IR_NAT_ACP_C,28,,3610
IR_NAT_ACP_C,28,,3611
IR_NAT_ACP_C,28,,3612
IR_NAT_ACP_C,29,,1100
IR_NAT_ACP_C,29,,1159
IR_NAT_ACP_C,29,,1172
IR_NAT_ACP_C,29,,1960
IR_NAT_ACP_C,29,,1961
IR_NAT_ACP_C,29,,3512
IR_NAT_ACP_C,29,,3531
IR_NAT_ACP_C,29,,3533
IR_NAT_ACP_C,29,,3610
IR_NAT_ACP_C,29,,3611
IR_NAT_ACP_C,29,,3612
IR_NAT_ACP_C,39,,3351
IR_NAT_ACP_C,39,,3352
IR_NAT_ACP_C,39,,3353
IR_NAT_ACP_C,39,,3354
IR_NAT_ACP_C,39,,3355
IR_NAT_ACP_C,40,,3351
IR_NAT_ACP_C,40,,3352
IR_NAT_ACP_C,40,,3353
IR_NAT_ACP_C,40,,3354
IR_NAT_ACP_C,40,,3355
IR_NAT_ACP_C,50,,3313
IR_NAT_ACP_C,50,,3322
IR_NAT_ACP_C,50,,3325
IR_NAT_ACP_C,50,,3331
IR_NAT_ACP_C,50,,3334
IR_NAT_ACP_C,50,,3335
IR_NAT_ACP_C,50,,3364
IR_NAT_ACP_C,50,,3365
IR_NAT_ACP_C,50,,3366
IR_NAT_ACP_C,50,,3379
IR_NAT_ACP_C,50,,3380
IR_NAT_ACP_C,50,,3386
IR_NAT_ACP_C,50,,3390
IR_NAT_ACP_C,50,,3576
IR_NAT_ACP_C,50,,3610
IR_NAT_ACP_C,50,,3611
IR_NAT_ACP_C,50,,3612
IR_NAT_ACP_C,51,,3313
IR_NAT_ACP_C,51,,3322
IR_NAT_ACP_C,51,,3325
IR_NAT_ACP_C,51,,3331
IR_NAT_ACP_C,51,,3334
IR_NAT_ACP_C,51,,3335
IR_NAT_ACP_C,51,,3364
IR_NAT_ACP_C,51,,3365
IR_NAT_ACP_C,51,,3366
IR_NAT_ACP_C,51,,3379
IR_NAT_ACP_C,51,,3380
IR_NAT_ACP_C,51,,3386
IR_NAT_ACP_C,51,,3390
IR_NAT_ACP_C,51,,3576
IR_NAT_ACP_C,51,,3610
IR_NAT_ACP_C,51,,3611
IR_NAT_ACP_C,51,,3612
IR_NAT_ACP_C,52,,3313
IR_NAT_ACP_C,52,,3576
IR_NAT_ACP_C,52,,3610
IR_NAT_ACP_C,52,,3611
IR_NAT_ACP_C,52,,3612
IR_NAT_ACP_C,53,,1172
IR_NAT_ACP_C,53,,1191
IR_NAT_ACP_C,53,,1193
IR_NAT_ACP_C,53,,1194
IR_NAT_ACP_C,53,,1401
IR_NAT_ACP_C,53,,1402
IR_NAT_ACP_C,53,,1403
IR_NAT_ACP_C,53,,1437
IR_NAT_ACP_C,53,,1842
IR_NAT_ACP_C,53,,1843
IR_NAT_ACP_C,53,,1844
IR_NAT_ACP_C,53,,1845
IR_NAT_ACP_C,53,,1846
IR_NAT_ACP_C,53,,1847
IR_NAT_ACP_C,53,,3111
IR_NAT_ACP_C,53,,3113
IR_NAT_ACP_C,53,,3116
IR_NAT_ACP_C,53,,3117
IR_NAT_ACP_C,53,,3121
IR_NAT_ACP_C,53,,3122
IR_NAT_ACP_C,53,,3125
IR_NAT_ACP_C,53,,3132
IR_NAT_ACP_C,53,,3211
IR_NAT_ACP_C,53,,3221
IR_NAT_ACP_C,53,,3222
IR_NAT_ACP_C,53,,3223
IR_NAT_ACP_C,53,,3225
IR_NAT_ACP_C,53,,3311
IR_NAT_ACP_C,53,,3312
IR_NAT_ACP_C,53,,3313
IR_NAT_ACP_C,53,,3317
IR_NAT_ACP_C,53,,3318
IR_NAT_ACP_C,53,,3319
IR_NAT_ACP_C,53,,3322
IR_NAT_ACP_C,53,,3323
IR_NAT_ACP_C,53,,3325
IR_NAT_ACP_C,53,,3326
IR_NAT_ACP_C,53,,3327
IR_NAT_ACP_C,53,,3328
IR_NAT_ACP_C,53,,3336
IR_NAT_ACP_C,53,,3342
IR_NAT_ACP_C,53,,3343
IR_NAT_ACP_C,53,,3351
IR_NAT_ACP_C,53,,3352
IR_NAT_ACP_C,53,,3353
IR_NAT_ACP_C,53,,3354
IR_NAT_ACP_C,53,,3355
IR_NAT_ACP_C,53,,3356
IR_NAT_ACP_C,53,,3357
IR_NAT_ACP_C,53,,3364
IR_NAT_ACP_C,53,,3365
IR_NAT_ACP_C,53,,3366
IR_NAT_ACP_C,53,,3380
IR_NAT_ACP_C,53,,3383
IR_NAT_ACP_C,53,,3384
IR_NAT_ACP_C,53,,3385
IR_NAT_ACP_C,53,,3386
IR_NAT_ACP_C,53,,3387
IR_NAT_ACP_C,53,,3388
IR_NAT_ACP_C,53,,3389
IR_NAT_ACP_C,53,,3390
IR_NAT_ACP_C,53,,3411
IR_NAT_ACP_C,53,,3551
IR_NAT_ACP_C,53,,3576
IR_NAT_ACP_C,53,,3593
IR_NAT_ACP_C,53,,4141
IR_NAT_ACP_C,53,,4142
IR_NAT_ACP_C,53,,4143
IR_NAT_ACP_C,53,,4144
IR_NAT_ACP_C,53,,4151
IR_NAT_ACP_C,53,,4152
IR_NAT_ACP_C,53,,4153
IR_NAT_ACP_C,53,,4154
IR_NAT_ACP_C,53,,4204
IR_NAT_ACP_C,53,,4205
IR_NAT_ACP_C,53,,4206
IR_NAT_ACP_C,53,,4207
IR_NAT_ACP_C,53,,4208
IR_NAT_ACP_C,53,,4210
IR_NAT_ACP_C,53,,4211
IR_NAT_ACP_C,53,,4212
IR_NAT_ACP_C,53,,4213
IR_NAT_ACP_C,53,,4214
IR_NAT_ACP_C,53,,4215
IR_NAT_ACP_C,53,,4216
IR_NAT_ACP_C,53,,4217
IR_NAT_ACP_C,53,,4218
IR_NAT_ACP_C,53,,4220
IR_NAT_ACP_C,53,,4221
IR_NAT_ACP_C,53,,4225
IR_NAT_ACP_C,53,,4226
IR_NAT_ACP_C,53,,4229
IR_NAT_ACP_C,53,,9566
IR_NAT_ACP_C,53,,9570
IR_NAT_ACP_C,54,,1172
IR_NAT_ACP_C,54,,1191
IR_NAT_ACP_C,54,,1193
IR_NAT_ACP_C,54,,1194
IR_NAT_ACP_C,54,,1401
IR_NAT_ACP_C,54,,1402
IR_NAT_ACP_C,54,,1403
IR_NAT_ACP_C,54,,1437
IR_NAT_ACP_C,54,,1842
IR_NAT_ACP_C,54,,1843
IR_NAT_ACP_C,54,,1844
IR_NAT_ACP_C,54,,1845
IR_NAT_ACP_C,54,,1846
IR_NAT_ACP_C,54,,1847
IR_NAT_ACP_C,54,,3111
IR_NAT_ACP_C,54,,3113
IR_NAT_ACP_C,54,,3116
IR_NAT_ACP_C,54,,3117
IR_NAT_ACP_C,54,,3121
IR_NAT_ACP_C,54,,3122
IR_NAT_ACP_C,54,,3125
IR_NAT_ACP_C,54,,3132
IR_NAT_ACP_C,54,,3211
IR_NAT_ACP_C,54,,3221
IR_NAT_ACP_C,54,,3222
IR_NAT_ACP_C,54,,3223
IR_NAT_ACP_C,54,,3225
IR_NAT_ACP_C,54,,3311
IR_NAT_ACP_C,54,,3312
