nom_table,PFS_ACT_CAT,CPT_COP_NUM,PRS_NAT,PRS_NAT_TDM
IR_NAT_CAC_C,5,,1721,1
IR_NAT_CAC_C,6,,1721,3
IR_NAT_CAC_C,7,,1721,3
IR_NAT_CAC_C,8,,1721,3
IR_NAT_CAC_C,9,,1721,3
IR_NAT_CAC_C,10,,1721,3
IR_NAT_CAC_C,11,,1721,4
IR_NAT_CAC_C,12,,1721,5
IR_NAT_CAC_C,5,,1722,1
IR_NAT_CAC_C,6,,1722,3
IR_NAT_CAC_C,7,,1722,3
IR_NAT_CAC_C,8,,1722,3
IR_NAT_CAC_C,9,,1722,3
IR_NAT_CAC_C,10,,1722,3
IR_NAT_CAC_C,11,,1722,4
IR_NAT_CAC_C,12,,1722,5
IR_NAT_CAC_C,5,,1723,1
IR_NAT_CAC_C,6,,1723,3
IR_NAT_CAC_C,7,,1723,3
IR_NAT_CAC_C,8,,1723,3
IR_NAT_CAC_C,9,,1723,3
IR_NAT_CAC_C,10,,1723,3
IR_NAT_CAC_C,11,,1723,4
IR_NAT_CAC_C,12,,1723,5
IR_NAT_CAC_C,5,,1724,1
IR_NAT_CAC_C,6,,1724,3
IR_NAT_CAC_C,7,,1724,3
IR_NAT_CAC_C,8,,1724,3
IR_NAT_CAC_C,9,,1724,3
IR_NAT_CAC_C,10,,1724,3
IR_NAT_CAC_C,11,,1724,4
IR_NAT_CAC_C,12,,1724,5
IR_NAT_CAC_C,5,,1725,1
IR_NAT_CAC_C,6,,1725,3
IR_NAT_CAC_C,7,,1725,3
IR_NAT_CAC_C,8,,1725,3
IR_NAT_CAC_C,9,,1725,3
IR_NAT_CAC_C,10,,1725,3
IR_NAT_CAC_C,11,,1725,4
IR_NAT_CAC_C,12,,1725,5
IR_NAT_CAC_C,5,,1726,1
IR_NAT_CAC_C,6,,1726,3
IR_NAT_CAC_C,7,,1726,3
IR_NAT_CAC_C,8,,1726,3
IR_NAT_CAC_C,9,,1726,3
IR_NAT_CAC_C,10,,1726,3
IR_NAT_CAC_C,11,,1726,4
IR_NAT_CAC_C,12,,1726,5
IR_NAT_CAC_C,5,,1727,1
IR_NAT_CAC_C,6,,1727,3
IR_NAT_CAC_C,7,,1727,3
IR_NAT_CAC_C,8,,1727,3
IR_NAT_CAC_C,9,,1727,3
IR_NAT_CAC_C,10,,1727,3
IR_NAT_CAC_C,11,,1727,4
IR_NAT_CAC_C,12,,1727,5
IR_NAT_CAC_C,5,,1728,1
IR_NAT_CAC_C,6,,1728,3
IR_NAT_CAC_C,7,,1728,3
IR_NAT_CAC_C,8,,1728,3
IR_NAT_CAC_C,9,,1728,3
IR_NAT_CAC_C,10,,1728,3
IR_NAT_CAC_C,11,,1728,4
IR_NAT_CAC_C,12,,1728,5
IR_NAT_CAC_C,5,,1729,1
IR_NAT_CAC_C,6,,1729,3
IR_NAT_CAC_C,7,,1729,3
IR_NAT_CAC_C,8,,1729,3
IR_NAT_CAC_C,9,,1729,3
IR_NAT_CAC_C,10,,1729,3
IR_NAT_CAC_C,11,,1729,4
IR_NAT_CAC_C,12,,1729,5
IR_NAT_CAC_C,5,,1731,1
IR_NAT_CAC_C,6,,1731,3
IR_NAT_CAC_C,7,,1731,3
IR_NAT_CAC_C,8,,1731,3
IR_NAT_CAC_C,9,,1731,3
IR_NAT_CAC_C,10,,1731,3
IR_NAT_CAC_C,11,,1731,4
IR_NAT_CAC_C,12,,1731,5
IR_NAT_CAC_C,5,,1732,1
IR_NAT_CAC_C,6,,1732,3
IR_NAT_CAC_C,7,,1732,3
IR_NAT_CAC_C,8,,1732,3
IR_NAT_CAC_C,9,,1732,3
IR_NAT_CAC_C,10,,1732,3
IR_NAT_CAC_C,11,,1732,4
IR_NAT_CAC_C,12,,1732,5
IR_NAT_CAC_C,5,,1733,1
IR_NAT_CAC_C,6,,1733,3
IR_NAT_CAC_C,7,,1733,3
IR_NAT_CAC_C,8,,1733,3
IR_NAT_CAC_C,9,,1733,3
IR_NAT_CAC_C,10,,1733,3
IR_NAT_CAC_C,11,,1733,4
IR_NAT_CAC_C,12,,1733,5
IR_NAT_CAC_C,5,,1734,1
IR_NAT_CAC_C,6,,1734,3
IR_NAT_CAC_C,7,,1734,3
IR_NAT_CAC_C,8,,1734,3
IR_NAT_CAC_C,9,,1734,3
IR_NAT_CAC_C,10,,1734,3
IR_NAT_CAC_C,11,,1734,4
IR_NAT_CAC_C,12,,1734,5
IR_NAT_CAC_C,5,,1735,1
IR_NAT_CAC_C,6,,1735,3
IR_NAT_CAC_C,7,,1735,3
IR_NAT_CAC_C,8,,1735,3
IR_NAT_CAC_C,9,,1735,3
IR_NAT_CAC_C,10,,1735,3
IR_NAT_CAC_C,11,,1735,4
IR_NAT_CAC_C,12,,1735,5
IR_NAT_CAC_C,5,,1736,1
IR_NAT_CAC_C,6,,1736,3
IR_NAT_CAC_C,7,,1736,3
IR_NAT_CAC_C,8,,1736,3
IR_NAT_CAC_C,9,,1736,3
IR_NAT_CAC_C,10,,1736,3
IR_NAT_CAC_C,11,,1736,4
IR_NAT_CAC_C,12,,1736,5
IR_NAT_CAC_C,5,,1741,1
IR_NAT_CAC_C,6,,1741,3
IR_NAT_CAC_C,7,,1741,3
IR_NAT_CAC_C,8,,1741,3
IR_NAT_CAC_C,9,,1741,3
IR_NAT_CAC_C,10,,1741,3
IR_NAT_CAC_C,11,,1741,4
IR_NAT_CAC_C,12,,1741,5
IR_NAT_CAC_C,5,,1742,1
IR_NAT_CAC_C,6,,1742,3
IR_NAT_CAC_C,7,,1742,3
IR_NAT_CAC_C,8,,1742,3
IR_NAT_CAC_C,9,,1742,3
IR_NAT_CAC_C,10,,1742,3
IR_NAT_CAC_C,11,,1742,4
IR_NAT_CAC_C,12,,1742,5
IR_NAT_CAC_C,5,,1743,1
IR_NAT_CAC_C,6,,1743,3
IR_NAT_CAC_C,7,,1743,3
IR_NAT_CAC_C,8,,1743,3
IR_NAT_CAC_C,9,,1743,3
IR_NAT_CAC_C,10,,1743,3
IR_NAT_CAC_C,11,,1743,4
IR_NAT_CAC_C,12,,1743,5
IR_NAT_CAC_C,5,,1744,1
IR_NAT_CAC_C,6,,1744,3
IR_NAT_CAC_C,7,,1744,3
IR_NAT_CAC_C,8,,1744,3
IR_NAT_CAC_C,9,,1744,3
IR_NAT_CAC_C,10,,1744,3
IR_NAT_CAC_C,11,,1744,4
IR_NAT_CAC_C,12,,1744,5
IR_NAT_CAC_C,5,,1745,1
IR_NAT_CAC_C,6,,1745,3
IR_NAT_CAC_C,7,,1745,3
IR_NAT_CAC_C,8,,1745,3
IR_NAT_CAC_C,9,,1745,3
IR_NAT_CAC_C,10,,1745,3
IR_NAT_CAC_C,11,,1745,4
IR_NAT_CAC_C,12,,1745,5
IR_NAT_CAC_C,5,,1746,1
IR_NAT_CAC_C,6,,1746,3
IR_NAT_CAC_C,7,,1746,3
IR_NAT_CAC_C,8,,1746,3
IR_NAT_CAC_C,9,,1746,3
IR_NAT_CAC_C,10,,1746,3
IR_NAT_CAC_C,11,,1746,4
IR_NAT_CAC_C,12,,1746,5
IR_NAT_CAC_C,5,,1747,1
IR_NAT_CAC_C,6,,1747,3
IR_NAT_CAC_C,7,,1747,3
IR_NAT_CAC_C,8,,1747,3
IR_NAT_CAC_C,9,,1747,3
IR_NAT_CAC_C,10,,1747,3
IR_NAT_CAC_C,11,,1747,4
IR_NAT_CAC_C,12,,1747,5
IR_NAT_CAC_C,5,,1748,1
IR_NAT_CAC_C,6,,1748,3
IR_NAT_CAC_C,7,,1748,3
IR_NAT_CAC_C,8,,1748,3
IR_NAT_CAC_C,9,,1748,3
IR_NAT_CAC_C,10,,1748,3
IR_NAT_CAC_C,11,,1748,4
IR_NAT_CAC_C,12,,1748,5
IR_NAT_CAC_C,5,,1749,1
IR_NAT_CAC_C,6,,1749,3
IR_NAT_CAC_C,7,,1749,3
IR_NAT_CAC_C,8,,1749,3
IR_NAT_CAC_C,9,,1749,3
IR_NAT_CAC_C,10,,1749,3
IR_NAT_CAC_C,11,,1749,4
IR_NAT_CAC_C,12,,1749,5
IR_NAT_CAC_C,5,,1751,1
IR_NAT_CAC_C,6,,1751,3
IR_NAT_CAC_C,7,,1751,3
IR_NAT_CAC_C,8,,1751,3
IR_NAT_CAC_C,9,,1751,3
IR_NAT_CAC_C,10,,1751,3
IR_NAT_CAC_C,11,,1751,4
IR_NAT_CAC_C,12,,1751,5
IR_NAT_CAC_C,5,,1761,1
IR_NAT_CAC_C,6,,1761,3
IR_NAT_CAC_C,7,,1761,3
IR_NAT_CAC_C,8,,1761,3
IR_NAT_CAC_C,9,,1761,3
IR_NAT_CAC_C,10,,1761,3
IR_NAT_CAC_C,11,,1761,4
IR_NAT_CAC_C,12,,1761,5
IR_NAT_CAC_C,5,,1762,1
IR_NAT_CAC_C,6,,1762,3
IR_NAT_CAC_C,7,,1762,3
IR_NAT_CAC_C,8,,1762,3
IR_NAT_CAC_C,9,,1762,3
IR_NAT_CAC_C,10,,1762,3
IR_NAT_CAC_C,11,,1762,4
IR_NAT_CAC_C,12,,1762,5
IR_NAT_CAC_C,5,,1763,1
IR_NAT_CAC_C,6,,1763,3
IR_NAT_CAC_C,7,,1763,3
IR_NAT_CAC_C,8,,1763,3
IR_NAT_CAC_C,9,,1763,3
IR_NAT_CAC_C,10,,1763,3
IR_NAT_CAC_C,11,,1763,4
IR_NAT_CAC_C,12,,1763,5
IR_NAT_CAC_C,5,,1764,1
IR_NAT_CAC_C,6,,1764,3
IR_NAT_CAC_C,7,,1764,3
IR_NAT_CAC_C,8,,1764,3
IR_NAT_CAC_C,9,,1764,3
IR_NAT_CAC_C,10,,1764,3
IR_NAT_CAC_C,11,,1764,4
IR_NAT_CAC_C,12,,1764,5
IR_NAT_CAC_C,5,,1765,1
IR_NAT_CAC_C,6,,1765,3
IR_NAT_CAC_C,7,,1765,3
IR_NAT_CAC_C,8,,1765,3
IR_NAT_CAC_C,9,,1765,3
IR_NAT_CAC_C,10,,1765,3
IR_NAT_CAC_C,11,,1765,4
IR_NAT_CAC_C,12,,1765,5
IR_NAT_CAC_C,5,,1766,1
IR_NAT_CAC_C,6,,1766,3
IR_NAT_CAC_C,7,,1766,3
IR_NAT_CAC_C,8,,1766,3
IR_NAT_CAC_C,9,,1766,3
IR_NAT_CAC_C,10,,1766,3
IR_NAT_CAC_C,11,,1766,4
IR_NAT_CAC_C,12,,1766,5
IR_NAT_CAC_C,5,,1767,1
IR_NAT_CAC_C,6,,1767,3
IR_NAT_CAC_C,7,,1767,3
IR_NAT_CAC_C,8,,1767,3
IR_NAT_CAC_C,9,,1767,3
IR_NAT_CAC_C,10,,1767,3
IR_NAT_CAC_C,11,,1767,4
IR_NAT_CAC_C,12,,1767,5
IR_NAT_CAC_C,5,,1768,1
IR_NAT_CAC_C,6,,1768,3
IR_NAT_CAC_C,7,,1768,3
IR_NAT_CAC_C,8,,1768,3
IR_NAT_CAC_C,9,,1768,3
IR_NAT_CAC_C,10,,1768,3
IR_NAT_CAC_C,11,,1768,4
IR_NAT_CAC_C,12,,1768,5
IR_NAT_CAC_C,5,,1769,1
IR_NAT_CAC_C,6,,1769,3
IR_NAT_CAC_C,7,,1769,3
IR_NAT_CAC_C,8,,1769,3
IR_NAT_CAC_C,9,,1769,3
IR_NAT_CAC_C,10,,1769,3
IR_NAT_CAC_C,11,,1769,4
IR_NAT_CAC_C,12,,1769,5
IR_NAT_CAC_C,5,,1771,1
IR_NAT_CAC_C,6,,1771,3
IR_NAT_CAC_C,7,,1771,3
IR_NAT_CAC_C,8,,1771,3
IR_NAT_CAC_C,9,,1771,3
IR_NAT_CAC_C,10,,1771,3
IR_NAT_CAC_C,11,,1771,4
IR_NAT_CAC_C,12,,1771,5
IR_NAT_CAC_C,5,,1781,1
IR_NAT_CAC_C,6,,1781,3
IR_NAT_CAC_C,7,,1781,3
IR_NAT_CAC_C,8,,1781,3
IR_NAT_CAC_C,9,,1781,3
IR_NAT_CAC_C,10,,1781,3
IR_NAT_CAC_C,11,,1781,4
IR_NAT_CAC_C,12,,1781,5
IR_NAT_CAC_C,5,,1782,1
IR_NAT_CAC_C,6,,1782,3
IR_NAT_CAC_C,7,,1782,3
IR_NAT_CAC_C,8,,1782,3
IR_NAT_CAC_C,9,,1782,3
IR_NAT_CAC_C,10,,1782,3
IR_NAT_CAC_C,11,,1782,4
IR_NAT_CAC_C,12,,1782,5
IR_NAT_CAC_C,5,,1783,1
IR_NAT_CAC_C,6,,1783,3
IR_NAT_CAC_C,7,,1783,3
IR_NAT_CAC_C,8,,1783,3
IR_NAT_CAC_C,9,,1783,3
IR_NAT_CAC_C,10,,1783,3
IR_NAT_CAC_C,5,,1784,1
IR_NAT_CAC_C,6,,1784,3
IR_NAT_CAC_C,7,,1784,3
IR_NAT_CAC_C,8,,1784,3
IR_NAT_CAC_C,9,,1784,3
IR_NAT_CAC_C,10,,1784,3
IR_NAT_CAC_C,11,,1784,4
IR_NAT_CAC_C,12,,1784,5
IR_NAT_CAC_C,5,,1785,1
IR_NAT_CAC_C,6,,1785,3
IR_NAT_CAC_C,7,,1785,3
IR_NAT_CAC_C,8,,1785,3
IR_NAT_CAC_C,9,,1785,3
IR_NAT_CAC_C,10,,1785,3
IR_NAT_CAC_C,11,,1785,4
IR_NAT_CAC_C,12,,1785,5
IR_NAT_CAC_C,5,,1786,1
IR_NAT_CAC_C,6,,1786,3
IR_NAT_CAC_C,7,,1786,3
IR_NAT_CAC_C,8,,1786,3
IR_NAT_CAC_C,9,,1786,3
IR_NAT_CAC_C,10,,1786,3
IR_NAT_CAC_C,11,,1786,4
IR_NAT_CAC_C,12,,1786,5
IR_NAT_CAC_C,5,,1787,1
IR_NAT_CAC_C,6,,1787,3
IR_NAT_CAC_C,7,,1787,3
IR_NAT_CAC_C,8,,1787,3
IR_NAT_CAC_C,9,,1787,3
IR_NAT_CAC_C,10,,1787,3
IR_NAT_CAC_C,11,,1787,4
IR_NAT_CAC_C,12,,1787,5
IR_NAT_CAC_C,5,,1788,1
IR_NAT_CAC_C,6,,1788,3
IR_NAT_CAC_C,7,,1788,3
IR_NAT_CAC_C,8,,1788,3
IR_NAT_CAC_C,9,,1788,3
IR_NAT_CAC_C,10,,1788,3
IR_NAT_CAC_C,11,,1788,4
IR_NAT_CAC_C,12,,1788,5
IR_NAT_CAC_C,5,,1789,1
IR_NAT_CAC_C,6,,1789,3
IR_NAT_CAC_C,7,,1789,3
IR_NAT_CAC_C,8,,1789,3
IR_NAT_CAC_C,9,,1789,3
IR_NAT_CAC_C,10,,1789,3
IR_NAT_CAC_C,11,,1789,4
IR_NAT_CAC_C,12,,1789,5
IR_NAT_CAC_C,5,,1791,1
IR_NAT_CAC_C,6,,1791,3
IR_NAT_CAC_C,7,,1791,3
IR_NAT_CAC_C,8,,1791,3
IR_NAT_CAC_C,9,,1791,3
IR_NAT_CAC_C,10,,1791,3
IR_NAT_CAC_C,11,,1791,4
IR_NAT_CAC_C,12,,1791,5
IR_NAT_CAC_C,4,,1811,1
IR_NAT_CAC_C,5,,1811,1
IR_NAT_CAC_C,6,,1811,3
IR_NAT_CAC_C,7,,1811,3
IR_NAT_CAC_C,8,,1811,3
IR_NAT_CAC_C,9,,1811,3
IR_NAT_CAC_C,10,,1811,3
IR_NAT_CAC_C,11,,1811,4
IR_NAT_CAC_C,12,,1811,5
IR_NAT_CAC_C,4,,1812,1
IR_NAT_CAC_C,5,,1812,1
IR_NAT_CAC_C,6,,1812,3
IR_NAT_CAC_C,7,,1812,3
IR_NAT_CAC_C,8,,1812,3
IR_NAT_CAC_C,9,,1812,3
IR_NAT_CAC_C,10,,1812,3
IR_NAT_CAC_C,11,,1812,4
IR_NAT_CAC_C,12,,1812,5
IR_NAT_CAC_C,4,,1813,1
IR_NAT_CAC_C,5,,1813,1
IR_NAT_CAC_C,6,,1813,3
IR_NAT_CAC_C,7,,1813,3
IR_NAT_CAC_C,8,,1813,3
IR_NAT_CAC_C,9,,1813,3
IR_NAT_CAC_C,10,,1813,3
IR_NAT_CAC_C,11,,1813,4
IR_NAT_CAC_C,12,,1813,5
IR_NAT_CAC_C,4,,1821,1
IR_NAT_CAC_C,5,,1821,1
IR_NAT_CAC_C,6,,1821,3
IR_NAT_CAC_C,11,,1821,4
IR_NAT_CAC_C,12,,1821,5
IR_NAT_CAC_C,4,,1841,1
IR_NAT_CAC_C,5,,1841,1
IR_NAT_CAC_C,6,,1841,3
IR_NAT_CAC_C,11,,1841,4
IR_NAT_CAC_C,12,,1841,5
IR_NAT_CAC_C,6,,1843,3
IR_NAT_CAC_C,6,,1844,3
IR_NAT_CAC_C,6,,1845,3
IR_NAT_CAC_C,6,,1846,3
IR_NAT_CAC_C,6,,1847,3
