nom_table,CPT_COP_NUM,CPL_COD,PRS_NAT
IR_NAT_CPA_C,,0,3314
IR_NAT_CPA_C,,0,3315
IR_NAT_CPA_C,,0,3316
IR_NAT_CPA_C,,0,3317
IR_NAT_CPA_C,,0,3318
IR_NAT_CPA_C,,0,3319
IR_NAT_CPA_C,,0,3320
IR_NAT_CPA_C,,0,3321
IR_NAT_CPA_C,,0,3322
IR_NAT_CPA_C,,0,3323
IR_NAT_CPA_C,,0,3324
IR_NAT_CPA_C,,0,3325
IR_NAT_CPA_C,,0,3326
IR_NAT_CPA_C,,0,3327
IR_NAT_CPA_C,,0,3328
IR_NAT_CPA_C,,0,3329
IR_NAT_CPA_C,,0,3330
IR_NAT_CPA_C,,0,3331
IR_NAT_CPA_C,,2,3331
IR_NAT_CPA_C,,0,3332
IR_NAT_CPA_C,,0,3334
IR_NAT_CPA_C,,0,3335
IR_NAT_CPA_C,,0,3336
IR_NAT_CPA_C,,0,3337
IR_NAT_CPA_C,,0,3338
IR_NAT_CPA_C,,0,3339
IR_NAT_CPA_C,,0,3340
IR_NAT_CPA_C,,0,3341
IR_NAT_CPA_C,,0,3342
IR_NAT_CPA_C,,0,3343
IR_NAT_CPA_C,,0,3351
IR_NAT_CPA_C,,0,3352
IR_NAT_CPA_C,,0,3353
IR_NAT_CPA_C,,0,3354
IR_NAT_CPA_C,,0,3355
IR_NAT_CPA_C,,0,3356
IR_NAT_CPA_C,,0,3357
IR_NAT_CPA_C,,0,3361
IR_NAT_CPA_C,,0,3362
IR_NAT_CPA_C,,0,3363
IR_NAT_CPA_C,,0,3364
IR_NAT_CPA_C,,0,3365
IR_NAT_CPA_C,,0,3366
IR_NAT_CPA_C,,0,3371
IR_NAT_CPA_C,,0,3372
IR_NAT_CPA_C,,0,3373
IR_NAT_CPA_C,,0,3374
IR_NAT_CPA_C,,0,3375
IR_NAT_CPA_C,,0,3378
IR_NAT_CPA_C,,0,3379
IR_NAT_CPA_C,,0,3380
IR_NAT_CPA_C,,0,3381
IR_NAT_CPA_C,,0,3382
IR_NAT_CPA_C,,0,3383
IR_NAT_CPA_C,,0,3384
IR_NAT_CPA_C,,0,3385
IR_NAT_CPA_C,,0,3386
IR_NAT_CPA_C,,0,3387
IR_NAT_CPA_C,,0,3388
IR_NAT_CPA_C,,0,3389
IR_NAT_CPA_C,,0,3390
IR_NAT_CPA_C,,0,3391
IR_NAT_CPA_C,,0,3392
IR_NAT_CPA_C,,0,3393
IR_NAT_CPA_C,,0,3394
IR_NAT_CPA_C,,0,3395
IR_NAT_CPA_C,,0,3396
IR_NAT_CPA_C,,0,3397
IR_NAT_CPA_C,,0,3398
IR_NAT_CPA_C,,0,3399
IR_NAT_CPA_C,,0,3411
IR_NAT_CPA_C,,0,3412
IR_NAT_CPA_C,,0,3413
IR_NAT_CPA_C,,0,3414
IR_NAT_CPA_C,,0,3511
IR_NAT_CPA_C,,0,3512
IR_NAT_CPA_C,,0,3513
IR_NAT_CPA_C,,0,3514
IR_NAT_CPA_C,,0,3515
IR_NAT_CPA_C,,0,3516
IR_NAT_CPA_C,,0,3517
IR_NAT_CPA_C,,0,3518
IR_NAT_CPA_C,,0,3521
IR_NAT_CPA_C,,0,3522
IR_NAT_CPA_C,,0,3523
IR_NAT_CPA_C,,0,3524
IR_NAT_CPA_C,,0,3525
IR_NAT_CPA_C,,0,3526
IR_NAT_CPA_C,,0,3527
IR_NAT_CPA_C,,0,3528
IR_NAT_CPA_C,,0,3529
IR_NAT_CPA_C,,0,3530
IR_NAT_CPA_C,,0,3531
IR_NAT_CPA_C,,0,3532
IR_NAT_CPA_C,,0,3533
IR_NAT_CPA_C,,0,3534
IR_NAT_CPA_C,,0,3535
IR_NAT_CPA_C,,0,3536
IR_NAT_CPA_C,,0,3537
IR_NAT_CPA_C,,0,3538
IR_NAT_CPA_C,,0,3539
IR_NAT_CPA_C,,0,3540
IR_NAT_CPA_C,,0,3541
IR_NAT_CPA_C,,0,3542
IR_NAT_CPA_C,,0,3543
IR_NAT_CPA_C,,0,3544
IR_NAT_CPA_C,,0,3545
IR_NAT_CPA_C,,0,3547
IR_NAT_CPA_C,,0,3548
IR_NAT_CPA_C,,0,3549
IR_NAT_CPA_C,,0,3551
IR_NAT_CPA_C,,0,3552
IR_NAT_CPA_C,,0,3553
IR_NAT_CPA_C,,0,3554
IR_NAT_CPA_C,,0,3555
IR_NAT_CPA_C,,0,3556
IR_NAT_CPA_C,,0,3557
IR_NAT_CPA_C,,0,3561
IR_NAT_CPA_C,,0,3572
IR_NAT_CPA_C,,0,3573
IR_NAT_CPA_C,,0,3574
IR_NAT_CPA_C,,0,3575
IR_NAT_CPA_C,,0,3576
IR_NAT_CPA_C,,0,3581
IR_NAT_CPA_C,,0,3582
IR_NAT_CPA_C,,0,3583
IR_NAT_CPA_C,,0,3591
IR_NAT_CPA_C,,0,3592
IR_NAT_CPA_C,,0,3593
IR_NAT_CPA_C,,0,3594
IR_NAT_CPA_C,,0,3610
IR_NAT_CPA_C,,0,3611
IR_NAT_CPA_C,,0,3612
IR_NAT_CPA_C,,0,4111
IR_NAT_CPA_C,,0,4112
IR_NAT_CPA_C,,0,4113
IR_NAT_CPA_C,,0,4114
IR_NAT_CPA_C,,0,4131
IR_NAT_CPA_C,,0,4132
IR_NAT_CPA_C,,0,4141
IR_NAT_CPA_C,,0,4142
IR_NAT_CPA_C,,0,4143
IR_NAT_CPA_C,,0,4144
IR_NAT_CPA_C,,0,4145
IR_NAT_CPA_C,,0,4151
IR_NAT_CPA_C,,0,4152
IR_NAT_CPA_C,,0,4153
IR_NAT_CPA_C,,0,4154
IR_NAT_CPA_C,,0,4155
IR_NAT_CPA_C,,0,4156
IR_NAT_CPA_C,,0,4157
IR_NAT_CPA_C,,0,4158
IR_NAT_CPA_C,,0,4204
IR_NAT_CPA_C,,0,4205
IR_NAT_CPA_C,,0,4206
IR_NAT_CPA_C,,0,4207
IR_NAT_CPA_C,,0,4208
IR_NAT_CPA_C,,0,4209
IR_NAT_CPA_C,,0,4210
IR_NAT_CPA_C,,0,4211
IR_NAT_CPA_C,,0,4212
IR_NAT_CPA_C,,0,4213
IR_NAT_CPA_C,,0,4214
IR_NAT_CPA_C,,0,4215
IR_NAT_CPA_C,,0,4216
IR_NAT_CPA_C,,0,4217
IR_NAT_CPA_C,,0,4218
IR_NAT_CPA_C,,0,4219
IR_NAT_CPA_C,,0,4220
IR_NAT_CPA_C,,0,4221
IR_NAT_CPA_C,,0,4222
IR_NAT_CPA_C,,0,4224
IR_NAT_CPA_C,,0,4225
IR_NAT_CPA_C,,0,4226
IR_NAT_CPA_C,,0,4227
IR_NAT_CPA_C,,0,4228
IR_NAT_CPA_C,,0,4229
IR_NAT_CPA_C,,0,4315
IR_NAT_CPA_C,,0,4316
IR_NAT_CPA_C,,0,4317
IR_NAT_CPA_C,,0,4318
IR_NAT_CPA_C,,0,4319
IR_NAT_CPA_C,,0,4320
IR_NAT_CPA_C,,0,4321
IR_NAT_CPA_C,,0,4322
IR_NAT_CPA_C,,0,4323
IR_NAT_CPA_C,,0,4324
IR_NAT_CPA_C,,0,4325
IR_NAT_CPA_C,,0,4326
IR_NAT_CPA_C,,0,4327
IR_NAT_CPA_C,,0,4328
IR_NAT_CPA_C,,0,4329
IR_NAT_CPA_C,,0,4330
IR_NAT_CPA_C,,0,4331
IR_NAT_CPA_C,,0,4332
IR_NAT_CPA_C,,0,4339
IR_NAT_CPA_C,,0,4341
IR_NAT_CPA_C,,0,4342
IR_NAT_CPA_C,,0,4343
IR_NAT_CPA_C,,0,4351
IR_NAT_CPA_C,,0,4352
IR_NAT_CPA_C,,0,4353
IR_NAT_CPA_C,,0,4359
IR_NAT_CPA_C,,0,4360
IR_NAT_CPA_C,,0,4361
IR_NAT_CPA_C,,0,4363
IR_NAT_CPA_C,,0,4364
IR_NAT_CPA_C,,0,4365
IR_NAT_CPA_C,,0,4366
IR_NAT_CPA_C,,0,4367
IR_NAT_CPA_C,,0,4368
IR_NAT_CPA_C,,0,4369
IR_NAT_CPA_C,,0,4370
IR_NAT_CPA_C,,0,4371
IR_NAT_CPA_C,,0,4372
IR_NAT_CPA_C,,0,4373
IR_NAT_CPA_C,,0,4374
IR_NAT_CPA_C,,0,4375
IR_NAT_CPA_C,,0,4376
IR_NAT_CPA_C,,0,4377
IR_NAT_CPA_C,,0,4378
IR_NAT_CPA_C,,0,4379
IR_NAT_CPA_C,,0,4380
IR_NAT_CPA_C,,0,4381
IR_NAT_CPA_C,,0,4382
IR_NAT_CPA_C,,0,4392
IR_NAT_CPA_C,,0,4393
IR_NAT_CPA_C,,0,4394
IR_NAT_CPA_C,,0,4395
IR_NAT_CPA_C,,0,4396
IR_NAT_CPA_C,,0,4397
IR_NAT_CPA_C,,0,4411
IR_NAT_CPA_C,,0,4412
IR_NAT_CPA_C,,0,4413
IR_NAT_CPA_C,,0,4414
IR_NAT_CPA_C,,0,4415
IR_NAT_CPA_C,,0,4416
IR_NAT_CPA_C,,0,4417
IR_NAT_CPA_C,,0,4419
IR_NAT_CPA_C,,0,4501
IR_NAT_CPA_C,,0,4511
IR_NAT_CPA_C,,0,4512
IR_NAT_CPA_C,,0,4513
IR_NAT_CPA_C,,0,4514
IR_NAT_CPA_C,,0,4515
IR_NAT_CPA_C,,0,4611
IR_NAT_CPA_C,,0,4612
IR_NAT_CPA_C,,0,5101
IR_NAT_CPA_C,,0,5102
IR_NAT_CPA_C,,0,5103
IR_NAT_CPA_C,,0,5104
IR_NAT_CPA_C,,0,5105
IR_NAT_CPA_C,,0,5106
IR_NAT_CPA_C,,0,5107
IR_NAT_CPA_C,,0,5108
IR_NAT_CPA_C,,0,5109
IR_NAT_CPA_C,,0,5110
IR_NAT_CPA_C,,0,5111
IR_NAT_CPA_C,,0,5112
IR_NAT_CPA_C,,0,5113
IR_NAT_CPA_C,,0,5114
IR_NAT_CPA_C,,0,5115
IR_NAT_CPA_C,,0,5116
IR_NAT_CPA_C,,0,5117
IR_NAT_CPA_C,,0,5118
IR_NAT_CPA_C,,0,5119
IR_NAT_CPA_C,,0,5120
IR_NAT_CPA_C,,0,5201
IR_NAT_CPA_C,,0,5202
IR_NAT_CPA_C,,0,5203
IR_NAT_CPA_C,,0,5204
IR_NAT_CPA_C,,0,5205
IR_NAT_CPA_C,,0,5206
IR_NAT_CPA_C,,0,5400
IR_NAT_CPA_C,,0,5401
IR_NAT_CPA_C,,0,6011
IR_NAT_CPA_C,,0,6012
IR_NAT_CPA_C,,0,6013
IR_NAT_CPA_C,,0,6014
IR_NAT_CPA_C,,0,6110
IR_NAT_CPA_C,,0,6111
IR_NAT_CPA_C,,0,6112
IR_NAT_CPA_C,,0,6113
IR_NAT_CPA_C,,0,6114
IR_NAT_CPA_C,,0,6115
IR_NAT_CPA_C,,0,6116
IR_NAT_CPA_C,,0,6117
IR_NAT_CPA_C,,0,6118
IR_NAT_CPA_C,,0,6119
IR_NAT_CPA_C,,0,6120
IR_NAT_CPA_C,,0,6121
IR_NAT_CPA_C,,0,6122
IR_NAT_CPA_C,,0,6123
IR_NAT_CPA_C,,0,6124
IR_NAT_CPA_C,,0,6125
IR_NAT_CPA_C,,0,6126
IR_NAT_CPA_C,,0,6127
IR_NAT_CPA_C,,0,6128
IR_NAT_CPA_C,,0,6129
IR_NAT_CPA_C,,0,6131
IR_NAT_CPA_C,,0,6132
IR_NAT_CPA_C,,0,6133
IR_NAT_CPA_C,,0,6134
IR_NAT_CPA_C,,0,6135
IR_NAT_CPA_C,,0,6191
IR_NAT_CPA_C,,0,6211
IR_NAT_CPA_C,,0,6212
IR_NAT_CPA_C,,0,6213
IR_NAT_CPA_C,,0,6214
IR_NAT_CPA_C,,0,6215
IR_NAT_CPA_C,,0,6221
IR_NAT_CPA_C,,0,6222
IR_NAT_CPA_C,,0,6231
IR_NAT_CPA_C,,0,6232
IR_NAT_CPA_C,,0,6233
IR_NAT_CPA_C,,0,6234
IR_NAT_CPA_C,,0,6235
IR_NAT_CPA_C,,0,6236
IR_NAT_CPA_C,,0,6237
IR_NAT_CPA_C,,0,6238
IR_NAT_CPA_C,,0,6239
IR_NAT_CPA_C,,0,6241
IR_NAT_CPA_C,,0,6242
IR_NAT_CPA_C,,0,6251
IR_NAT_CPA_C,,0,6252
IR_NAT_CPA_C,,0,6253
IR_NAT_CPA_C,,0,6254
IR_NAT_CPA_C,,0,6257
IR_NAT_CPA_C,,0,6258
IR_NAT_CPA_C,,0,6261
IR_NAT_CPA_C,,0,6262
IR_NAT_CPA_C,,0,6311
IR_NAT_CPA_C,,0,6312
IR_NAT_CPA_C,,0,7111
IR_NAT_CPA_C,,0,7112
IR_NAT_CPA_C,,0,7113
IR_NAT_CPA_C,,0,7119
IR_NAT_CPA_C,,0,7201
IR_NAT_CPA_C,,0,8111
IR_NAT_CPA_C,,0,8112
IR_NAT_CPA_C,,0,8113
IR_NAT_CPA_C,,0,8114
IR_NAT_CPA_C,,0,8115
IR_NAT_CPA_C,,0,8116
IR_NAT_CPA_C,,0,8117
IR_NAT_CPA_C,,0,8118
IR_NAT_CPA_C,,0,8119
IR_NAT_CPA_C,,0,8120
IR_NAT_CPA_C,,0,8121
IR_NAT_CPA_C,,0,8222
IR_NAT_CPA_C,,0,8223
IR_NAT_CPA_C,,0,8224
IR_NAT_CPA_C,,0,8226
IR_NAT_CPA_C,,0,8227
IR_NAT_CPA_C,,0,9111
IR_NAT_CPA_C,,0,9112
IR_NAT_CPA_C,,0,9113
IR_NAT_CPA_C,,0,9114
IR_NAT_CPA_C,,0,9115
IR_NAT_CPA_C,,0,9116
IR_NAT_CPA_C,,0,9118
IR_NAT_CPA_C,,0,9119
IR_NAT_CPA_C,,0,9121
IR_NAT_CPA_C,,0,9122
IR_NAT_CPA_C,,0,9123
IR_NAT_CPA_C,,0,9129
IR_NAT_CPA_C,,0,9131
IR_NAT_CPA_C,,0,9132
IR_NAT_CPA_C,,0,9133
IR_NAT_CPA_C,,0,9134
IR_NAT_CPA_C,,0,9141
IR_NAT_CPA_C,,0,9142
IR_NAT_CPA_C,,0,9143
IR_NAT_CPA_C,,0,9144
IR_NAT_CPA_C,,0,9151
IR_NAT_CPA_C,,1,9151
IR_NAT_CPA_C,,2,9151
IR_NAT_CPA_C,,3,9151
IR_NAT_CPA_C,,0,9152
IR_NAT_CPA_C,,1,9152
IR_NAT_CPA_C,,2,9152
IR_NAT_CPA_C,,3,9152
IR_NAT_CPA_C,,0,9161
IR_NAT_CPA_C,,0,9162
IR_NAT_CPA_C,,0,9163
IR_NAT_CPA_C,,0,9164
IR_NAT_CPA_C,,0,9165
IR_NAT_CPA_C,,0,9166
IR_NAT_CPA_C,,0,9167
IR_NAT_CPA_C,,0,9168
IR_NAT_CPA_C,,0,9169
IR_NAT_CPA_C,,0,9170
IR_NAT_CPA_C,,0,9191
IR_NAT_CPA_C,,1,9191
IR_NAT_CPA_C,,2,9191
IR_NAT_CPA_C,,0,9201
IR_NAT_CPA_C,,0,9202
IR_NAT_CPA_C,,0,9203
IR_NAT_CPA_C,,0,9211
IR_NAT_CPA_C,,0,9221
IR_NAT_CPA_C,,0,9311
IR_NAT_CPA_C,,0,9313
IR_NAT_CPA_C,,0,9411
IR_NAT_CPA_C,,0,9421
IR_NAT_CPA_C,,0,9422
IR_NAT_CPA_C,,0,9423
IR_NAT_CPA_C,,0,9429
IR_NAT_CPA_C,,0,9430
IR_NAT_CPA_C,,0,9431
IR_NAT_CPA_C,,0,9432
IR_NAT_CPA_C,,0,9433
IR_NAT_CPA_C,,0,9434
IR_NAT_CPA_C,,0,9511
IR_NAT_CPA_C,,0,9512
IR_NAT_CPA_C,,0,9521
IR_NAT_CPA_C,,0,9522
IR_NAT_CPA_C,,0,9523
IR_NAT_CPA_C,,0,9524
IR_NAT_CPA_C,,0,9525
IR_NAT_CPA_C,,0,9526
IR_NAT_CPA_C,,0,9527
IR_NAT_CPA_C,,0,9528
IR_NAT_CPA_C,,0,9529
IR_NAT_CPA_C,,0,9530
IR_NAT_CPA_C,,0,9531
IR_NAT_CPA_C,,0,9532
IR_NAT_CPA_C,,0,9533
IR_NAT_CPA_C,,0,9534
IR_NAT_CPA_C,,0,9535
IR_NAT_CPA_C,,0,9536
IR_NAT_CPA_C,,0,9537
IR_NAT_CPA_C,,0,9538
IR_NAT_CPA_C,,0,9539
IR_NAT_CPA_C,,0,9540
IR_NAT_CPA_C,,0,9541
IR_NAT_CPA_C,,0,9542
IR_NAT_CPA_C,,0,9543
IR_NAT_CPA_C,,0,9544
IR_NAT_CPA_C,,0,9545
IR_NAT_CPA_C,,0,9546
IR_NAT_CPA_C,,0,9547
IR_NAT_CPA_C,,0,9548
IR_NAT_CPA_C,,0,9549
IR_NAT_CPA_C,,0,9550
IR_NAT_CPA_C,,0,9551
IR_NAT_CPA_C,,0,9552
IR_NAT_CPA_C,,0,9553
IR_NAT_CPA_C,,0,9554
IR_NAT_CPA_C,,0,9555
IR_NAT_CPA_C,,0,9556
IR_NAT_CPA_C,,0,9557
IR_NAT_CPA_C,,0,9558
IR_NAT_CPA_C,,0,9559
IR_NAT_CPA_C,,0,9560
IR_NAT_CPA_C,,0,9561
IR_NAT_CPA_C,,0,9562
IR_NAT_CPA_C,,0,9563
IR_NAT_CPA_C,,0,9564
IR_NAT_CPA_C,,0,9565
IR_NAT_CPA_C,,0,9566
IR_NAT_CPA_C,,0,9567
IR_NAT_CPA_C,,0,9568
IR_NAT_CPA_C,,0,9569
IR_NAT_CPA_C,,2,9569
IR_NAT_CPA_C,,0,9570
IR_NAT_CPA_C,,1,9570
IR_NAT_CPA_C,,2,9570
IR_NAT_CPA_C,,0,9701
IR_NAT_CPA_C,,0,9702
IR_NAT_CPA_C,,0,9703
IR_NAT_CPA_C,,0,9704
IR_NAT_CPA_C,,0,9705
IR_NAT_CPA_C,,0,9706
IR_NAT_CPA_C,,0,9707
IR_NAT_CPA_C,,0,9708
IR_NAT_CPA_C,,0,9709
IR_NAT_CPA_C,,0,9710
IR_NAT_CPA_C,,0,9711
IR_NAT_CPA_C,,0,9713
IR_NAT_CPA_C,,0,9714
IR_NAT_CPA_C,,0,9715
IR_NAT_CPA_C,,0,9716
IR_NAT_CPA_C,,0,9717
IR_NAT_CPA_C,,0,9718
IR_NAT_CPA_C,,0,9719
IR_NAT_CPA_C,,0,9721
IR_NAT_CPA_C,,0,9722
IR_NAT_CPA_C,,0,9724
IR_NAT_CPA_C,,0,9725
IR_NAT_CPA_C,,0,9726
IR_NAT_CPA_C,,0,9727
IR_NAT_CPA_C,,0,9731
IR_NAT_CPA_C,,0,9732
IR_NAT_CPA_C,,0,9741
IR_NAT_CPA_C,,0,9742
IR_NAT_CPA_C,,0,9743
IR_NAT_CPA_C,,0,9744
IR_NAT_CPA_C,,0,9751
IR_NAT_CPA_C,,0,9752
IR_NAT_CPA_C,,0,9761
IR_NAT_CPA_C,,0,9762
IR_NAT_CPA_C,,0,9763
IR_NAT_CPA_C,,0,9764
IR_NAT_CPA_C,,0,9765
IR_NAT_CPA_C,,0,9766
IR_NAT_CPA_C,,0,9767
IR_NAT_CPA_C,,0,9768
IR_NAT_CPA_C,,0,9769
IR_NAT_CPA_C,,0,9771
IR_NAT_CPA_C,,0,9772
IR_NAT_CPA_C,,0,9773
IR_NAT_CPA_C,,0,9774
IR_NAT_CPA_C,,0,9775
IR_NAT_CPA_C,,0,9776
IR_NAT_CPA_C,,0,9777
IR_NAT_CPA_C,,0,9778
IR_NAT_CPA_C,,0,9801
IR_NAT_CPA_C,,0,9802
IR_NAT_CPA_C,,0,9803
IR_NAT_CPA_C,,0,9804
IR_NAT_CPA_C,,0,9805
IR_NAT_CPA_C,,0,9806
IR_NAT_CPA_C,,0,9807
IR_NAT_CPA_C,,0,9808
IR_NAT_CPA_C,,0,9809
IR_NAT_CPA_C,,0,9810
IR_NAT_CPA_C,,0,9811
IR_NAT_CPA_C,,0,9812
IR_NAT_CPA_C,,0,9813
IR_NAT_CPA_C,,0,9814
IR_NAT_CPA_C,,0,9815
IR_NAT_CPA_C,,0,9816
IR_NAT_CPA_C,,0,9817
IR_NAT_CPA_C,,0,9818
IR_NAT_CPA_C,,0,9819
IR_NAT_CPA_C,,0,9820
IR_NAT_CPA_C,,0,9821
IR_NAT_CPA_C,,0,9822
IR_NAT_CPA_C,,0,9823
IR_NAT_CPA_C,,0,9824
IR_NAT_CPA_C,,0,9825
IR_NAT_CPA_C,,0,9826
IR_NAT_CPA_C,,0,9827
IR_NAT_CPA_C,,0,9828
IR_NAT_CPA_C,,0,9829
IR_NAT_CPA_C,,0,9830
IR_NAT_CPA_C,,0,9831
IR_NAT_CPA_C,,0,9832
IR_NAT_CPA_C,,0,9833
IR_NAT_CPA_C,,0,9834
IR_NAT_CPA_C,,0,9835
IR_NAT_CPA_C,,0,9836
IR_NAT_CPA_C,,0,9837
IR_NAT_CPA_C,,0,9838
IR_NAT_CPA_C,,0,9839
IR_NAT_CPA_C,,0,9840
IR_NAT_CPA_C,,0,9841
IR_NAT_CPA_C,,0,9842
IR_NAT_CPA_C,,0,9843
IR_NAT_CPA_C,,0,9844
IR_NAT_CPA_C,,0,9845
IR_NAT_CPA_C,,0,9846
IR_NAT_CPA_C,,0,9847
IR_NAT_CPA_C,,0,9848
IR_NAT_CPA_C,,0,9849
IR_NAT_CPA_C,,0,9850
IR_NAT_CPA_C,,0,9851
IR_NAT_CPA_C,,0,9852
IR_NAT_CPA_C,,0,9853
IR_NAT_CPA_C,,0,9854
IR_NAT_CPA_C,,0,9855
IR_NAT_CPA_C,,0,9856
IR_NAT_CPA_C,,0,9857
IR_NAT_CPA_C,,0,9858
IR_NAT_CPA_C,,0,9859
IR_NAT_CPA_C,,0,9860
IR_NAT_CPA_C,,0,9861
IR_NAT_CPA_C,,0,9862
IR_NAT_CPA_C,,0,9863
IR_NAT_CPA_C,,0,9864
IR_NAT_CPA_C,,0,9865
IR_NAT_CPA_C,,0,9866
IR_NAT_CPA_C,,0,9867
IR_NAT_CPA_C,,0,9868
IR_NAT_CPA_C,,0,9869
IR_NAT_CPA_C,,0,9870
IR_NAT_CPA_C,,0,9871
IR_NAT_CPA_C,,0,9872
IR_NAT_CPA_C,,0,9873
IR_NAT_CPA_C,,0,9874
IR_NAT_CPA_C,,0,9875
IR_NAT_CPA_C,,0,9876
IR_NAT_CPA_C,,0,9877
IR_NAT_CPA_C,,0,9878
IR_NAT_CPA_C,,0,9879
IR_NAT_CPA_C,,0,9880
IR_NAT_CPA_C,,0,9881
IR_NAT_CPA_C,,0,9882
IR_NAT_CPA_C,,0,9883
IR_NAT_CPA_C,,0,9884
IR_NAT_CPA_C,,0,9885
IR_NAT_CPA_C,,0,9886
IR_NAT_CPA_C,,0,9887
IR_NAT_CPA_C,,0,9888
IR_NAT_CPA_C,,0,9889
IR_NAT_CPA_C,,0,9890
IR_NAT_CPA_C,,0,9891
IR_NAT_CPA_C,,0,9892
IR_NAT_CPA_C,,0,9893
IR_NAT_CPA_C,,0,9894
IR_NAT_CPA_C,,0,9895
IR_NAT_CPA_C,,0,9896
IR_NAT_CPA_C,,0,9897
IR_NAT_CPA_C,,0,9898
IR_NAT_CPA_C,,0,9899
IR_NAT_CPA_C,,0,9901
IR_NAT_CPA_C,,0,9902
IR_NAT_CPA_C,,0,9911
IR_NAT_CPA_C,,0,9912
IR_NAT_CPA_C,,0,9999
IR_NAT_CPA_C,,1,9999
IR_NAT_CPA_C,,2,9999
IR_NAT_CPA_C,,3,9999
IR_NAT_CPA_C,,0,1601
IR_NAT_CPA_C,,0,1602
IR_NAT_CPA_C,,0,1605
IR_NAT_CPA_C,,0,1606
IR_NAT_CPA_C,,0,1607
IR_NAT_CPA_C,,0,1608
IR_NAT_CPA_C,,0,1609
IR_NAT_CPA_C,,0,1610
IR_NAT_CPA_C,,0,1611
IR_NAT_CPA_C,,0,1612
IR_NAT_CPA_C,,0,1613
IR_NAT_CPA_C,,0,1614
IR_NAT_CPA_C,,0,1615
IR_NAT_CPA_C,,0,1616
IR_NAT_CPA_C,,0,1617
IR_NAT_CPA_C,,0,1618
IR_NAT_CPA_C,,0,1619
IR_NAT_CPA_C,,0,1621
IR_NAT_CPA_C,,0,1622
IR_NAT_CPA_C,,0,1623
IR_NAT_CPA_C,,0,1624
IR_NAT_CPA_C,,0,1625
IR_NAT_CPA_C,,0,1626
IR_NAT_CPA_C,,0,1627
IR_NAT_CPA_C,,0,1628
IR_NAT_CPA_C,,0,1629
IR_NAT_CPA_C,,0,1630
IR_NAT_CPA_C,,0,1631
IR_NAT_CPA_C,,0,1632
IR_NAT_CPA_C,,0,1633
IR_NAT_CPA_C,,0,1634
IR_NAT_CPA_C,,0,1635
IR_NAT_CPA_C,,0,1636
IR_NAT_CPA_C,,0,1637
IR_NAT_CPA_C,,0,1638
IR_NAT_CPA_C,,0,1639
IR_NAT_CPA_C,,0,1640
IR_NAT_CPA_C,,0,1641
IR_NAT_CPA_C,,0,1642
IR_NAT_CPA_C,,0,1643
IR_NAT_CPA_C,,0,1644
IR_NAT_CPA_C,,0,1645
IR_NAT_CPA_C,,0,1646
IR_NAT_CPA_C,,0,1647
IR_NAT_CPA_C,,0,1648
IR_NAT_CPA_C,,0,1649
IR_NAT_CPA_C,,0,1650
IR_NAT_CPA_C,,0,1651
IR_NAT_CPA_C,,0,1652
IR_NAT_CPA_C,,0,1653
IR_NAT_CPA_C,,0,1701
IR_NAT_CPA_C,,0,1702
IR_NAT_CPA_C,,0,1703
IR_NAT_CPA_C,,0,1704
IR_NAT_CPA_C,,0,1705
IR_NAT_CPA_C,,0,1706
IR_NAT_CPA_C,,0,1707
IR_NAT_CPA_C,,0,1708
IR_NAT_CPA_C,,0,1715
IR_NAT_CPA_C,,0,1716
IR_NAT_CPA_C,,0,1717
IR_NAT_CPA_C,,0,1718
IR_NAT_CPA_C,,0,1721
IR_NAT_CPA_C,,0,1722
IR_NAT_CPA_C,,0,1723
IR_NAT_CPA_C,,0,1724
IR_NAT_CPA_C,,0,1725
IR_NAT_CPA_C,,0,1726
IR_NAT_CPA_C,,0,1727
IR_NAT_CPA_C,,0,1728
IR_NAT_CPA_C,,0,1729
IR_NAT_CPA_C,,0,1731
IR_NAT_CPA_C,,0,1732
IR_NAT_CPA_C,,0,1733
IR_NAT_CPA_C,,0,1734
IR_NAT_CPA_C,,0,1735
IR_NAT_CPA_C,,0,1736
IR_NAT_CPA_C,,0,1741
IR_NAT_CPA_C,,0,1742
IR_NAT_CPA_C,,0,1743
IR_NAT_CPA_C,,0,1744
IR_NAT_CPA_C,,0,1745
IR_NAT_CPA_C,,0,1746
IR_NAT_CPA_C,,0,1747
IR_NAT_CPA_C,,0,1748
IR_NAT_CPA_C,,0,1749
IR_NAT_CPA_C,,0,1751
IR_NAT_CPA_C,,0,1761
IR_NAT_CPA_C,,0,1762
IR_NAT_CPA_C,,0,1763
IR_NAT_CPA_C,,0,1764
IR_NAT_CPA_C,,0,1765
IR_NAT_CPA_C,,0,1766
IR_NAT_CPA_C,,0,1767
IR_NAT_CPA_C,,0,1768
IR_NAT_CPA_C,,0,1769
IR_NAT_CPA_C,,0,1771
IR_NAT_CPA_C,,0,1781
IR_NAT_CPA_C,,0,1782
IR_NAT_CPA_C,,0,1783
IR_NAT_CPA_C,,0,1784
IR_NAT_CPA_C,,0,1785
IR_NAT_CPA_C,,0,1786
IR_NAT_CPA_C,,0,1787
IR_NAT_CPA_C,,0,1788
IR_NAT_CPA_C,,0,1789
IR_NAT_CPA_C,,0,1791
IR_NAT_CPA_C,,0,1811
IR_NAT_CPA_C,,0,1812
IR_NAT_CPA_C,,0,1813
IR_NAT_CPA_C,,0,1814
IR_NAT_CPA_C,,0,1821
IR_NAT_CPA_C,,0,1841
IR_NAT_CPA_C,,0,1842
IR_NAT_CPA_C,,0,1843
IR_NAT_CPA_C,,0,1844
IR_NAT_CPA_C,,0,1845
IR_NAT_CPA_C,,0,1846
IR_NAT_CPA_C,,0,1847
IR_NAT_CPA_C,,0,1903
IR_NAT_CPA_C,,0,1904
IR_NAT_CPA_C,,0,1905
IR_NAT_CPA_C,,0,1906
IR_NAT_CPA_C,,0,1907
IR_NAT_CPA_C,,0,1908
IR_NAT_CPA_C,,1,1908
IR_NAT_CPA_C,,2,1908
IR_NAT_CPA_C,,0,1909
IR_NAT_CPA_C,,1,1909
IR_NAT_CPA_C,,2,1909
IR_NAT_CPA_C,,0,1910
IR_NAT_CPA_C,,0,1911
IR_NAT_CPA_C,,1,1911
IR_NAT_CPA_C,,2,1911
IR_NAT_CPA_C,,0,1912
IR_NAT_CPA_C,,1,1912
IR_NAT_CPA_C,,2,1912
IR_NAT_CPA_C,,0,1913
IR_NAT_CPA_C,,0,1914
IR_NAT_CPA_C,,0,1915
IR_NAT_CPA_C,,0,1916
IR_NAT_CPA_C,,0,1917
IR_NAT_CPA_C,,0,1918
IR_NAT_CPA_C,,0,1919
IR_NAT_CPA_C,,0,1920
IR_NAT_CPA_C,,0,1921
IR_NAT_CPA_C,,0,1922
IR_NAT_CPA_C,,1,1922
IR_NAT_CPA_C,,2,1922
IR_NAT_CPA_C,,0,1923
IR_NAT_CPA_C,,1,1923
IR_NAT_CPA_C,,2,1923
IR_NAT_CPA_C,,0,1924
IR_NAT_CPA_C,,0,1925
IR_NAT_CPA_C,,0,1926
IR_NAT_CPA_C,,0,1931
IR_NAT_CPA_C,,0,1932
IR_NAT_CPA_C,,0,1933
IR_NAT_CPA_C,,0,1934
IR_NAT_CPA_C,,0,1935
IR_NAT_CPA_C,,0,1936
IR_NAT_CPA_C,,0,1937
IR_NAT_CPA_C,,0,1938
IR_NAT_CPA_C,,0,1939
IR_NAT_CPA_C,,0,1940
IR_NAT_CPA_C,,0,1941
IR_NAT_CPA_C,,0,1942
IR_NAT_CPA_C,,0,1943
IR_NAT_CPA_C,,0,1944
IR_NAT_CPA_C,,0,1945
IR_NAT_CPA_C,,0,1951
IR_NAT_CPA_C,,1,1951
IR_NAT_CPA_C,,2,1951
IR_NAT_CPA_C,,3,1951
IR_NAT_CPA_C,,0,1952
IR_NAT_CPA_C,,1,1952
IR_NAT_CPA_C,,2,1952
IR_NAT_CPA_C,,3,1952
IR_NAT_CPA_C,,0,1954
IR_NAT_CPA_C,,1,1954
IR_NAT_CPA_C,,2,1954
IR_NAT_CPA_C,,3,1954
IR_NAT_CPA_C,,0,1955
IR_NAT_CPA_C,,1,1955
IR_NAT_CPA_C,,2,1955
IR_NAT_CPA_C,,3,1955
IR_NAT_CPA_C,,0,1956
IR_NAT_CPA_C,,1,1956
IR_NAT_CPA_C,,2,1956
IR_NAT_CPA_C,,3,1956
IR_NAT_CPA_C,,0,1957
IR_NAT_CPA_C,,0,1960
IR_NAT_CPA_C,,0,1961
IR_NAT_CPA_C,,0,1971
IR_NAT_CPA_C,,1,1971
IR_NAT_CPA_C,,2,1971
IR_NAT_CPA_C,,3,1971
IR_NAT_CPA_C,,0,1972
IR_NAT_CPA_C,,1,1972
IR_NAT_CPA_C,,2,1972
IR_NAT_CPA_C,,3,1972
IR_NAT_CPA_C,,0,1973
IR_NAT_CPA_C,,1,1973
IR_NAT_CPA_C,,2,1973
IR_NAT_CPA_C,,3,1973
IR_NAT_CPA_C,,0,1974
IR_NAT_CPA_C,,1,1974
IR_NAT_CPA_C,,2,1974
IR_NAT_CPA_C,,3,1974
IR_NAT_CPA_C,,0,1975
IR_NAT_CPA_C,,1,1975
IR_NAT_CPA_C,,2,1975
IR_NAT_CPA_C,,3,1975
IR_NAT_CPA_C,,0,1976
IR_NAT_CPA_C,,1,1976
IR_NAT_CPA_C,,2,1976
IR_NAT_CPA_C,,3,1976
IR_NAT_CPA_C,,0,1977
IR_NAT_CPA_C,,1,1977
IR_NAT_CPA_C,,2,1977
IR_NAT_CPA_C,,3,1977
IR_NAT_CPA_C,,0,1978
IR_NAT_CPA_C,,1,1978
IR_NAT_CPA_C,,2,1978
IR_NAT_CPA_C,,3,1978
IR_NAT_CPA_C,,0,1981
IR_NAT_CPA_C,,0,1990
IR_NAT_CPA_C,,0,1991
IR_NAT_CPA_C,,0,1992
IR_NAT_CPA_C,,0,1993
IR_NAT_CPA_C,,0,1994
IR_NAT_CPA_C,,0,1995
IR_NAT_CPA_C,,0,1996
IR_NAT_CPA_C,,0,1997
IR_NAT_CPA_C,,0,1998
IR_NAT_CPA_C,,0,1999
IR_NAT_CPA_C,,0,2106
IR_NAT_CPA_C,,0,2107
IR_NAT_CPA_C,,0,2108
IR_NAT_CPA_C,,0,2109
IR_NAT_CPA_C,,0,2111
IR_NAT_CPA_C,,0,2112
IR_NAT_CPA_C,,0,2113
IR_NAT_CPA_C,,0,2114
IR_NAT_CPA_C,,0,2115
IR_NAT_CPA_C,,0,2116
IR_NAT_CPA_C,,0,2117
IR_NAT_CPA_C,,0,2118
IR_NAT_CPA_C,,0,2119
IR_NAT_CPA_C,,0,2120
IR_NAT_CPA_C,,0,2129
IR_NAT_CPA_C,,0,2131
IR_NAT_CPA_C,,0,1095
IR_NAT_CPA_C,,0,1096
IR_NAT_CPA_C,,1,1096
IR_NAT_CPA_C,,2,1096
IR_NAT_CPA_C,,0,1097
IR_NAT_CPA_C,,0,1098
IR_NAT_CPA_C,,1,1098
IR_NAT_CPA_C,,2,1098
IR_NAT_CPA_C,,0,1099
IR_NAT_CPA_C,,1,1099
IR_NAT_CPA_C,,2,1099
IR_NAT_CPA_C,,0,1100
IR_NAT_CPA_C,,0,1101
IR_NAT_CPA_C,,1,1101
IR_NAT_CPA_C,,2,1101
IR_NAT_CPA_C,,0,1102
IR_NAT_CPA_C,,1,1102
IR_NAT_CPA_C,,2,1102
IR_NAT_CPA_C,,0,1103
IR_NAT_CPA_C,,1,1103
IR_NAT_CPA_C,,2,1103
IR_NAT_CPA_C,,0,1104
IR_NAT_CPA_C,,0,1105
IR_NAT_CPA_C,,1,1105
IR_NAT_CPA_C,,2,1105
IR_NAT_CPA_C,,3,1105
IR_NAT_CPA_C,,0,1106
IR_NAT_CPA_C,,0,1107
IR_NAT_CPA_C,,0,1108
IR_NAT_CPA_C,,0,1109
IR_NAT_CPA_C,,1,1109
IR_NAT_CPA_C,,2,1109
IR_NAT_CPA_C,,0,1110
IR_NAT_CPA_C,,1,1110
IR_NAT_CPA_C,,2,1110
IR_NAT_CPA_C,,0,1111
IR_NAT_CPA_C,,1,1111
IR_NAT_CPA_C,,2,1111
IR_NAT_CPA_C,,0,1112
IR_NAT_CPA_C,,1,1112
IR_NAT_CPA_C,,2,1112
IR_NAT_CPA_C,,0,1113
IR_NAT_CPA_C,,1,1113
IR_NAT_CPA_C,,2,1113
IR_NAT_CPA_C,,0,1114
IR_NAT_CPA_C,,1,1114
IR_NAT_CPA_C,,2,1114
IR_NAT_CPA_C,,0,1115
IR_NAT_CPA_C,,0,1116
IR_NAT_CPA_C,,0,1117
IR_NAT_CPA_C,,1,1117
IR_NAT_CPA_C,,2,1117
IR_NAT_CPA_C,,0,1118
IR_NAT_CPA_C,,1,1118
IR_NAT_CPA_C,,2,1118
IR_NAT_CPA_C,,0,1119
IR_NAT_CPA_C,,0,1120
IR_NAT_CPA_C,,0,1121
IR_NAT_CPA_C,,0,1122
IR_NAT_CPA_C,,0,1123
IR_NAT_CPA_C,,0,1124
IR_NAT_CPA_C,,0,1125
IR_NAT_CPA_C,,0,1126
IR_NAT_CPA_C,,0,1127
IR_NAT_CPA_C,,0,1128
IR_NAT_CPA_C,,0,1129
IR_NAT_CPA_C,,0,1130
IR_NAT_CPA_C,,0,1131
IR_NAT_CPA_C,,0,1132
IR_NAT_CPA_C,,0,1133
IR_NAT_CPA_C,,0,1134
IR_NAT_CPA_C,,0,1135
IR_NAT_CPA_C,,0,1136
IR_NAT_CPA_C,,0,1137
IR_NAT_CPA_C,,0,1138
IR_NAT_CPA_C,,0,1139
IR_NAT_CPA_C,,0,1140
IR_NAT_CPA_C,,0,1141
IR_NAT_CPA_C,,0,1142
IR_NAT_CPA_C,,0,1143
IR_NAT_CPA_C,,0,1144
IR_NAT_CPA_C,,0,1145
IR_NAT_CPA_C,,0,1146
IR_NAT_CPA_C,,0,1147
IR_NAT_CPA_C,,0,1148
IR_NAT_CPA_C,,0,1149
IR_NAT_CPA_C,,0,1150
IR_NAT_CPA_C,,0,1152
IR_NAT_CPA_C,,0,1153
IR_NAT_CPA_C,,0,1154
IR_NAT_CPA_C,,0,1155
IR_NAT_CPA_C,,0,1156
IR_NAT_CPA_C,,0,1157
IR_NAT_CPA_C,,0,1158
IR_NAT_CPA_C,,0,1159
IR_NAT_CPA_C,,0,1160
IR_NAT_CPA_C,,0,1161
IR_NAT_CPA_C,,0,1162
IR_NAT_CPA_C,,0,1163
IR_NAT_CPA_C,,0,1164
IR_NAT_CPA_C,,0,1165
IR_NAT_CPA_C,,0,1166
IR_NAT_CPA_C,,0,1167
IR_NAT_CPA_C,,0,1168
IR_NAT_CPA_C,,0,1169
IR_NAT_CPA_C,,0,1170
IR_NAT_CPA_C,,0,1171
IR_NAT_CPA_C,,0,1172
IR_NAT_CPA_C,,0,1173
IR_NAT_CPA_C,,0,1174
IR_NAT_CPA_C,,0,1175
IR_NAT_CPA_C,,0,1176
IR_NAT_CPA_C,,0,1177
IR_NAT_CPA_C,,0,1178
IR_NAT_CPA_C,,0,1179
IR_NAT_CPA_C,,0,1180
IR_NAT_CPA_C,,0,1181
IR_NAT_CPA_C,,0,1182
IR_NAT_CPA_C,,0,1183
IR_NAT_CPA_C,,0,1184
IR_NAT_CPA_C,,0,1185
IR_NAT_CPA_C,,0,1186
IR_NAT_CPA_C,,0,1187
IR_NAT_CPA_C,,0,1188
IR_NAT_CPA_C,,0,1189
IR_NAT_CPA_C,,0,1190
IR_NAT_CPA_C,,0,1191
IR_NAT_CPA_C,,1,1191
IR_NAT_CPA_C,,2,1191
IR_NAT_CPA_C,,0,1192
IR_NAT_CPA_C,,1,1192
IR_NAT_CPA_C,,2,1192
IR_NAT_CPA_C,,0,1193
IR_NAT_CPA_C,,0,1194
IR_NAT_CPA_C,,0,1209
IR_NAT_CPA_C,,1,1209
IR_NAT_CPA_C,,2,1209
IR_NAT_CPA_C,,3,1209
IR_NAT_CPA_C,,0,1210
IR_NAT_CPA_C,,1,1210
IR_NAT_CPA_C,,2,1210
IR_NAT_CPA_C,,3,1210
IR_NAT_CPA_C,,0,1211
IR_NAT_CPA_C,,1,1211
IR_NAT_CPA_C,,2,1211
IR_NAT_CPA_C,,3,1211
IR_NAT_CPA_C,,0,1212
IR_NAT_CPA_C,,1,1212
IR_NAT_CPA_C,,2,1212
IR_NAT_CPA_C,,3,1212
IR_NAT_CPA_C,,0,1213
IR_NAT_CPA_C,,1,1213
IR_NAT_CPA_C,,2,1213
IR_NAT_CPA_C,,0,1214
IR_NAT_CPA_C,,0,1215
IR_NAT_CPA_C,,1,1215
IR_NAT_CPA_C,,2,1215
IR_NAT_CPA_C,,3,1215
IR_NAT_CPA_C,,0,1216
IR_NAT_CPA_C,,1,1216
IR_NAT_CPA_C,,2,1216
IR_NAT_CPA_C,,3,1216
IR_NAT_CPA_C,,0,1221
IR_NAT_CPA_C,,0,1222
IR_NAT_CPA_C,,1,1222
IR_NAT_CPA_C,,2,1222
IR_NAT_CPA_C,,0,1224
IR_NAT_CPA_C,,0,1226
IR_NAT_CPA_C,,0,1227
IR_NAT_CPA_C,,0,1228
IR_NAT_CPA_C,,0,1311
IR_NAT_CPA_C,,1,1311
IR_NAT_CPA_C,,2,1311
IR_NAT_CPA_C,,3,1311
IR_NAT_CPA_C,,0,1312
IR_NAT_CPA_C,,1,1312
IR_NAT_CPA_C,,2,1312
IR_NAT_CPA_C,,3,1312
IR_NAT_CPA_C,,0,1313
IR_NAT_CPA_C,,1,1313
IR_NAT_CPA_C,,2,1313
IR_NAT_CPA_C,,0,1316
IR_NAT_CPA_C,,1,1316
IR_NAT_CPA_C,,2,1316
IR_NAT_CPA_C,,0,1318
IR_NAT_CPA_C,,0,1321
IR_NAT_CPA_C,,0,1322
IR_NAT_CPA_C,,0,1323
IR_NAT_CPA_C,,0,1324
IR_NAT_CPA_C,,0,1331
IR_NAT_CPA_C,,1,1331
IR_NAT_CPA_C,,2,1331
IR_NAT_CPA_C,,0,1335
IR_NAT_CPA_C,,1,1335
IR_NAT_CPA_C,,2,1335
IR_NAT_CPA_C,,0,1336
IR_NAT_CPA_C,,0,1341
IR_NAT_CPA_C,,1,1341
IR_NAT_CPA_C,,2,1341
IR_NAT_CPA_C,,0,1342
IR_NAT_CPA_C,,0,1351
IR_NAT_CPA_C,,0,1352
IR_NAT_CPA_C,,0,1361
IR_NAT_CPA_C,,0,1401
IR_NAT_CPA_C,,0,1402
IR_NAT_CPA_C,,0,1403
IR_NAT_CPA_C,,0,1411
IR_NAT_CPA_C,,1,1411
IR_NAT_CPA_C,,2,1411
IR_NAT_CPA_C,,0,1421
IR_NAT_CPA_C,,0,1422
IR_NAT_CPA_C,,0,1423
IR_NAT_CPA_C,,0,1424
IR_NAT_CPA_C,,0,1425
IR_NAT_CPA_C,,0,1426
IR_NAT_CPA_C,,0,1427
IR_NAT_CPA_C,,0,1431
IR_NAT_CPA_C,,1,1431
IR_NAT_CPA_C,,2,1431
IR_NAT_CPA_C,,0,1432
IR_NAT_CPA_C,,1,1432
IR_NAT_CPA_C,,2,1432
IR_NAT_CPA_C,,0,1433
IR_NAT_CPA_C,,1,1433
IR_NAT_CPA_C,,2,1433
IR_NAT_CPA_C,,0,1434
IR_NAT_CPA_C,,0,1435
IR_NAT_CPA_C,,0,1436
IR_NAT_CPA_C,,0,1437
IR_NAT_CPA_C,,0,1451
IR_NAT_CPA_C,,0,1452
IR_NAT_CPA_C,,0,1453
IR_NAT_CPA_C,,0,1462
IR_NAT_CPA_C,,0,1465
IR_NAT_CPA_C,,0,1470
IR_NAT_CPA_C,,0,1471
IR_NAT_CPA_C,,0,1472
IR_NAT_CPA_C,,0,1473
IR_NAT_CPA_C,,0,1474
IR_NAT_CPA_C,,0,1475
IR_NAT_CPA_C,,0,1476
IR_NAT_CPA_C,,0,1477
IR_NAT_CPA_C,,0,1521
IR_NAT_CPA_C,,0,1522
IR_NAT_CPA_C,,0,1523
IR_NAT_CPA_C,,0,2132
IR_NAT_CPA_C,,0,2133
IR_NAT_CPA_C,,0,2134
IR_NAT_CPA_C,,0,2135
IR_NAT_CPA_C,,0,2136
IR_NAT_CPA_C,,0,2137
IR_NAT_CPA_C,,0,2138
IR_NAT_CPA_C,,0,2139
IR_NAT_CPA_C,,0,2140
IR_NAT_CPA_C,,0,2141
IR_NAT_CPA_C,,0,2142
IR_NAT_CPA_C,,0,2143
IR_NAT_CPA_C,,0,2144
IR_NAT_CPA_C,,0,2145
IR_NAT_CPA_C,,0,2146
IR_NAT_CPA_C,,0,2147
IR_NAT_CPA_C,,0,2150
IR_NAT_CPA_C,,0,2151
IR_NAT_CPA_C,,0,2152
IR_NAT_CPA_C,,0,2153
IR_NAT_CPA_C,,0,2154
IR_NAT_CPA_C,,0,2155
IR_NAT_CPA_C,,0,2156
IR_NAT_CPA_C,,0,2157
IR_NAT_CPA_C,,0,2158
IR_NAT_CPA_C,,0,2159
IR_NAT_CPA_C,,0,2160
IR_NAT_CPA_C,,0,2161
IR_NAT_CPA_C,,0,2162
IR_NAT_CPA_C,,0,2163
IR_NAT_CPA_C,,0,2164
IR_NAT_CPA_C,,0,2165
IR_NAT_CPA_C,,0,2166
IR_NAT_CPA_C,,0,2167
IR_NAT_CPA_C,,0,2168
IR_NAT_CPA_C,,0,2170
IR_NAT_CPA_C,,0,2171
IR_NAT_CPA_C,,0,2172
IR_NAT_CPA_C,,0,2173
IR_NAT_CPA_C,,0,2174
IR_NAT_CPA_C,,0,2175
IR_NAT_CPA_C,,0,2176
IR_NAT_CPA_C,,0,2177
IR_NAT_CPA_C,,0,2178
IR_NAT_CPA_C,,0,2181
IR_NAT_CPA_C,,0,2182
IR_NAT_CPA_C,,0,2183
IR_NAT_CPA_C,,0,2184
IR_NAT_CPA_C,,0,2185
IR_NAT_CPA_C,,0,2186
IR_NAT_CPA_C,,0,2187
IR_NAT_CPA_C,,0,2188
IR_NAT_CPA_C,,0,2189
IR_NAT_CPA_C,,0,2190
IR_NAT_CPA_C,,0,2191
IR_NAT_CPA_C,,0,2195
IR_NAT_CPA_C,,0,2196
IR_NAT_CPA_C,,0,2201
IR_NAT_CPA_C,,0,2202
IR_NAT_CPA_C,,0,2203
IR_NAT_CPA_C,,0,2204
IR_NAT_CPA_C,,0,2205
IR_NAT_CPA_C,,0,2206
IR_NAT_CPA_C,,0,2211
IR_NAT_CPA_C,,0,2212
IR_NAT_CPA_C,,0,2213
IR_NAT_CPA_C,,0,2214
IR_NAT_CPA_C,,0,2215
IR_NAT_CPA_C,,0,2221
IR_NAT_CPA_C,,0,2222
IR_NAT_CPA_C,,0,2229
IR_NAT_CPA_C,,0,2230
IR_NAT_CPA_C,,0,2231
IR_NAT_CPA_C,,0,2232
IR_NAT_CPA_C,,0,2234
IR_NAT_CPA_C,,0,2235
IR_NAT_CPA_C,,0,2236
IR_NAT_CPA_C,,0,2237
IR_NAT_CPA_C,,0,2238
IR_NAT_CPA_C,,0,2239
IR_NAT_CPA_C,,0,2240
IR_NAT_CPA_C,,0,2241
IR_NAT_CPA_C,,1,2241
IR_NAT_CPA_C,,2,2241
IR_NAT_CPA_C,,0,2242
IR_NAT_CPA_C,,1,2242
IR_NAT_CPA_C,,2,2242
IR_NAT_CPA_C,,0,2243
IR_NAT_CPA_C,,1,2243
IR_NAT_CPA_C,,2,2243
IR_NAT_CPA_C,,0,2244
IR_NAT_CPA_C,,0,2245
IR_NAT_CPA_C,,1,2245
IR_NAT_CPA_C,,2,2245
IR_NAT_CPA_C,,0,2246
IR_NAT_CPA_C,,1,2246
IR_NAT_CPA_C,,2,2246
IR_NAT_CPA_C,,0,2247
IR_NAT_CPA_C,,0,2248
IR_NAT_CPA_C,,0,2249
IR_NAT_CPA_C,,0,2250
IR_NAT_CPA_C,,0,2251
IR_NAT_CPA_C,,0,2252
IR_NAT_CPA_C,,0,2257
IR_NAT_CPA_C,,0,2258
IR_NAT_CPA_C,,0,2259
IR_NAT_CPA_C,,0,2260
IR_NAT_CPA_C,,0,2261
IR_NAT_CPA_C,,0,2262
IR_NAT_CPA_C,,0,2263
IR_NAT_CPA_C,,0,2264
IR_NAT_CPA_C,,0,2265
IR_NAT_CPA_C,,0,2271
IR_NAT_CPA_C,,0,2272
IR_NAT_CPA_C,,0,2273
IR_NAT_CPA_C,,0,2274
IR_NAT_CPA_C,,0,2275
IR_NAT_CPA_C,,0,2283
IR_NAT_CPA_C,,0,2284
IR_NAT_CPA_C,,0,2285
IR_NAT_CPA_C,,0,2315
IR_NAT_CPA_C,,0,2321
IR_NAT_CPA_C,,0,2331
IR_NAT_CPA_C,,0,2332
IR_NAT_CPA_C,,0,2333
IR_NAT_CPA_C,,0,2334
IR_NAT_CPA_C,,0,2335
IR_NAT_CPA_C,,0,2336
IR_NAT_CPA_C,,0,2337
IR_NAT_CPA_C,,0,2338
IR_NAT_CPA_C,,0,2339
IR_NAT_CPA_C,,0,2341
IR_NAT_CPA_C,,0,2342
IR_NAT_CPA_C,,0,2343
IR_NAT_CPA_C,,0,2344
IR_NAT_CPA_C,,0,2345
IR_NAT_CPA_C,,0,2346
IR_NAT_CPA_C,,0,2347
IR_NAT_CPA_C,,0,2351
IR_NAT_CPA_C,,0,2352
IR_NAT_CPA_C,,0,2353
IR_NAT_CPA_C,,0,2354
IR_NAT_CPA_C,,0,2355
IR_NAT_CPA_C,,0,2356
IR_NAT_CPA_C,,0,2357
IR_NAT_CPA_C,,0,2358
IR_NAT_CPA_C,,0,2359
IR_NAT_CPA_C,,0,2360
IR_NAT_CPA_C,,0,2361
IR_NAT_CPA_C,,0,2362
IR_NAT_CPA_C,,0,2363
IR_NAT_CPA_C,,0,2364
IR_NAT_CPA_C,,0,2365
IR_NAT_CPA_C,,0,2366
IR_NAT_CPA_C,,0,2367
IR_NAT_CPA_C,,0,2368
IR_NAT_CPA_C,,0,2369
IR_NAT_CPA_C,,0,2371
IR_NAT_CPA_C,,0,2372
IR_NAT_CPA_C,,0,2373
IR_NAT_CPA_C,,0,2380
IR_NAT_CPA_C,,0,2381
IR_NAT_CPA_C,,0,2382
IR_NAT_CPA_C,,0,2383
IR_NAT_CPA_C,,0,2384
IR_NAT_CPA_C,,0,2385
IR_NAT_CPA_C,,0,2386
IR_NAT_CPA_C,,0,2387
IR_NAT_CPA_C,,0,2388
IR_NAT_CPA_C,,0,2389
IR_NAT_CPA_C,,0,2391
IR_NAT_CPA_C,,0,2392
IR_NAT_CPA_C,,0,2411
IR_NAT_CPA_C,,0,2412
IR_NAT_CPA_C,,0,2413
IR_NAT_CPA_C,,0,2414
IR_NAT_CPA_C,,0,2415
IR_NAT_CPA_C,,0,2416
IR_NAT_CPA_C,,0,2417
IR_NAT_CPA_C,,0,2418
IR_NAT_CPA_C,,0,2419
IR_NAT_CPA_C,,0,2420
IR_NAT_CPA_C,,0,2421
IR_NAT_CPA_C,,0,2422
IR_NAT_CPA_C,,0,2423
IR_NAT_CPA_C,,0,2424
IR_NAT_CPA_C,,0,2425
IR_NAT_CPA_C,,0,2426
IR_NAT_CPA_C,,0,2428
IR_NAT_CPA_C,,0,2501
IR_NAT_CPA_C,,0,2502
IR_NAT_CPA_C,,0,2503
IR_NAT_CPA_C,,0,2504
IR_NAT_CPA_C,,0,3110
IR_NAT_CPA_C,,0,3111
IR_NAT_CPA_C,,1,3111
IR_NAT_CPA_C,,2,3111
IR_NAT_CPA_C,,0,3112
IR_NAT_CPA_C,,1,3112
IR_NAT_CPA_C,,2,3112
IR_NAT_CPA_C,,0,3113
IR_NAT_CPA_C,,1,3113
IR_NAT_CPA_C,,2,3113
IR_NAT_CPA_C,,0,3115
IR_NAT_CPA_C,,0,3116
IR_NAT_CPA_C,,0,3117
IR_NAT_CPA_C,,0,3118
IR_NAT_CPA_C,,0,3119
IR_NAT_CPA_C,,0,3121
IR_NAT_CPA_C,,1,3121
IR_NAT_CPA_C,,2,3121
IR_NAT_CPA_C,,0,3122
IR_NAT_CPA_C,,1,3122
IR_NAT_CPA_C,,2,3122
IR_NAT_CPA_C,,0,3125
IR_NAT_CPA_C,,1,3125
IR_NAT_CPA_C,,2,3125
IR_NAT_CPA_C,,0,3126
IR_NAT_CPA_C,,0,3127
IR_NAT_CPA_C,,0,3128
IR_NAT_CPA_C,,0,3131
IR_NAT_CPA_C,,1,3131
IR_NAT_CPA_C,,2,3131
IR_NAT_CPA_C,,0,3132
IR_NAT_CPA_C,,0,3133
IR_NAT_CPA_C,,1,3133
IR_NAT_CPA_C,,2,3133
IR_NAT_CPA_C,,0,3134
IR_NAT_CPA_C,,0,3135
IR_NAT_CPA_C,,0,3139
IR_NAT_CPA_C,,0,3211
IR_NAT_CPA_C,,1,3211
IR_NAT_CPA_C,,2,3211
IR_NAT_CPA_C,,0,3213
IR_NAT_CPA_C,,0,3216
IR_NAT_CPA_C,,0,3221
IR_NAT_CPA_C,,1,3221
IR_NAT_CPA_C,,2,3221
IR_NAT_CPA_C,,0,3222
IR_NAT_CPA_C,,1,3222
IR_NAT_CPA_C,,2,3222
IR_NAT_CPA_C,,0,3223
IR_NAT_CPA_C,,1,3223
IR_NAT_CPA_C,,2,3223
IR_NAT_CPA_C,,0,3225
IR_NAT_CPA_C,,1,3225
IR_NAT_CPA_C,,2,3225
IR_NAT_CPA_C,,0,3300
IR_NAT_CPA_C,,0,3301
IR_NAT_CPA_C,,0,3302
IR_NAT_CPA_C,,0,3303
IR_NAT_CPA_C,,0,3304
IR_NAT_CPA_C,,0,3305
IR_NAT_CPA_C,,0,3306
IR_NAT_CPA_C,,0,3307
IR_NAT_CPA_C,,0,3311
IR_NAT_CPA_C,,0,3312
IR_NAT_CPA_C,,0,3313
