nom_table,CPT_COP_NUM,PRS_NAT,PRS_NAT_TDM,PFS_SPE_TDM
IR_NAT_SPT_C,,1721,1,1
IR_NAT_SPT_C,,1721,1,2
IR_NAT_SPT_C,,1722,1,1
IR_NAT_SPT_C,,1722,1,2
IR_NAT_SPT_C,,1723,1,1
IR_NAT_SPT_C,,1723,1,2
IR_NAT_SPT_C,,1724,1,1
IR_NAT_SPT_C,,1724,1,2
IR_NAT_SPT_C,,1725,1,1
IR_NAT_SPT_C,,1725,1,2
IR_NAT_SPT_C,,1726,1,1
IR_NAT_SPT_C,,1726,1,2
IR_NAT_SPT_C,,1727,1,1
IR_NAT_SPT_C,,1727,1,2
IR_NAT_SPT_C,,1728,1,1
IR_NAT_SPT_C,,1728,1,2
IR_NAT_SPT_C,,1729,1,1
IR_NAT_SPT_C,,1729,1,2
IR_NAT_SPT_C,,1731,1,1
IR_NAT_SPT_C,,1731,1,2
IR_NAT_SPT_C,,1732,1,1
IR_NAT_SPT_C,,1732,1,2
IR_NAT_SPT_C,,1733,1,2
IR_NAT_SPT_C,,1733,1,1
IR_NAT_SPT_C,,1734,1,1
IR_NAT_SPT_C,,1734,1,2
IR_NAT_SPT_C,,1735,1,1
IR_NAT_SPT_C,,1735,1,2
IR_NAT_SPT_C,,1736,1,1
IR_NAT_SPT_C,,1736,1,2
IR_NAT_SPT_C,,1741,1,1
IR_NAT_SPT_C,,1741,1,2
IR_NAT_SPT_C,,1742,1,1
IR_NAT_SPT_C,,1742,1,2
IR_NAT_SPT_C,,1743,1,1
IR_NAT_SPT_C,,1743,1,2
IR_NAT_SPT_C,,1744,1,1
IR_NAT_SPT_C,,1744,1,2
IR_NAT_SPT_C,,1745,1,1
IR_NAT_SPT_C,,1745,1,2
IR_NAT_SPT_C,,1746,1,1
IR_NAT_SPT_C,,1746,1,2
IR_NAT_SPT_C,,1747,1,1
IR_NAT_SPT_C,,1747,1,2
IR_NAT_SPT_C,,1748,1,1
IR_NAT_SPT_C,,1748,1,2
IR_NAT_SPT_C,,1749,1,1
IR_NAT_SPT_C,,1749,1,2
IR_NAT_SPT_C,,1751,1,1
IR_NAT_SPT_C,,1751,1,2
IR_NAT_SPT_C,,1761,1,1
IR_NAT_SPT_C,,1761,1,2
IR_NAT_SPT_C,,1762,1,1
IR_NAT_SPT_C,,1762,1,2
IR_NAT_SPT_C,,1763,1,1
IR_NAT_SPT_C,,1763,1,2
IR_NAT_SPT_C,,1764,1,1
IR_NAT_SPT_C,,1764,1,2
IR_NAT_SPT_C,,1765,1,1
IR_NAT_SPT_C,,1765,1,2
IR_NAT_SPT_C,,1766,1,1
IR_NAT_SPT_C,,1766,1,2
IR_NAT_SPT_C,,1767,1,1
IR_NAT_SPT_C,,1767,1,2
IR_NAT_SPT_C,,1768,1,1
IR_NAT_SPT_C,,1768,1,2
IR_NAT_SPT_C,,1769,1,1
IR_NAT_SPT_C,,1769,1,2
IR_NAT_SPT_C,,1771,1,1
IR_NAT_SPT_C,,1771,1,2
IR_NAT_SPT_C,,1781,1,1
IR_NAT_SPT_C,,1781,1,2
IR_NAT_SPT_C,,1782,1,1
IR_NAT_SPT_C,,1782,1,2
IR_NAT_SPT_C,,1783,1,1
IR_NAT_SPT_C,,1783,1,2
IR_NAT_SPT_C,,1784,1,1
IR_NAT_SPT_C,,1784,1,2
IR_NAT_SPT_C,,1785,1,1
IR_NAT_SPT_C,,1785,1,2
IR_NAT_SPT_C,,1786,1,1
IR_NAT_SPT_C,,1786,1,2
IR_NAT_SPT_C,,1787,1,1
IR_NAT_SPT_C,,1787,1,2
IR_NAT_SPT_C,,1788,1,1
IR_NAT_SPT_C,,1788,1,2
IR_NAT_SPT_C,,1789,1,1
IR_NAT_SPT_C,,1789,1,2
IR_NAT_SPT_C,,1791,1,1
IR_NAT_SPT_C,,1791,1,2
IR_NAT_SPT_C,,1811,1,1
IR_NAT_SPT_C,,1811,1,2
IR_NAT_SPT_C,,1811,1,4
IR_NAT_SPT_C,,1812,1,1
IR_NAT_SPT_C,,1812,1,2
IR_NAT_SPT_C,,1812,1,4
IR_NAT_SPT_C,,1813,1,1
IR_NAT_SPT_C,,1813,1,2
IR_NAT_SPT_C,,1813,1,4
IR_NAT_SPT_C,,1821,1,1
IR_NAT_SPT_C,,1821,1,2
IR_NAT_SPT_C,,1821,1,4
IR_NAT_SPT_C,,1841,1,1
IR_NAT_SPT_C,,1841,1,2
IR_NAT_SPT_C,,1841,1,4
IR_NAT_SPT_C,,1951,1,1
IR_NAT_SPT_C,,1951,1,2
IR_NAT_SPT_C,,1952,1,1
IR_NAT_SPT_C,,1952,1,2
