nom_table,CPT_COP_NUM,DDP_COD,PRS_NAT
IR_NAT_DDP_C,,978,2183
IR_NAT_DDP_C,,978,2184
IR_NAT_DDP_C,,978,2185
IR_NAT_DDP_C,,978,2186
IR_NAT_DDP_C,,978,2187
IR_NAT_DDP_C,,978,2188
IR_NAT_DDP_C,,978,2189
IR_NAT_DDP_C,,978,2190
IR_NAT_DDP_C,,978,2191
IR_NAT_DDP_C,,978,2285
IR_NAT_DDP_C,,979,2161
IR_NAT_DDP_C,,979,2162
IR_NAT_DDP_C,,979,2249
IR_NAT_DDP_C,,979,2260
IR_NAT_DDP_C,,979,2263
IR_NAT_DDP_C,,979,2501
IR_NAT_DDP_C,,979,2502
IR_NAT_DDP_C,,979,2503
IR_NAT_DDP_C,,979,2504
IR_NAT_DDP_C,,982,2154
IR_NAT_DDP_C,,0,3320
IR_NAT_DDP_C,,35,2351
IR_NAT_DDP_C,,35,2352
IR_NAT_DDP_C,,35,2391
IR_NAT_DDP_C,,35,2392
IR_NAT_DDP_C,,38,2285
IR_NAT_DDP_C,,38,2351
IR_NAT_DDP_C,,38,2352
IR_NAT_DDP_C,,39,2285
IR_NAT_DDP_C,,43,2285
IR_NAT_DDP_C,,76,2285
IR_NAT_DDP_C,,102,2285
IR_NAT_DDP_C,,103,2285
IR_NAT_DDP_C,,104,2285
IR_NAT_DDP_C,,105,2285
IR_NAT_DDP_C,,106,2285
IR_NAT_DDP_C,,107,2285
IR_NAT_DDP_C,,108,2285
IR_NAT_DDP_C,,109,2285
IR_NAT_DDP_C,,110,2285
IR_NAT_DDP_C,,111,2285
IR_NAT_DDP_C,,112,2285
IR_NAT_DDP_C,,113,2285
IR_NAT_DDP_C,,114,2285
IR_NAT_DDP_C,,115,2285
IR_NAT_DDP_C,,116,2285
IR_NAT_DDP_C,,117,2285
IR_NAT_DDP_C,,118,2285
IR_NAT_DDP_C,,119,2285
IR_NAT_DDP_C,,120,2285
IR_NAT_DDP_C,,121,2285
IR_NAT_DDP_C,,122,2285
IR_NAT_DDP_C,,123,2285
IR_NAT_DDP_C,,124,2285
IR_NAT_DDP_C,,125,2285
IR_NAT_DDP_C,,126,2285
IR_NAT_DDP_C,,127,2285
IR_NAT_DDP_C,,129,2285
IR_NAT_DDP_C,,130,2285
IR_NAT_DDP_C,,131,2285
IR_NAT_DDP_C,,132,2285
IR_NAT_DDP_C,,133,2285
IR_NAT_DDP_C,,134,2285
IR_NAT_DDP_C,,135,2285
IR_NAT_DDP_C,,136,2285
IR_NAT_DDP_C,,136,2351
IR_NAT_DDP_C,,136,2352
IR_NAT_DDP_C,,137,2285
IR_NAT_DDP_C,,138,2285
IR_NAT_DDP_C,,139,2285
IR_NAT_DDP_C,,140,2285
IR_NAT_DDP_C,,141,2285
IR_NAT_DDP_C,,142,2285
IR_NAT_DDP_C,,143,2285
IR_NAT_DDP_C,,144,2285
IR_NAT_DDP_C,,145,2285
IR_NAT_DDP_C,,146,2285
IR_NAT_DDP_C,,147,2285
IR_NAT_DDP_C,,148,2285
IR_NAT_DDP_C,,149,2285
IR_NAT_DDP_C,,150,2285
IR_NAT_DDP_C,,151,2285
IR_NAT_DDP_C,,152,2285
IR_NAT_DDP_C,,153,2285
IR_NAT_DDP_C,,154,2285
IR_NAT_DDP_C,,155,2285
IR_NAT_DDP_C,,156,2285
IR_NAT_DDP_C,,157,2285
IR_NAT_DDP_C,,158,2285
IR_NAT_DDP_C,,159,2285
IR_NAT_DDP_C,,160,2285
IR_NAT_DDP_C,,161,2285
IR_NAT_DDP_C,,162,2285
IR_NAT_DDP_C,,163,2229
IR_NAT_DDP_C,,163,2285
IR_NAT_DDP_C,,164,2285
IR_NAT_DDP_C,,165,2229
IR_NAT_DDP_C,,165,2285
IR_NAT_DDP_C,,166,2285
IR_NAT_DDP_C,,167,2285
IR_NAT_DDP_C,,168,2285
IR_NAT_DDP_C,,169,2285
IR_NAT_DDP_C,,170,2285
IR_NAT_DDP_C,,171,2285
IR_NAT_DDP_C,,172,2285
IR_NAT_DDP_C,,172,2332
IR_NAT_DDP_C,,173,4141
IR_NAT_DDP_C,,173,4142
IR_NAT_DDP_C,,173,4143
IR_NAT_DDP_C,,173,4144
IR_NAT_DDP_C,,173,4151
IR_NAT_DDP_C,,173,4152
IR_NAT_DDP_C,,173,4153
IR_NAT_DDP_C,,173,4154
IR_NAT_DDP_C,,174,2165
IR_NAT_DDP_C,,174,2285
IR_NAT_DDP_C,,176,2321
IR_NAT_DDP_C,,178,2285
IR_NAT_DDP_C,,178,2332
IR_NAT_DDP_C,,179,2285
IR_NAT_DDP_C,,179,2332
IR_NAT_DDP_C,,180,2285
IR_NAT_DDP_C,,180,2332
IR_NAT_DDP_C,,181,2285
IR_NAT_DDP_C,,182,2285
IR_NAT_DDP_C,,182,2332
IR_NAT_DDP_C,,183,2285
IR_NAT_DDP_C,,184,2285
IR_NAT_DDP_C,,184,2332
IR_NAT_DDP_C,,185,2285
IR_NAT_DDP_C,,187,2285
IR_NAT_DDP_C,,187,2332
IR_NAT_DDP_C,,189,4141
IR_NAT_DDP_C,,189,4142
IR_NAT_DDP_C,,189,4143
IR_NAT_DDP_C,,189,4144
IR_NAT_DDP_C,,189,4151
IR_NAT_DDP_C,,189,4152
IR_NAT_DDP_C,,189,4153
IR_NAT_DDP_C,,189,4154
IR_NAT_DDP_C,,189,4156
IR_NAT_DDP_C,,193,4141
IR_NAT_DDP_C,,193,4142
IR_NAT_DDP_C,,193,4143
IR_NAT_DDP_C,,193,4144
IR_NAT_DDP_C,,193,4151
IR_NAT_DDP_C,,193,4152
IR_NAT_DDP_C,,193,4153
IR_NAT_DDP_C,,193,4154
IR_NAT_DDP_C,,193,4156
IR_NAT_DDP_C,,194,4141
IR_NAT_DDP_C,,194,4142
IR_NAT_DDP_C,,194,4143
IR_NAT_DDP_C,,194,4144
IR_NAT_DDP_C,,194,4151
IR_NAT_DDP_C,,194,4152
IR_NAT_DDP_C,,194,4153
IR_NAT_DDP_C,,194,4154
IR_NAT_DDP_C,,194,4156
IR_NAT_DDP_C,,195,2285
IR_NAT_DDP_C,,196,2285
IR_NAT_DDP_C,,198,2285
IR_NAT_DDP_C,,206,2285
IR_NAT_DDP_C,,212,2371
IR_NAT_DDP_C,,212,2372
IR_NAT_DDP_C,,212,2373
IR_NAT_DDP_C,,217,2285
IR_NAT_DDP_C,,220,2285
IR_NAT_DDP_C,,223,2165
IR_NAT_DDP_C,,223,2285
IR_NAT_DDP_C,,224,2285
IR_NAT_DDP_C,,225,2285
IR_NAT_DDP_C,,226,2285
IR_NAT_DDP_C,,230,2247
IR_NAT_DDP_C,,230,2285
IR_NAT_DDP_C,,230,2380
IR_NAT_DDP_C,,230,2381
IR_NAT_DDP_C,,230,2382
IR_NAT_DDP_C,,230,2383
IR_NAT_DDP_C,,230,2384
IR_NAT_DDP_C,,230,2385
IR_NAT_DDP_C,,230,2386
IR_NAT_DDP_C,,230,2387
IR_NAT_DDP_C,,230,2388
IR_NAT_DDP_C,,230,2389
IR_NAT_DDP_C,,235,2285
IR_NAT_DDP_C,,236,2247
IR_NAT_DDP_C,,236,2285
IR_NAT_DDP_C,,236,2380
IR_NAT_DDP_C,,236,2381
IR_NAT_DDP_C,,236,2382
IR_NAT_DDP_C,,236,2383
IR_NAT_DDP_C,,236,2384
IR_NAT_DDP_C,,236,2385
IR_NAT_DDP_C,,236,2386
IR_NAT_DDP_C,,236,2387
IR_NAT_DDP_C,,236,2388
IR_NAT_DDP_C,,236,2389
IR_NAT_DDP_C,,302,2285
IR_NAT_DDP_C,,302,2341
IR_NAT_DDP_C,,303,2285
IR_NAT_DDP_C,,304,2232
IR_NAT_DDP_C,,304,2257
IR_NAT_DDP_C,,304,2285
IR_NAT_DDP_C,,305,2232
IR_NAT_DDP_C,,305,2257
IR_NAT_DDP_C,,305,2285
IR_NAT_DDP_C,,306,2232
IR_NAT_DDP_C,,306,2257
IR_NAT_DDP_C,,306,2285
IR_NAT_DDP_C,,307,2285
IR_NAT_DDP_C,,308,2285
IR_NAT_DDP_C,,309,2419
IR_NAT_DDP_C,,309,2420
IR_NAT_DDP_C,,309,2421
IR_NAT_DDP_C,,309,2422
IR_NAT_DDP_C,,309,2424
IR_NAT_DDP_C,,309,2425
IR_NAT_DDP_C,,311,2232
IR_NAT_DDP_C,,311,2257
IR_NAT_DDP_C,,311,2285
IR_NAT_DDP_C,,312,2285
IR_NAT_DDP_C,,313,2247
IR_NAT_DDP_C,,314,2232
IR_NAT_DDP_C,,314,2257
IR_NAT_DDP_C,,314,2285
IR_NAT_DDP_C,,316,2232
IR_NAT_DDP_C,,316,2257
IR_NAT_DDP_C,,316,2285
IR_NAT_DDP_C,,338,2333
IR_NAT_DDP_C,,339,2333
IR_NAT_DDP_C,,399,2332
IR_NAT_DDP_C,,401,2238
IR_NAT_DDP_C,,401,2239
IR_NAT_DDP_C,,401,2285
IR_NAT_DDP_C,,402,2238
IR_NAT_DDP_C,,402,2239
IR_NAT_DDP_C,,402,2285
IR_NAT_DDP_C,,403,2238
IR_NAT_DDP_C,,403,2239
IR_NAT_DDP_C,,403,2285
IR_NAT_DDP_C,,404,2238
IR_NAT_DDP_C,,404,2239
IR_NAT_DDP_C,,404,2285
IR_NAT_DDP_C,,405,2238
IR_NAT_DDP_C,,405,2239
IR_NAT_DDP_C,,405,2285
IR_NAT_DDP_C,,406,2238
IR_NAT_DDP_C,,406,2239
IR_NAT_DDP_C,,406,2285
IR_NAT_DDP_C,,407,2238
IR_NAT_DDP_C,,407,2239
IR_NAT_DDP_C,,407,2285
IR_NAT_DDP_C,,408,2238
IR_NAT_DDP_C,,408,2239
IR_NAT_DDP_C,,408,2285
IR_NAT_DDP_C,,409,2238
IR_NAT_DDP_C,,409,2239
IR_NAT_DDP_C,,409,2285
IR_NAT_DDP_C,,466,2285
IR_NAT_DDP_C,,552,2285
IR_NAT_DDP_C,,552,2334
IR_NAT_DDP_C,,553,2285
IR_NAT_DDP_C,,553,2334
IR_NAT_DDP_C,,554,2285
IR_NAT_DDP_C,,554,2334
IR_NAT_DDP_C,,555,2285
IR_NAT_DDP_C,,555,2334
IR_NAT_DDP_C,,556,2285
IR_NAT_DDP_C,,556,2334
IR_NAT_DDP_C,,557,2285
IR_NAT_DDP_C,,575,2333
IR_NAT_DDP_C,,593,2285
IR_NAT_DDP_C,,594,2285
IR_NAT_DDP_C,,595,2285
IR_NAT_DDP_C,,627,2285
IR_NAT_DDP_C,,628,2285
IR_NAT_DDP_C,,631,2285
IR_NAT_DDP_C,,635,2285
IR_NAT_DDP_C,,636,2285
IR_NAT_DDP_C,,637,2285
IR_NAT_DDP_C,,638,2285
IR_NAT_DDP_C,,639,2285
IR_NAT_DDP_C,,640,2285
IR_NAT_DDP_C,,641,2285
IR_NAT_DDP_C,,644,2285
IR_NAT_DDP_C,,645,2285
IR_NAT_DDP_C,,646,2285
IR_NAT_DDP_C,,647,2285
IR_NAT_DDP_C,,648,2285
IR_NAT_DDP_C,,651,4141
IR_NAT_DDP_C,,651,4143
IR_NAT_DDP_C,,651,4151
IR_NAT_DDP_C,,651,4152
IR_NAT_DDP_C,,651,4153
IR_NAT_DDP_C,,651,4154
IR_NAT_DDP_C,,651,4156
IR_NAT_DDP_C,,715,2285
IR_NAT_DDP_C,,717,2285
IR_NAT_DDP_C,,718,2285
IR_NAT_DDP_C,,719,2285
IR_NAT_DDP_C,,720,2285
IR_NAT_DDP_C,,721,2285
IR_NAT_DDP_C,,722,2285
IR_NAT_DDP_C,,723,2285
IR_NAT_DDP_C,,723,2334
IR_NAT_DDP_C,,728,2285
IR_NAT_DDP_C,,729,2285
IR_NAT_DDP_C,,730,2285
IR_NAT_DDP_C,,731,2285
IR_NAT_DDP_C,,732,2285
IR_NAT_DDP_C,,733,2285
IR_NAT_DDP_C,,734,2285
IR_NAT_DDP_C,,735,2285
IR_NAT_DDP_C,,736,2285
IR_NAT_DDP_C,,737,2285
IR_NAT_DDP_C,,738,2285
IR_NAT_DDP_C,,739,2285
IR_NAT_DDP_C,,743,2285
IR_NAT_DDP_C,,744,2285
IR_NAT_DDP_C,,750,2351
IR_NAT_DDP_C,,750,2352
IR_NAT_DDP_C,,750,2354
IR_NAT_DDP_C,,753,2351
IR_NAT_DDP_C,,753,2352
IR_NAT_DDP_C,,753,2391
IR_NAT_DDP_C,,753,2392
IR_NAT_DDP_C,,796,2106
IR_NAT_DDP_C,,796,2107
IR_NAT_DDP_C,,796,2129
IR_NAT_DDP_C,,796,2131
IR_NAT_DDP_C,,796,2132
IR_NAT_DDP_C,,796,2133
IR_NAT_DDP_C,,796,2134
IR_NAT_DDP_C,,796,2135
IR_NAT_DDP_C,,796,2136
IR_NAT_DDP_C,,796,2137
IR_NAT_DDP_C,,796,2138
IR_NAT_DDP_C,,796,2143
IR_NAT_DDP_C,,796,2144
IR_NAT_DDP_C,,796,2145
IR_NAT_DDP_C,,796,2146
IR_NAT_DDP_C,,796,2147
IR_NAT_DDP_C,,796,2285
IR_NAT_DDP_C,,796,3320
IR_NAT_DDP_C,,797,2285
IR_NAT_DDP_C,,797,2334
IR_NAT_DDP_C,,798,2285
IR_NAT_DDP_C,,798,2334
IR_NAT_DDP_C,,799,2285
IR_NAT_DDP_C,,800,2285
IR_NAT_DDP_C,,801,2285
IR_NAT_DDP_C,,803,2380
IR_NAT_DDP_C,,803,2381
IR_NAT_DDP_C,,803,2382
IR_NAT_DDP_C,,803,2383
IR_NAT_DDP_C,,803,2384
IR_NAT_DDP_C,,803,2385
IR_NAT_DDP_C,,803,2386
IR_NAT_DDP_C,,803,2387
IR_NAT_DDP_C,,803,2388
IR_NAT_DDP_C,,803,2389
IR_NAT_DDP_C,,809,2285
IR_NAT_DDP_C,,826,2285
IR_NAT_DDP_C,,827,2285
IR_NAT_DDP_C,,828,4141
IR_NAT_DDP_C,,828,4142
IR_NAT_DDP_C,,828,4143
IR_NAT_DDP_C,,828,4144
IR_NAT_DDP_C,,828,4151
IR_NAT_DDP_C,,828,4152
IR_NAT_DDP_C,,828,4153
IR_NAT_DDP_C,,828,4154
IR_NAT_DDP_C,,828,4156
IR_NAT_DDP_C,,829,4141
IR_NAT_DDP_C,,829,4142
IR_NAT_DDP_C,,829,4143
IR_NAT_DDP_C,,829,4144
IR_NAT_DDP_C,,829,4151
IR_NAT_DDP_C,,829,4152
IR_NAT_DDP_C,,829,4153
IR_NAT_DDP_C,,829,4154
IR_NAT_DDP_C,,829,4156
IR_NAT_DDP_C,,830,4141
IR_NAT_DDP_C,,830,4142
IR_NAT_DDP_C,,830,4143
IR_NAT_DDP_C,,830,4144
IR_NAT_DDP_C,,830,4145
IR_NAT_DDP_C,,830,4151
IR_NAT_DDP_C,,830,4152
IR_NAT_DDP_C,,830,4153
IR_NAT_DDP_C,,830,4154
IR_NAT_DDP_C,,830,4155
IR_NAT_DDP_C,,830,4156
IR_NAT_DDP_C,,830,4157
IR_NAT_DDP_C,,830,4158
IR_NAT_DDP_C,,831,4141
IR_NAT_DDP_C,,831,4142
IR_NAT_DDP_C,,831,4143
IR_NAT_DDP_C,,831,4144
IR_NAT_DDP_C,,831,4151
IR_NAT_DDP_C,,831,4152
IR_NAT_DDP_C,,831,4153
IR_NAT_DDP_C,,831,4154
IR_NAT_DDP_C,,831,4156
IR_NAT_DDP_C,,832,4141
IR_NAT_DDP_C,,832,4142
IR_NAT_DDP_C,,832,4143
IR_NAT_DDP_C,,832,4144
IR_NAT_DDP_C,,832,4151
IR_NAT_DDP_C,,832,4152
IR_NAT_DDP_C,,832,4153
IR_NAT_DDP_C,,832,4154
IR_NAT_DDP_C,,832,4156
IR_NAT_DDP_C,,833,4141
IR_NAT_DDP_C,,833,4143
IR_NAT_DDP_C,,833,4151
IR_NAT_DDP_C,,833,4152
IR_NAT_DDP_C,,833,4153
IR_NAT_DDP_C,,833,4154
IR_NAT_DDP_C,,833,4156
IR_NAT_DDP_C,,834,4141
IR_NAT_DDP_C,,834,4142
IR_NAT_DDP_C,,834,4143
IR_NAT_DDP_C,,834,4144
IR_NAT_DDP_C,,834,4151
IR_NAT_DDP_C,,834,4152
IR_NAT_DDP_C,,834,4153
IR_NAT_DDP_C,,834,4154
IR_NAT_DDP_C,,834,4156
IR_NAT_DDP_C,,835,4141
IR_NAT_DDP_C,,835,4142
IR_NAT_DDP_C,,835,4143
IR_NAT_DDP_C,,835,4144
IR_NAT_DDP_C,,835,4151
IR_NAT_DDP_C,,835,4152
IR_NAT_DDP_C,,835,4153
IR_NAT_DDP_C,,835,4154
IR_NAT_DDP_C,,835,4156
IR_NAT_DDP_C,,958,2155
IR_NAT_DDP_C,,958,2156
IR_NAT_DDP_C,,958,2157
IR_NAT_DDP_C,,958,2158
IR_NAT_DDP_C,,958,2164
IR_NAT_DDP_C,,958,2166
IR_NAT_DDP_C,,958,2167
IR_NAT_DDP_C,,958,2168
IR_NAT_DDP_C,,958,2285
IR_NAT_DDP_C,,958,3320
IR_NAT_DDP_C,,960,2285
IR_NAT_DDP_C,,969,2160
IR_NAT_DDP_C,,969,2161
IR_NAT_DDP_C,,969,2264
IR_NAT_DDP_C,,969,2265
IR_NAT_DDP_C,,970,2151
IR_NAT_DDP_C,,971,2153
IR_NAT_DDP_C,,972,2152
IR_NAT_DDP_C,,973,2114
IR_NAT_DDP_C,,974,2115
IR_NAT_DDP_C,,975,2116
IR_NAT_DDP_C,,976,2117
IR_NAT_DDP_C,,977,2118
IR_NAT_DDP_C,,978,2181
IR_NAT_DDP_C,,978,2182
