nom_table,PFS_CAT_COD,CPT_COP_NUM,PRS_NAT
IR_NAT_CAP_C,0,,3328
IR_NAT_CAP_C,1,,3328
IR_NAT_CAP_C,4,,3328
IR_NAT_CAP_C,5,,3328
IR_NAT_CAP_C,0,,3329
IR_NAT_CAP_C,1,,3329
IR_NAT_CAP_C,5,,3329
IR_NAT_CAP_C,0,,3331
IR_NAT_CAP_C,1,,3331
IR_NAT_CAP_C,2,,3331
IR_NAT_CAP_C,4,,3331
IR_NAT_CAP_C,5,,3331
IR_NAT_CAP_C,0,,3332
IR_NAT_CAP_C,1,,3332
IR_NAT_CAP_C,4,,3332
IR_NAT_CAP_C,5,,3332
IR_NAT_CAP_C,0,,3334
IR_NAT_CAP_C,1,,3334
IR_NAT_CAP_C,2,,3334
IR_NAT_CAP_C,5,,3334
IR_NAT_CAP_C,0,,3335
IR_NAT_CAP_C,1,,3335
IR_NAT_CAP_C,2,,3335
IR_NAT_CAP_C,5,,3335
IR_NAT_CAP_C,0,,3336
IR_NAT_CAP_C,1,,3336
IR_NAT_CAP_C,4,,3336
IR_NAT_CAP_C,5,,3336
IR_NAT_CAP_C,0,,3341
IR_NAT_CAP_C,1,,3341
IR_NAT_CAP_C,4,,3341
IR_NAT_CAP_C,5,,3341
IR_NAT_CAP_C,8,,3341
IR_NAT_CAP_C,0,,3342
IR_NAT_CAP_C,1,,3342
IR_NAT_CAP_C,4,,3342
IR_NAT_CAP_C,5,,3342
IR_NAT_CAP_C,0,,3343
IR_NAT_CAP_C,1,,3343
IR_NAT_CAP_C,4,,3343
IR_NAT_CAP_C,5,,3343
IR_NAT_CAP_C,0,,3351
IR_NAT_CAP_C,1,,3351
IR_NAT_CAP_C,4,,3351
IR_NAT_CAP_C,5,,3351
IR_NAT_CAP_C,0,,3352
IR_NAT_CAP_C,1,,3352
IR_NAT_CAP_C,4,,3352
IR_NAT_CAP_C,5,,3352
IR_NAT_CAP_C,0,,3353
IR_NAT_CAP_C,1,,3353
IR_NAT_CAP_C,4,,3353
IR_NAT_CAP_C,5,,3353
IR_NAT_CAP_C,0,,3354
IR_NAT_CAP_C,1,,3354
IR_NAT_CAP_C,4,,3354
IR_NAT_CAP_C,5,,3354
IR_NAT_CAP_C,0,,3355
IR_NAT_CAP_C,1,,3355
IR_NAT_CAP_C,4,,3355
IR_NAT_CAP_C,5,,3355
IR_NAT_CAP_C,0,,3356
IR_NAT_CAP_C,1,,3356
IR_NAT_CAP_C,4,,3356
IR_NAT_CAP_C,5,,3356
IR_NAT_CAP_C,0,,3357
IR_NAT_CAP_C,1,,3357
IR_NAT_CAP_C,4,,3357
IR_NAT_CAP_C,5,,3357
IR_NAT_CAP_C,0,,3364
IR_NAT_CAP_C,1,,3364
IR_NAT_CAP_C,2,,3364
IR_NAT_CAP_C,4,,3364
IR_NAT_CAP_C,5,,3364
IR_NAT_CAP_C,6,,3364
IR_NAT_CAP_C,8,,3364
IR_NAT_CAP_C,0,,3365
IR_NAT_CAP_C,1,,3365
IR_NAT_CAP_C,4,,3365
IR_NAT_CAP_C,5,,3365
IR_NAT_CAP_C,6,,3365
IR_NAT_CAP_C,8,,3365
IR_NAT_CAP_C,0,,3366
IR_NAT_CAP_C,1,,3366
IR_NAT_CAP_C,2,,3366
IR_NAT_CAP_C,4,,3366
IR_NAT_CAP_C,5,,3366
IR_NAT_CAP_C,6,,3366
IR_NAT_CAP_C,8,,3366
IR_NAT_CAP_C,0,,3371
IR_NAT_CAP_C,1,,3371
IR_NAT_CAP_C,0,,3372
IR_NAT_CAP_C,1,,3372
IR_NAT_CAP_C,0,,3373
IR_NAT_CAP_C,1,,3373
IR_NAT_CAP_C,0,,3374
IR_NAT_CAP_C,1,,3374
IR_NAT_CAP_C,4,,3374
IR_NAT_CAP_C,5,,3374
IR_NAT_CAP_C,0,,3375
IR_NAT_CAP_C,1,,3375
IR_NAT_CAP_C,4,,3375
IR_NAT_CAP_C,5,,3375
IR_NAT_CAP_C,0,,3379
IR_NAT_CAP_C,1,,3379
IR_NAT_CAP_C,2,,3379
IR_NAT_CAP_C,5,,3379
IR_NAT_CAP_C,0,,3380
IR_NAT_CAP_C,1,,3380
IR_NAT_CAP_C,4,,3380
IR_NAT_CAP_C,5,,3380
IR_NAT_CAP_C,6,,3380
IR_NAT_CAP_C,8,,3380
IR_NAT_CAP_C,0,,3381
IR_NAT_CAP_C,1,,3381
IR_NAT_CAP_C,0,,3382
IR_NAT_CAP_C,1,,3382
IR_NAT_CAP_C,0,,3383
IR_NAT_CAP_C,1,,3383
IR_NAT_CAP_C,4,,3383
IR_NAT_CAP_C,5,,3383
IR_NAT_CAP_C,0,,3384
IR_NAT_CAP_C,1,,3384
IR_NAT_CAP_C,4,,3384
IR_NAT_CAP_C,5,,3384
IR_NAT_CAP_C,8,,3384
IR_NAT_CAP_C,0,,3385
IR_NAT_CAP_C,1,,3385
IR_NAT_CAP_C,4,,3385
IR_NAT_CAP_C,5,,3385
IR_NAT_CAP_C,8,,3385
IR_NAT_CAP_C,0,,3386
IR_NAT_CAP_C,1,,3386
IR_NAT_CAP_C,2,,3386
IR_NAT_CAP_C,4,,3386
IR_NAT_CAP_C,5,,3386
IR_NAT_CAP_C,6,,3386
IR_NAT_CAP_C,8,,3386
IR_NAT_CAP_C,0,,3387
IR_NAT_CAP_C,1,,3387
IR_NAT_CAP_C,4,,3387
IR_NAT_CAP_C,5,,3387
IR_NAT_CAP_C,0,,3388
IR_NAT_CAP_C,1,,3388
IR_NAT_CAP_C,4,,3388
IR_NAT_CAP_C,5,,3388
IR_NAT_CAP_C,8,,3388
IR_NAT_CAP_C,0,,3389
IR_NAT_CAP_C,1,,3389
IR_NAT_CAP_C,4,,3389
IR_NAT_CAP_C,5,,3389
IR_NAT_CAP_C,8,,3389
IR_NAT_CAP_C,0,,3390
IR_NAT_CAP_C,1,,3390
IR_NAT_CAP_C,2,,3390
IR_NAT_CAP_C,4,,3390
IR_NAT_CAP_C,5,,3390
IR_NAT_CAP_C,6,,3390
IR_NAT_CAP_C,8,,3390
IR_NAT_CAP_C,0,,3395
IR_NAT_CAP_C,1,,3395
IR_NAT_CAP_C,0,,3399
IR_NAT_CAP_C,1,,3399
IR_NAT_CAP_C,4,,3399
IR_NAT_CAP_C,5,,3399
IR_NAT_CAP_C,0,,3411
IR_NAT_CAP_C,1,,3411
IR_NAT_CAP_C,4,,3411
IR_NAT_CAP_C,5,,3411
IR_NAT_CAP_C,0,,3413
IR_NAT_CAP_C,1,,3413
IR_NAT_CAP_C,5,,3413
IR_NAT_CAP_C,0,,3414
IR_NAT_CAP_C,1,,3414
IR_NAT_CAP_C,0,,3511
IR_NAT_CAP_C,1,,3511
IR_NAT_CAP_C,0,,3512
IR_NAT_CAP_C,1,,3512
IR_NAT_CAP_C,5,,3512
IR_NAT_CAP_C,6,,3512
IR_NAT_CAP_C,7,,3512
IR_NAT_CAP_C,8,,3512
IR_NAT_CAP_C,9,,3512
IR_NAT_CAP_C,0,,3513
IR_NAT_CAP_C,1,,3513
IR_NAT_CAP_C,5,,3513
IR_NAT_CAP_C,6,,3513
IR_NAT_CAP_C,7,,3513
IR_NAT_CAP_C,0,,3514
IR_NAT_CAP_C,1,,3514
IR_NAT_CAP_C,5,,3514
IR_NAT_CAP_C,6,,3514
IR_NAT_CAP_C,7,,3514
IR_NAT_CAP_C,0,,3515
IR_NAT_CAP_C,1,,3515
IR_NAT_CAP_C,4,,3515
IR_NAT_CAP_C,5,,3515
IR_NAT_CAP_C,6,,3515
IR_NAT_CAP_C,8,,3515
IR_NAT_CAP_C,9,,3515
IR_NAT_CAP_C,0,,3516
IR_NAT_CAP_C,1,,3516
IR_NAT_CAP_C,0,,3518
IR_NAT_CAP_C,1,,3518
IR_NAT_CAP_C,0,,3521
IR_NAT_CAP_C,1,,3521
IR_NAT_CAP_C,5,,3521
IR_NAT_CAP_C,6,,3521
IR_NAT_CAP_C,7,,3521
IR_NAT_CAP_C,0,,3522
IR_NAT_CAP_C,1,,3522
IR_NAT_CAP_C,5,,3522
IR_NAT_CAP_C,6,,3522
IR_NAT_CAP_C,7,,3522
IR_NAT_CAP_C,0,,3523
IR_NAT_CAP_C,1,,3523
IR_NAT_CAP_C,0,,3524
IR_NAT_CAP_C,1,,3524
IR_NAT_CAP_C,0,,3525
IR_NAT_CAP_C,1,,3525
IR_NAT_CAP_C,0,,3526
IR_NAT_CAP_C,1,,3526
IR_NAT_CAP_C,0,,3527
IR_NAT_CAP_C,1,,3527
IR_NAT_CAP_C,0,,3528
IR_NAT_CAP_C,1,,3528
IR_NAT_CAP_C,0,,3529
IR_NAT_CAP_C,1,,3529
IR_NAT_CAP_C,0,,3530
IR_NAT_CAP_C,1,,3530
IR_NAT_CAP_C,0,,3531
IR_NAT_CAP_C,1,,3531
IR_NAT_CAP_C,9,,3531
IR_NAT_CAP_C,0,,3532
IR_NAT_CAP_C,1,,3532
IR_NAT_CAP_C,0,,3533
IR_NAT_CAP_C,1,,3533
IR_NAT_CAP_C,9,,3533
IR_NAT_CAP_C,0,,3535
IR_NAT_CAP_C,1,,3535
IR_NAT_CAP_C,0,,3536
IR_NAT_CAP_C,1,,3536
IR_NAT_CAP_C,0,,3537
IR_NAT_CAP_C,1,,3537
IR_NAT_CAP_C,0,,3538
IR_NAT_CAP_C,1,,3538
IR_NAT_CAP_C,0,,3539
IR_NAT_CAP_C,1,,3539
IR_NAT_CAP_C,0,,3540
IR_NAT_CAP_C,1,,3540
IR_NAT_CAP_C,0,,3541
IR_NAT_CAP_C,1,,3541
IR_NAT_CAP_C,0,,3542
IR_NAT_CAP_C,1,,3542
IR_NAT_CAP_C,9,,3542
IR_NAT_CAP_C,0,,3543
IR_NAT_CAP_C,1,,3543
IR_NAT_CAP_C,0,,3544
IR_NAT_CAP_C,1,,3544
IR_NAT_CAP_C,0,,3545
IR_NAT_CAP_C,1,,3545
IR_NAT_CAP_C,0,,3548
IR_NAT_CAP_C,1,,3548
IR_NAT_CAP_C,0,,3549
IR_NAT_CAP_C,1,,3549
IR_NAT_CAP_C,9,,3549
IR_NAT_CAP_C,0,,3551
IR_NAT_CAP_C,1,,3551
IR_NAT_CAP_C,4,,3551
IR_NAT_CAP_C,0,,3552
IR_NAT_CAP_C,1,,3552
IR_NAT_CAP_C,0,,3553
IR_NAT_CAP_C,1,,3553
IR_NAT_CAP_C,0,,3554
IR_NAT_CAP_C,1,,3554
IR_NAT_CAP_C,0,,3555
IR_NAT_CAP_C,1,,3555
IR_NAT_CAP_C,0,,3556
IR_NAT_CAP_C,1,,3556
IR_NAT_CAP_C,0,,3557
IR_NAT_CAP_C,1,,3557
IR_NAT_CAP_C,0,,3561
IR_NAT_CAP_C,1,,3561
IR_NAT_CAP_C,0,,3573
IR_NAT_CAP_C,1,,3573
IR_NAT_CAP_C,0,,3574
IR_NAT_CAP_C,1,,3574
IR_NAT_CAP_C,0,,3575
IR_NAT_CAP_C,1,,3575
IR_NAT_CAP_C,5,,3575
IR_NAT_CAP_C,6,,3575
IR_NAT_CAP_C,7,,3575
IR_NAT_CAP_C,0,,3576
IR_NAT_CAP_C,1,,3576
IR_NAT_CAP_C,2,,3576
IR_NAT_CAP_C,4,,3576
IR_NAT_CAP_C,5,,3576
IR_NAT_CAP_C,6,,3576
IR_NAT_CAP_C,0,,3581
IR_NAT_CAP_C,1,,3581
IR_NAT_CAP_C,0,,3582
IR_NAT_CAP_C,1,,3582
IR_NAT_CAP_C,0,,3583
IR_NAT_CAP_C,1,,3583
IR_NAT_CAP_C,0,,3591
IR_NAT_CAP_C,1,,3591
IR_NAT_CAP_C,0,,3593
IR_NAT_CAP_C,1,,3593
IR_NAT_CAP_C,0,,3610
IR_NAT_CAP_C,1,,3610
IR_NAT_CAP_C,2,,3610
IR_NAT_CAP_C,4,,3610
IR_NAT_CAP_C,5,,3610
IR_NAT_CAP_C,6,,3610
IR_NAT_CAP_C,7,,3610
IR_NAT_CAP_C,8,,3610
IR_NAT_CAP_C,9,,3610
IR_NAT_CAP_C,0,,3611
IR_NAT_CAP_C,1,,3611
IR_NAT_CAP_C,2,,3611
IR_NAT_CAP_C,4,,3611
IR_NAT_CAP_C,5,,3611
IR_NAT_CAP_C,6,,3611
IR_NAT_CAP_C,7,,3611
IR_NAT_CAP_C,8,,3611
IR_NAT_CAP_C,9,,3611
IR_NAT_CAP_C,0,,3612
IR_NAT_CAP_C,1,,3612
IR_NAT_CAP_C,2,,3612
IR_NAT_CAP_C,4,,3612
IR_NAT_CAP_C,5,,3612
IR_NAT_CAP_C,6,,3612
IR_NAT_CAP_C,7,,3612
IR_NAT_CAP_C,8,,3612
IR_NAT_CAP_C,9,,3612
IR_NAT_CAP_C,0,,4141
IR_NAT_CAP_C,1,,4141
IR_NAT_CAP_C,4,,4141
IR_NAT_CAP_C,0,,4142
IR_NAT_CAP_C,1,,4142
IR_NAT_CAP_C,4,,4142
IR_NAT_CAP_C,0,,4143
IR_NAT_CAP_C,1,,4143
IR_NAT_CAP_C,4,,4143
IR_NAT_CAP_C,0,,4144
IR_NAT_CAP_C,1,,4144
IR_NAT_CAP_C,4,,4144
IR_NAT_CAP_C,0,,4145
IR_NAT_CAP_C,1,,4145
IR_NAT_CAP_C,4,,4145
IR_NAT_CAP_C,0,,4151
IR_NAT_CAP_C,1,,4151
IR_NAT_CAP_C,4,,4151
IR_NAT_CAP_C,0,,4152
IR_NAT_CAP_C,1,,4152
IR_NAT_CAP_C,4,,4152
IR_NAT_CAP_C,0,,4153
IR_NAT_CAP_C,1,,4153
IR_NAT_CAP_C,4,,4153
IR_NAT_CAP_C,0,,4154
IR_NAT_CAP_C,1,,4154
IR_NAT_CAP_C,4,,4154
IR_NAT_CAP_C,0,,4155
IR_NAT_CAP_C,1,,4155
IR_NAT_CAP_C,0,,4156
IR_NAT_CAP_C,1,,4156
IR_NAT_CAP_C,0,,4157
IR_NAT_CAP_C,1,,4157
IR_NAT_CAP_C,0,,4158
IR_NAT_CAP_C,1,,4158
IR_NAT_CAP_C,0,,4204
IR_NAT_CAP_C,1,,4204
IR_NAT_CAP_C,4,,4204
IR_NAT_CAP_C,5,,4204
IR_NAT_CAP_C,0,,4205
IR_NAT_CAP_C,1,,4205
IR_NAT_CAP_C,4,,4205
IR_NAT_CAP_C,5,,4205
IR_NAT_CAP_C,0,,4206
IR_NAT_CAP_C,1,,4206
IR_NAT_CAP_C,4,,4206
IR_NAT_CAP_C,5,,4206
IR_NAT_CAP_C,0,,4207
IR_NAT_CAP_C,1,,4207
IR_NAT_CAP_C,4,,4207
IR_NAT_CAP_C,5,,4207
IR_NAT_CAP_C,0,,4208
IR_NAT_CAP_C,1,,4208
IR_NAT_CAP_C,4,,4208
IR_NAT_CAP_C,5,,4208
IR_NAT_CAP_C,0,,4210
IR_NAT_CAP_C,1,,4210
IR_NAT_CAP_C,4,,4210
IR_NAT_CAP_C,5,,4210
IR_NAT_CAP_C,0,,4211
IR_NAT_CAP_C,1,,4211
IR_NAT_CAP_C,4,,4211
IR_NAT_CAP_C,5,,4211
IR_NAT_CAP_C,0,,4212
IR_NAT_CAP_C,1,,4212
IR_NAT_CAP_C,4,,4212
IR_NAT_CAP_C,5,,4212
IR_NAT_CAP_C,0,,4213
IR_NAT_CAP_C,1,,4213
IR_NAT_CAP_C,4,,4213
IR_NAT_CAP_C,5,,4213
IR_NAT_CAP_C,0,,4214
IR_NAT_CAP_C,1,,4214
IR_NAT_CAP_C,4,,4214
IR_NAT_CAP_C,5,,4214
IR_NAT_CAP_C,0,,4215
IR_NAT_CAP_C,1,,4215
IR_NAT_CAP_C,4,,4215
IR_NAT_CAP_C,5,,4215
IR_NAT_CAP_C,0,,4216
IR_NAT_CAP_C,1,,4216
IR_NAT_CAP_C,4,,4216
IR_NAT_CAP_C,5,,4216
IR_NAT_CAP_C,0,,4217
IR_NAT_CAP_C,1,,4217
IR_NAT_CAP_C,4,,4217
IR_NAT_CAP_C,5,,4217
IR_NAT_CAP_C,0,,4218
IR_NAT_CAP_C,1,,4218
IR_NAT_CAP_C,4,,4218
IR_NAT_CAP_C,5,,4218
IR_NAT_CAP_C,0,,4220
IR_NAT_CAP_C,1,,4220
IR_NAT_CAP_C,4,,4220
IR_NAT_CAP_C,5,,4220
IR_NAT_CAP_C,0,,4221
IR_NAT_CAP_C,1,,4221
IR_NAT_CAP_C,4,,4221
IR_NAT_CAP_C,5,,4221
IR_NAT_CAP_C,0,,4225
IR_NAT_CAP_C,1,,4225
IR_NAT_CAP_C,4,,4225
IR_NAT_CAP_C,0,,4226
IR_NAT_CAP_C,1,,4226
IR_NAT_CAP_C,4,,4226
IR_NAT_CAP_C,0,,4229
IR_NAT_CAP_C,1,,4229
IR_NAT_CAP_C,4,,4229
IR_NAT_CAP_C,5,,4229
IR_NAT_CAP_C,0,,4375
IR_NAT_CAP_C,0,,4376
IR_NAT_CAP_C,0,,4377
IR_NAT_CAP_C,0,,5400
IR_NAT_CAP_C,1,,5400
IR_NAT_CAP_C,0,,5401
IR_NAT_CAP_C,1,,5401
IR_NAT_CAP_C,0,,6251
IR_NAT_CAP_C,0,,6252
IR_NAT_CAP_C,0,,6253
IR_NAT_CAP_C,0,,6254
IR_NAT_CAP_C,0,,6257
IR_NAT_CAP_C,0,,6258
IR_NAT_CAP_C,0,,6261
IR_NAT_CAP_C,0,,6262
IR_NAT_CAP_C,0,,9201
IR_NAT_CAP_C,1,,9201
IR_NAT_CAP_C,0,,9202
IR_NAT_CAP_C,1,,9202
IR_NAT_CAP_C,0,,9203
IR_NAT_CAP_C,1,,9203
IR_NAT_CAP_C,0,,9221
IR_NAT_CAP_C,1,,9221
IR_NAT_CAP_C,2,,9411
IR_NAT_CAP_C,0,,9422
IR_NAT_CAP_C,4,,9422
IR_NAT_CAP_C,0,,9434
IR_NAT_CAP_C,1,,9434
IR_NAT_CAP_C,0,,9566
IR_NAT_CAP_C,1,,9566
IR_NAT_CAP_C,4,,9566
IR_NAT_CAP_C,5,,9566
IR_NAT_CAP_C,6,,9566
IR_NAT_CAP_C,7,,9566
IR_NAT_CAP_C,0,,9569
IR_NAT_CAP_C,1,,9569
IR_NAT_CAP_C,0,,9570
IR_NAT_CAP_C,1,,9570
IR_NAT_CAP_C,4,,9570
IR_NAT_CAP_C,5,,9570
IR_NAT_CAP_C,0,,1157
IR_NAT_CAP_C,1,,1157
IR_NAT_CAP_C,0,,1158
IR_NAT_CAP_C,1,,1158
IR_NAT_CAP_C,1,,1159
IR_NAT_CAP_C,9,,1159
IR_NAT_CAP_C,0,,1164
IR_NAT_CAP_C,1,,1164
IR_NAT_CAP_C,4,,1164
IR_NAT_CAP_C,5,,1164
IR_NAT_CAP_C,0,,1165
IR_NAT_CAP_C,1,,1165
IR_NAT_CAP_C,0,,1172
IR_NAT_CAP_C,1,,1172
IR_NAT_CAP_C,4,,1172
IR_NAT_CAP_C,9,,1172
IR_NAT_CAP_C,0,,1318
IR_NAT_CAP_C,1,,1318
IR_NAT_CAP_C,4,,1318
IR_NAT_CAP_C,0,,1401
IR_NAT_CAP_C,1,,1401
IR_NAT_CAP_C,4,,1401
IR_NAT_CAP_C,0,,1402
IR_NAT_CAP_C,1,,1402
IR_NAT_CAP_C,4,,1402
IR_NAT_CAP_C,0,,1403
IR_NAT_CAP_C,1,,1403
IR_NAT_CAP_C,4,,1403
IR_NAT_CAP_C,0,,1435
IR_NAT_CAP_C,4,,1435
IR_NAT_CAP_C,0,,1761
IR_NAT_CAP_C,1,,1761
IR_NAT_CAP_C,0,,1762
IR_NAT_CAP_C,1,,1762
IR_NAT_CAP_C,0,,1763
IR_NAT_CAP_C,1,,1763
IR_NAT_CAP_C,0,,1764
IR_NAT_CAP_C,1,,1764
IR_NAT_CAP_C,0,,1765
IR_NAT_CAP_C,1,,1765
IR_NAT_CAP_C,0,,1766
IR_NAT_CAP_C,1,,1766
IR_NAT_CAP_C,0,,1767
IR_NAT_CAP_C,1,,1767
IR_NAT_CAP_C,0,,1768
IR_NAT_CAP_C,1,,1768
IR_NAT_CAP_C,0,,1769
IR_NAT_CAP_C,1,,1769
IR_NAT_CAP_C,0,,1771
IR_NAT_CAP_C,1,,1771
IR_NAT_CAP_C,0,,1781
IR_NAT_CAP_C,1,,1781
IR_NAT_CAP_C,0,,1782
IR_NAT_CAP_C,1,,1782
IR_NAT_CAP_C,0,,1783
IR_NAT_CAP_C,1,,1783
IR_NAT_CAP_C,0,,1784
IR_NAT_CAP_C,1,,1784
IR_NAT_CAP_C,0,,1785
IR_NAT_CAP_C,1,,1785
IR_NAT_CAP_C,0,,1786
IR_NAT_CAP_C,1,,1786
IR_NAT_CAP_C,0,,1787
IR_NAT_CAP_C,1,,1787
IR_NAT_CAP_C,0,,1788
IR_NAT_CAP_C,1,,1788
IR_NAT_CAP_C,0,,1789
IR_NAT_CAP_C,1,,1789
IR_NAT_CAP_C,0,,1791
IR_NAT_CAP_C,1,,1791
IR_NAT_CAP_C,0,,1842
IR_NAT_CAP_C,1,,1842
IR_NAT_CAP_C,4,,1842
IR_NAT_CAP_C,5,,1842
IR_NAT_CAP_C,6,,1842
IR_NAT_CAP_C,0,,1843
IR_NAT_CAP_C,1,,1843
IR_NAT_CAP_C,4,,1843
IR_NAT_CAP_C,0,,1844
IR_NAT_CAP_C,1,,1844
IR_NAT_CAP_C,4,,1844
IR_NAT_CAP_C,0,,1845
IR_NAT_CAP_C,1,,1845
IR_NAT_CAP_C,4,,1845
IR_NAT_CAP_C,0,,1846
IR_NAT_CAP_C,1,,1846
IR_NAT_CAP_C,4,,1846
IR_NAT_CAP_C,0,,1847
IR_NAT_CAP_C,1,,1847
IR_NAT_CAP_C,4,,1847
IR_NAT_CAP_C,0,,1910
IR_NAT_CAP_C,1,,1910
IR_NAT_CAP_C,0,,1960
IR_NAT_CAP_C,1,,1960
IR_NAT_CAP_C,4,,1960
IR_NAT_CAP_C,5,,1960
IR_NAT_CAP_C,6,,1960
IR_NAT_CAP_C,7,,1960
IR_NAT_CAP_C,8,,1960
IR_NAT_CAP_C,9,,1960
IR_NAT_CAP_C,0,,1961
IR_NAT_CAP_C,1,,1961
IR_NAT_CAP_C,4,,1961
IR_NAT_CAP_C,5,,1961
IR_NAT_CAP_C,6,,1961
IR_NAT_CAP_C,7,,1961
IR_NAT_CAP_C,8,,1961
IR_NAT_CAP_C,9,,1961
IR_NAT_CAP_C,0,,1981
IR_NAT_CAP_C,1,,1981
IR_NAT_CAP_C,5,,1981
IR_NAT_CAP_C,0,,2154
IR_NAT_CAP_C,0,,2155
IR_NAT_CAP_C,0,,2156
IR_NAT_CAP_C,0,,2157
IR_NAT_CAP_C,0,,2185
IR_NAT_CAP_C,0,,3111
IR_NAT_CAP_C,1,,3111
IR_NAT_CAP_C,4,,3111
IR_NAT_CAP_C,5,,3111
IR_NAT_CAP_C,6,,3111
IR_NAT_CAP_C,0,,3112
IR_NAT_CAP_C,1,,3112
IR_NAT_CAP_C,0,,3113
IR_NAT_CAP_C,1,,3113
IR_NAT_CAP_C,4,,3113
IR_NAT_CAP_C,5,,3113
IR_NAT_CAP_C,0,,3115
IR_NAT_CAP_C,1,,3115
IR_NAT_CAP_C,0,,3116
IR_NAT_CAP_C,1,,3116
IR_NAT_CAP_C,4,,3116
IR_NAT_CAP_C,5,,3116
IR_NAT_CAP_C,0,,3117
IR_NAT_CAP_C,1,,3117
IR_NAT_CAP_C,4,,3117
IR_NAT_CAP_C,5,,3117
IR_NAT_CAP_C,0,,3121
IR_NAT_CAP_C,1,,3121
IR_NAT_CAP_C,4,,3121
IR_NAT_CAP_C,5,,3121
IR_NAT_CAP_C,0,,3122
IR_NAT_CAP_C,1,,3122
IR_NAT_CAP_C,4,,3122
IR_NAT_CAP_C,5,,3122
IR_NAT_CAP_C,0,,3125
IR_NAT_CAP_C,1,,3125
IR_NAT_CAP_C,4,,3125
IR_NAT_CAP_C,0,,3127
IR_NAT_CAP_C,1,,3127
IR_NAT_CAP_C,0,,3128
IR_NAT_CAP_C,1,,3128
IR_NAT_CAP_C,0,,3131
IR_NAT_CAP_C,1,,3131
IR_NAT_CAP_C,0,,3132
IR_NAT_CAP_C,1,,3132
IR_NAT_CAP_C,4,,3132
IR_NAT_CAP_C,0,,3133
IR_NAT_CAP_C,1,,3133
IR_NAT_CAP_C,0,,3134
IR_NAT_CAP_C,1,,3134
IR_NAT_CAP_C,0,,3135
IR_NAT_CAP_C,1,,3135
IR_NAT_CAP_C,0,,3211
IR_NAT_CAP_C,1,,3211
IR_NAT_CAP_C,4,,3211
IR_NAT_CAP_C,5,,3211
IR_NAT_CAP_C,0,,3221
IR_NAT_CAP_C,1,,3221
IR_NAT_CAP_C,4,,3221
IR_NAT_CAP_C,5,,3221
IR_NAT_CAP_C,0,,3222
IR_NAT_CAP_C,1,,3222
IR_NAT_CAP_C,4,,3222
IR_NAT_CAP_C,5,,3222
IR_NAT_CAP_C,0,,3223
IR_NAT_CAP_C,1,,3223
IR_NAT_CAP_C,4,,3223
IR_NAT_CAP_C,5,,3223
IR_NAT_CAP_C,0,,3225
IR_NAT_CAP_C,1,,3225
IR_NAT_CAP_C,4,,3225
IR_NAT_CAP_C,5,,3225
IR_NAT_CAP_C,0,,3311
IR_NAT_CAP_C,1,,3311
IR_NAT_CAP_C,4,,3311
IR_NAT_CAP_C,5,,3311
IR_NAT_CAP_C,0,,3312
IR_NAT_CAP_C,1,,3312
IR_NAT_CAP_C,4,,3312
IR_NAT_CAP_C,5,,3312
IR_NAT_CAP_C,8,,3312
IR_NAT_CAP_C,0,,3313
IR_NAT_CAP_C,1,,3313
IR_NAT_CAP_C,2,,3313
IR_NAT_CAP_C,4,,3313
IR_NAT_CAP_C,5,,3313
IR_NAT_CAP_C,6,,3313
IR_NAT_CAP_C,7,,3313
IR_NAT_CAP_C,8,,3313
IR_NAT_CAP_C,0,,3314
IR_NAT_CAP_C,1,,3314
IR_NAT_CAP_C,4,,3314
IR_NAT_CAP_C,5,,3314
IR_NAT_CAP_C,0,,3315
IR_NAT_CAP_C,1,,3315
IR_NAT_CAP_C,4,,3315
IR_NAT_CAP_C,5,,3315
IR_NAT_CAP_C,0,,3316
IR_NAT_CAP_C,1,,3316
IR_NAT_CAP_C,4,,3316
IR_NAT_CAP_C,5,,3316
IR_NAT_CAP_C,0,,3318
IR_NAT_CAP_C,1,,3318
IR_NAT_CAP_C,4,,3318
IR_NAT_CAP_C,5,,3318
IR_NAT_CAP_C,0,,3319
IR_NAT_CAP_C,1,,3319
IR_NAT_CAP_C,4,,3319
IR_NAT_CAP_C,5,,3319
IR_NAT_CAP_C,0,,3322
IR_NAT_CAP_C,1,,3322
IR_NAT_CAP_C,2,,3322
IR_NAT_CAP_C,4,,3322
IR_NAT_CAP_C,5,,3322
IR_NAT_CAP_C,6,,3322
IR_NAT_CAP_C,7,,3322
IR_NAT_CAP_C,8,,3322
IR_NAT_CAP_C,0,,3323
IR_NAT_CAP_C,1,,3323
IR_NAT_CAP_C,4,,3323
IR_NAT_CAP_C,5,,3323
IR_NAT_CAP_C,6,,3323
IR_NAT_CAP_C,7,,3323
IR_NAT_CAP_C,8,,3323
IR_NAT_CAP_C,0,,3325
IR_NAT_CAP_C,1,,3325
IR_NAT_CAP_C,2,,3325
IR_NAT_CAP_C,4,,3325
IR_NAT_CAP_C,5,,3325
IR_NAT_CAP_C,0,,3326
IR_NAT_CAP_C,1,,3326
IR_NAT_CAP_C,4,,3326
IR_NAT_CAP_C,5,,3326
