nom_table,TEC_COL,CPT_COP_NUM,CGE_OPR_NAT,OPR_NAT_LIB
IR_OPR_V,0,,ANI,ANNUL. DETTE INFERIEURE A SEUIL
IR_OPR_V,0,,ANM,ANNULATION SUITE MONTEE EN CHARGE
IR_OPR_V,0,,ANN,ANNULATION COMPTE
IR_OPR_V,0,,CIM,CONSTAT INITIAL (MONTEE EN CHARGE)
IR_OPR_V,0,,CIN,CONSTAT INITIAL
IR_OPR_V,0,,CMP,COMPLEMENT
IR_OPR_V,0,,ENC,ENCAISSEMENT
IR_OPR_V,0,,ISP,PASSAGE EN IMPAYE SOLDE EN PROFIT
IR_OPR_V,0,,MLO,MAIN LEVEE D'OPPOSITION PARTIELLE
IR_OPR_V,0,,NVA,ADMISSION EN NON VALEUR TOTALE
IR_OPR_V,0,,PAC,PAIEMENT AGENCE COMPTABLE
IR_OPR_V,0,,PAD,PASSAGE EN CREANCE DOUTEUSE
IR_OPR_V,0,,PAI,PAIEMENT
IR_OPR_V,0,,PEE,PERTE EURO (-3CTS)
IR_OPR_V,0,,PEN,PASSAGE EN STATUT NORMAL
IR_OPR_V,0,,PEP,PASSAGE EN CREANCE PRESCRITE
IR_OPR_V,0,,PFE,PROFIT EURO (+3CTS)
IR_OPR_V,0,,PPE,PASSAGE EN PERTE
IR_OPR_V,0,,PPR,PASSAGE EN PROFIT
IR_OPR_V,0,,RDD,REMISE DE DETTE
IR_OPR_V,0,,RMA,RECUPERATION MANUELLE
IR_OPR_V,0,,RMR,RECTIFICATION MONTANT RECUPERATION
IR_OPR_V,0,,RPR,RETENUE SUR PRESTATION
IR_OPR_V,0,,SLD,SOLDE (MISE A CHARGE SUR PROV. RC)
IR_OPR_V,1,,XXX,VALEUR INCONNUE
