nom_table,TEC_COL,CPT_COP_NUM,DCT_OPL_NAT,OPL_NAT_LIB
IR_OPL_V,0,,C,LIQUID. PAIEMENT COLLEC
IR_OPL_V,0,,CA,LIQUID. COLLEC. AVEC CTL
IR_OPL_V,0,,CC,CREAT. ASSURE ORIG.CENT
IR_OPL_V,0,,CM,LIQUID.COLLECT. AVEC MAJ
IR_OPL_V,0,,CN,LIQUID. COLLEC. +MAJ+CTL
IR_OPL_V,0,,D,LIQUID. DIFFEREE
IR_OPL_V,0,,DA,DIFFERE AVEC CTL
IR_OPL_V,0,,DM,LIQUID. DIFFERE AVEC M.AJ
IR_OPL_V,0,,DN, DIFFERE AVEC CTL+MAJ
IR_OPL_V,0,,G,LIQUID. GUICHET
IR_OPL_V,0,,GA,GUICHET AVEC CTL
IR_OPL_V,0,,GM,LIQUID. GUICHET AVEC M.AJ
IR_OPL_V,0,,GN,GUICHET + MAJ + CTL
IR_OPL_V,0,,L,M.A.J. LIEN D'ARCHIVE
IR_OPL_V,0,,M,M.A.J. SEULE ORIG.LOCALE
IR_OPL_V,0,,MA,MAJ AVEC CONTROLE
IR_OPL_V,0,,MC,M.A.J. PARTI.ORIG.CENTRAL
IR_OPL_V,1,,XX,VALEUR INCONNUE
IR_OPL_V,2,,ZZ,SANS OBJET
