nom_table,TEC_COL,RSM_COD,CPT_COP_NUM,RSM_COD_LIB
IR_RSM_V,2,0,,SANS OBJET
IR_RSM_V,0,13,,PACAC
IR_RSM_V,0,21,,BOURGOGNE-FC
IR_RSM_V,0,31,,MIDI-PYRENEES
IR_RSM_V,0,33,,AQUITAINE
IR_RSM_V,0,34,,LANGUEDOC-ROUSSILLON
IR_RSM_V,0,35,,BRETAGNE
IR_RSM_V,0,44,,PAYS DE LOIRE
IR_RSM_V,0,45,,CENTRE
IR_RSM_V,0,54,,NORD-EST
IR_RSM_V,0,59,,NORD-PICARDIE
IR_RSM_V,0,63,,AUVERGNE
IR_RSM_V,0,67,,ALSACE-MOSELLE
IR_RSM_V,0,69,,RHONE-ALPES
IR_RSM_V,0,75,,ILE DE France
IR_RSM_V,0,76,,NORMANDIE
IR_RSM_V,0,87,,LIMOUSIN-POITOU
IR_RSM_V,0,97,,ANTILLES-GUYANE
IR_RSM_V,0,98,,REUNION(CGSS=ELSM+ERSM)
IR_RSM_V,1,99,,VALEUR INCONNUE
IR_RSM_V,0,1,,GUADELOUPE
IR_RSM_V,0,2,,MARTINIQUE
IR_RSM_V,0,3,,GUYANE
IR_RSM_V,0,4,,LA REUNION
IR_RSM_V,0,6,,MAYOTTE
IR_RSM_V,0,22,,DRSM CANSSM
