nom_table,TEC_COL,CPT_COP_NUM,GEO_REG_COD,GEO_PAY_COD,GEO_REG_LIB
IR_REG_V,0,,0,FR,DOM TOM
IR_REG_V,0,,11,FR,ILE DE FRANCE
IR_REG_V,0,,21,FR,CHAMPAGNE-ARDENNE
IR_REG_V,0,,22,FR,PICARDIE
IR_REG_V,0,,23,FR,HAUTE-NORMANDIE
IR_REG_V,0,,24,FR,CENTRE-VAL DE LOIRE
IR_REG_V,0,,25,FR,BASSE-NORMANDIE
IR_REG_V,0,,26,FR,BOURGOGNE
IR_REG_V,0,,31,FR,NORD-PAS-DE-CALAIS
IR_REG_V,0,,41,FR,LORRAINE
IR_REG_V,0,,42,FR,ALSACE
IR_REG_V,0,,43,FR,FRANCHE-COMTE
IR_REG_V,0,,52,FR,PAYS-DE-LA-LOIRE
IR_REG_V,0,,53,FR,BRETAGNE
IR_REG_V,0,,54,FR,POITOU-CHARENTES
IR_REG_V,0,,72,FR,AQUITAINE
IR_REG_V,0,,73,FR,MIDI-PYRENEES
IR_REG_V,0,,74,FR,LIMOUSIN
IR_REG_V,0,,82,FR,RHONE-ALPES
IR_REG_V,0,,83,FR,AUVERGNE
IR_REG_V,0,,91,FR,LANGUEDOC-ROUSSILLON
IR_REG_V,0,,93,FR,PROVENCE-ALPES-COTE D'AZUR
IR_REG_V,0,,94,FR,CORSE
IR_REG_V,1,,99,II,INCONNU
IR_REG_V,0,,1,FR,GUADELOUPE
IR_REG_V,0,,2,FR,MARTINIQUE
IR_REG_V,0,,3,FR,GUYANE
IR_REG_V,0,,4,FR,REUNION
IR_REG_V,0,,6,FR,CSS MAYOTTE
IR_REG_V,0,,27,FR,BOURGOGNE-FRANCHE-COMTE
IR_REG_V,0,,28,FR,NORMANDIE
IR_REG_V,0,,32,FR,HAUTS-DE-FRANCE
IR_REG_V,0,,44,FR,GRAND-EST
IR_REG_V,0,,75,FR,NOUVELLE-AQUITAINE
IR_REG_V,0,,76,FR,OCCITANIE
IR_REG_V,0,,84,FR,AUVERGNE-RHONE-ALPES
