nom_table,TEC_COL,CPT_COP_NUM,PRS_RP2_COD,PRS_RP3_COD,PRS_RP2_LIB
IR_RP2_V,0,,2130,1020,HONORAIRES GENERALISTES
IR_RP2_V,0,,2140,1020,HONORAIRES SPECIALISTES
IR_RP2_V,0,,2490,1490,HONORAIRES AUXILIAIRES MEDICAUX
IR_RP2_V,0,,2790,1780,PHARMACIE
IR_RP2_V,0,,2800,1780,BIOLOGIE
IR_RP2_V,0,,2810,1780,LPP
IR_RP2_V,0,,2820,1780,TRANSPORT
IR_RP2_V,0,,2840,1830,CLINIQUES
IR_RP2_V,0,,2850,1830,ETABLISSEMENTS MEDICAUX-SOCIAUX
IR_RP2_V,0,,2860,1830,AUTRES
IR_RP2_V,0,,2870,1870,PRESTATIONS EN ESPECES
IR_RP2_V,0,,2989,1880,AUTRES PRESTATIONS
IR_RP2_V,0,,2890,1880,CURES THERMALES
IR_RP2_V,0,,2900,1880,PRESTATIONS NON INDIVIDUALISEES
IR_RP2_V,0,,2910,1880,DECES
IR_RP2_V,0,,2920,1880,INVALIDITE
IR_RP2_V,0,,2930,1880,CHARGES TECHNIQUES
IR_RP2_V,0,,2940,1880,RENTES
IR_RP2_V,0,,2950,1880,IVG
IR_RP2_V,0,,2960,1880,ACTION SANITAIRE ET SOCIALE
IR_RP2_V,0,,2970,1880,PREVENTION
IR_RP2_V,0,,2030,1010,HONORAIRES GENERALISTES
IR_RP2_V,0,,2040,1010,HONORAIRES SPECIALISTES
IR_RP2_V,0,,2980,1880,BUDGET GLOBAL
IR_RP2_V,1,,2990,1880,SANS OBJET
IR_RP2_V,0,,2830,1780,AUTRES
IR_RP2_V,0,,2099,1010,AUTRES
IR_RP2_V,0,,2150,1020,AUTRES
