nom_table,TEC_COL,CPT_COP_NUM,SLM_NUM,SLM_RGT2,SLM_RGT,SLM_LIB
IR_SLM_V,2,,0,9,9,SANS OBJET
IR_SLM_V,0,,500,1,3,MUTUELLE GENERALE DES AFFAIRES SOCIALES (M.G.A.S.)
IR_SLM_V,0,,501,1,1,MUTUELLE GENERALE DE L EDUCATION NATIONALE - SECTION EXTRA-METROPOLITAINE (SEM.) (JO DU 08/05/00)
IR_SLM_V,0,,503,1,4,MUTUELLE GENERALE DE LA POLICE - SECTION PARIS (M.G.P.)
IR_SLM_V,0,,504,1,3,MUTUELLE DES AGENTS DES IMPOTS (M.A.I.)
IR_SLM_V,0,,505,9,9,MAGE (CPAM75)
IR_SLM_V,0,,506,1,1,MUTUELLE GENERALE DE L EDUCATION NATIONALE  (MGEN.)
IR_SLM_V,0,,507,1,3,MUTUELLE DU MINISTERE DE L AGRICULTURE (S.M.A.R.)
IR_SLM_V,0,,508,1,3,MUTUELLE GENERALE DE L EQUIPEMENT ET DES TRANSPORTS (M.G.E.T.)
IR_SLM_V,0,,509,1,3,MUTUELLE DU MINISTERE DE L INDUSTRIE (. MPIR)
IR_SLM_V,0,,511,1,3,MUTUELLE DU TRESOR
IR_SLM_V,0,,512,1,2,MUTUELLE GENERALE  MG (PTT)
IR_SLM_V,0,,513,1,3,MUTUELLE DES DOUANES
IR_SLM_V,0,,514,1,3,MUTUELLE DU PERSONNEL DE LA CAISSE DES MINES
IR_SLM_V,0,,515,1,3,SOCIETE MUTUALISTE DE L I.N.S.E.E.
IR_SLM_V,0,,516,1,9,MUTUELLE NATIONALE AVIATION MARINE (MNAM)
IR_SLM_V,0,,518,1,3,MUTUELLE DE LA CAISSE DES DEPOTS ET CONSIGNATIONS (MPCDC)
IR_SLM_V,0,,519,1,3,MUTUELLE DES PERSONNELS CIVILS DE L AVIATION
IR_SLM_V,0,,520,1,4,UNION DES SOCIETES MUTUALISTES DE FONCTIONNAIRES DE LA REGION PARISIENNE ( MGPAT)
IR_SLM_V,0,,523,1,3,MUTUELLE CENTRALE DES FINANCES MCF
IR_SLM_V,0,,526,1,3,MUTUELLE DU MINISTERE DES ANCIENS COMBATTANTS ET VICTIMES DE GUERRE
IR_SLM_V,0,,527,1,3,MUTUELLE DU MINISTERE DE LA JUSTICE (.M.M.J.)
IR_SLM_V,0,,529,1,3,MUTUELLE FAMILIALE DE FRANCE ET D OUTRE-MER (MFFOM)
IR_SLM_V,0,,532,1,3,MUTUELLE CIVILE DE LA GUERRE Y COMPRIS MUTUELLE DU MINISTERE DES ANCIENS COMBATTANTS ET VICTIMES DE GUERRE (MCDEF)
IR_SLM_V,0,,533,1,3,MUTUELLE DES RELATIONS EXTERIEURES (MAE)
IR_SLM_V,0,,536,1,4,MUTUELLE GENERALE DE LA POLICE - SECTION VERSAILLES (M.G.P.)
IR_SLM_V,0,,537,1,4,MUTUELLE GENERALE DE LA POLICE (M.G.P.)
IR_SLM_V,0,,555,1,4,SOCIETE MUTUALISTE DU PERSONNEL DE LA POLICE NATIONALE (S.M.P.P.N.)
IR_SLM_V,0,,599,1,3,"MUTUELLE DE LA FONCTION PUBLIQUE,  Mutuelle Generale des Affaires Sociales ( MFP, S.L.I., M.G.A.S.)"
IR_SLM_V,0,,601,3,6,LA MUTUELLE DES ETUDIANTS ( LMDE)
IR_SLM_V,0,,602,9,9,"MUTUELLE COMPLEMENTAIRE DE LA VILLE DE PARIS, DE L ASSISTANCE PUBLIQUE ET DES ADMINISTRATIONS ANNEXES (MCVPAP)"
IR_SLM_V,0,,603,2,5,MUTUELLE DE L E.D.F.(CMCAS)
IR_SLM_V,0,,604,1,4,MUTUELLE DU MINISTERE DE L INTERIEUR (MMI)
IR_SLM_V,0,,605,2,5,MUTUELLE DE L E.D.F. .(CMCAS)
IR_SLM_V,0,,606,9,9,MUTUELLE NATIONALE DES FONCTIONNAIRES DES COLLECTIVITES TERRITORIALES (MNFCT)
IR_SLM_V,0,,607,9,9,TRANSPORTS EN COMMUN DE LYON (SLTC)
IR_SLM_V,0,,608,9,9,"TRANSPORTS EN COMMUN DE LA COMMUNAUTE URBAINE LILLE, ROUBAIX, TOURCOING (TTC TOURCOING)"
IR_SLM_V,0,,609,1,7,"MUTUELLE NATIONALE TERRITORIALE (M.N.T., MUTUELLE DES COLLECTIVITES LOCALES DE BORDEAUX)"
IR_SLM_V,0,,610,9,9,HOSPICES CIVILS DE LYON (HCL)
IR_SLM_V,0,,611,9,9,SOGIREL - LYON
IR_SLM_V,0,,612,9,9,BATIMENTS ET TRAVAUX PUBLICS DE LYON (UPBTP)
IR_SLM_V,0,,613,9,9,MUTUELLE DES PERSONNELS MUNICIPAUX  (MGAT CHARTRES ET MUTAME NANTES)
IR_SLM_V,0,,614,9,9,"MUTUELLE INTERPROFESSIONNELLE DES CADRES, INGENIEURS DE LA REGION LYONNAISE ET STEPHANOISE (M.I.C I.L.S - U.M.I.G.A.SOGIREL, U.P.E.S.E.)"
IR_SLM_V,0,,615,9,9,MUTUELLE DE L ASSOCIATION LYONNAISE DE PREVOYANCE (MUTUALP)
IR_SLM_V,0,,616,1,7,MUTUELLE DE MUNICIPAUX DE MARSEILLE
IR_SLM_V,0,,617,3,6,"SOCIETES D ETUDIANTS  MUTUALISTES (S.M.E.B.A., S.M.E.R.R.A., S.M.E.S.O., S.M.E.N.O., M.E.P., M.G.E.L., S.M.E.R.E.B., S.M.E.C.O., S.M.E.R.E.P. SMERE)"
IR_SLM_V,0,,618,3,6,"SOCIETES D ETUDIANTS  MUTUALISTES (S.M.E.B.A., S.M.E.R.R.A., S.M.E.S.O., S.M.E.N.O., M.E.P., M.G.E.L., S.M.E.R.E.B., S.M.E.C.O., S.M.E.R.E.P. SMERE)"
IR_SLM_V,0,,619,1,8,MUTUELLE NATIONALE DES HOSPITALIERS (M.N.H.) Y COMPRIS CERTAINES MUTUELLES DES PERSONNELS MUNICIPAUX
IR_SLM_V,0,,622,9,9,MUTUELLE DE FUMEL
IR_SLM_V,0,,623,9,9,MUTUELLE DES CADRES DE LILLE
IR_SLM_V,0,,629,9,9,541EME MUTUALISTE (LYON)
IR_SLM_V,0,,634,1,4,MUTUELLE DU PERSONNEL DE LA PREFECTURE DE CRETEIL
IR_SLM_V,0,,637,2,5,MCAS TEME
IR_SLM_V,0,,638,2,5,CMCAS PARIS NORD
IR_SLM_V,0,,639,2,5,CMCAS PARIS EST
IR_SLM_V,0,,640,2,5,CMCAS PARIS CENTRE
IR_SLM_V,0,,641,2,5,CMCAS PARIS OUEST
IR_SLM_V,0,,645,9,9,MUTUELLE DE LA COMPAGNIE GENERALE DES EAUX (LA NEPTUNE)
IR_SLM_V,0,,651,1,8,"MUTUELLE DES PERSONNELS MUNICIPAUX ET HOSPITALIERS DE TOURS, MULHOUSE, POITIERS"
IR_SLM_V,0,,652,1,7,COVIMUT - POITIERS (TRANSPORTS EN COMMUN)
IR_SLM_V,0,,654,9,9,MUTUELLE DE LA MAIRIE DE TOULOUSE
IR_SLM_V,0,,656,1,7,MUTUELLE DU PERSONNEL MUNICIPAL DE NICE
IR_SLM_V,0,,689,9,9,MUTUELLE DE L EST - SECTION DE STRASBOURG
IR_SLM_V,0,,699,1,3,BANQUE DE FRANCE
IR_SLM_V,1,,999,9,9,INCONNU
