nom_table,PFS_CAT_COD,PFS_CAT_LIB,CPT_COP_NUM,PFS_SPE_COD,PFS_SPE_TDM,PFS_SPE_LIB,PFS_SPE_STA,SPE_STA_LIB,PFS_SPE_POS,SPE_POS_LIB,PFS_SPE_OMS,SPE_OMS_LIB,SPE_TDM_LIB
IR_SPE_D,9,ORTHOPTISTE - ORTHOPHONISTE,,0,99,NON RENSEIGNE,9,VALEUR INCONNUE,0,NON RENSEIGNE,0,NON RENSEIGNE,VALEUR INCONNUE
IR_SPE_D,1,MEDECIN,,1,1,MEDECINE GENERALE,1,MEDECINS OMNIPRATICIENS,1,MEDECINS OMNIPRATICIENS,1,MEDECINS OMNIPRATICIENS,MEDECIN
IR_SPE_D,1,MEDECIN,,2,1,ANESTHESIOLOGIE - REANIMATION CHIRURGICALE,1,MEDECINS OMNIPRATICIENS,2,MEDECINS SPECIALISTES,2,MEDECINS SPECIALISTES,MEDECIN
IR_SPE_D,1,MEDECIN,,3,1,PATHOLOGIE CARDIO-VASCULAIRE,1,MEDECINS OMNIPRATICIENS,2,MEDECINS SPECIALISTES,2,MEDECINS SPECIALISTES,MEDECIN
IR_SPE_D,1,MEDECIN,,4,1,CHIRURGIE GENERALE,1,MEDECINS OMNIPRATICIENS,2,MEDECINS SPECIALISTES,2,MEDECINS SPECIALISTES,MEDECIN
IR_SPE_D,1,MEDECIN,,5,1,DERMATOLOGIE ET VENEROLOGIE,1,MEDECINS OMNIPRATICIENS,2,MEDECINS SPECIALISTES,2,MEDECINS SPECIALISTES,MEDECIN
IR_SPE_D,1,MEDECIN,,6,1,RADIODIAGNOSTIC ET IMAGERIE MEDICALE,1,MEDECINS OMNIPRATICIENS,2,MEDECINS SPECIALISTES,2,MEDECINS SPECIALISTES,MEDECIN
IR_SPE_D,1,MEDECIN,,7,1,GYNECOLOGIE OBSTETRIQUE,1,MEDECINS OMNIPRATICIENS,2,MEDECINS SPECIALISTES,2,MEDECINS SPECIALISTES,MEDECIN
IR_SPE_D,1,MEDECIN,,8,1,GASTRO-ENTEROLOGIE ET HEPATOLOGIE,1,MEDECINS OMNIPRATICIENS,2,MEDECINS SPECIALISTES,2,MEDECINS SPECIALISTES,MEDECIN
IR_SPE_D,1,MEDECIN,,9,1,MEDECINE INTERNE,1,MEDECINS OMNIPRATICIENS,2,MEDECINS SPECIALISTES,2,MEDECINS SPECIALISTES,MEDECIN
IR_SPE_D,1,MEDECIN,,10,1,NEUROCHIRURGIE,1,MEDECINS OMNIPRATICIENS,2,MEDECINS SPECIALISTES,2,MEDECINS SPECIALISTES,MEDECIN
IR_SPE_D,1,MEDECIN,,11,1,OTO RHINO-LARYNGOLOGIE,1,MEDECINS OMNIPRATICIENS,2,MEDECINS SPECIALISTES,2,MEDECINS SPECIALISTES,MEDECIN
IR_SPE_D,1,MEDECIN,,12,1,PEDIATRIE,1,MEDECINS OMNIPRATICIENS,2,MEDECINS SPECIALISTES,2,MEDECINS SPECIALISTES,MEDECIN
IR_SPE_D,1,MEDECIN,,13,1,PNEUMOLOGIE,1,MEDECINS OMNIPRATICIENS,2,MEDECINS SPECIALISTES,2,MEDECINS SPECIALISTES,MEDECIN
IR_SPE_D,1,MEDECIN,,14,1,RHUMATOLOGIE,1,MEDECINS OMNIPRATICIENS,2,MEDECINS SPECIALISTES,2,MEDECINS SPECIALISTES,MEDECIN
IR_SPE_D,1,MEDECIN,,15,1,OPHTALMOLOGIE,1,MEDECINS OMNIPRATICIENS,2,MEDECINS SPECIALISTES,2,MEDECINS SPECIALISTES,MEDECIN
IR_SPE_D,1,MEDECIN,,16,1,CHIRURGIE UROLOGIQUE,1,MEDECINS OMNIPRATICIENS,2,MEDECINS SPECIALISTES,2,MEDECINS SPECIALISTES,MEDECIN
IR_SPE_D,1,MEDECIN,,17,1,NEUROPSYCHIATRIE,1,MEDECINS OMNIPRATICIENS,3,"PSYCHIATRES, NEUROPSYCHIATRES",2,MEDECINS SPECIALISTES,MEDECIN
IR_SPE_D,1,MEDECIN,,18,1,STOMATOLOGIE,1,MEDECINS OMNIPRATICIENS,2,MEDECINS SPECIALISTES,2,MEDECINS SPECIALISTES,MEDECIN
IR_SPE_D,1,MEDECIN,,20,1,REANIMATION INTENSIVE MEDICALE,1,MEDECINS OMNIPRATICIENS,2,MEDECINS SPECIALISTES,2,MEDECINS SPECIALISTES,MEDECIN
IR_SPE_D,1,MEDECIN,,22,1,SPECIALISTE EN MEDECINE GENERALE AVEC DIPL�ME,1,MEDECINS OMNIPRATICIENS,1,MEDECINS OMNIPRATICIENS,1,MEDECINS OMNIPRATICIENS,MEDECIN
IR_SPE_D,1,MEDECIN,,23,1,SPECIALITE EN MED. GENERALE RECONNUE PAR L'ORDRE,1,MEDECINS OMNIPRATICIENS,1,MEDECINS OMNIPRATICIENS,1,MEDECINS OMNIPRATICIENS,MEDECIN
IR_SPE_D,1,MEDECIN,,31,1,MEDECINE PHYSIQUE ET DE READAPTATION,1,MEDECINS OMNIPRATICIENS,2,MEDECINS SPECIALISTES,2,MEDECINS SPECIALISTES,MEDECIN
IR_SPE_D,1,MEDECIN,,32,1,NEUROLOGIE,1,MEDECINS OMNIPRATICIENS,3,"PSYCHIATRES, NEUROPSYCHIATRES",2,MEDECINS SPECIALISTES,MEDECIN
IR_SPE_D,1,MEDECIN,,33,1,PSYCHIATRIE GENERALE,1,MEDECINS OMNIPRATICIENS,3,"PSYCHIATRES, NEUROPSYCHIATRES",2,MEDECINS SPECIALISTES,MEDECIN
IR_SPE_D,1,MEDECIN,,34,1,GERIATRIE,1,MEDECINS OMNIPRATICIENS,2,MEDECINS SPECIALISTES,2,MEDECINS SPECIALISTES,MEDECIN
IR_SPE_D,1,MEDECIN,,35,1,NEPHROLOGIE,1,MEDECINS OMNIPRATICIENS,2,MEDECINS SPECIALISTES,2,MEDECINS SPECIALISTES,MEDECIN
IR_SPE_D,4,DENTISTE (EX : SPECIALISTE O.D.F.),,36,4,CHIRURGIE DENTAIRE (SPECIALISTE O.D.F.),4,DENTISTES,5,DENTISTES,5,DENTISTES,DENTISTE
IR_SPE_D,1,MEDECIN,,37,1,ANATOMIE-CYTOLOGIE-PATHOLOGIQUE,1,MEDECINS OMNIPRATICIENS,2,MEDECINS SPECIALISTES,2,MEDECINS SPECIALISTES,MEDECIN
IR_SPE_D,1,MEDECIN,,38,1,DIRECTEUR LABORATOIRE MEDECIN,1,MEDECINS OMNIPRATICIENS,2,MEDECINS SPECIALISTES,2,MEDECINS SPECIALISTES,MEDECIN
IR_SPE_D,1,MEDECIN,,41,1,CHIRURGIE ORTHOPEDIQUE ET TRAUMATOLOGIE,1,MEDECINS OMNIPRATICIENS,2,MEDECINS SPECIALISTES,2,MEDECINS SPECIALISTES,MEDECIN
IR_SPE_D,1,MEDECIN,,42,1,ENDOCRINOLOGIE ET METABOLISMES,1,MEDECINS OMNIPRATICIENS,2,MEDECINS SPECIALISTES,2,MEDECINS SPECIALISTES,MEDECIN
IR_SPE_D,1,MEDECIN,,43,1,CHIRURGIE INFANTILE,1,MEDECINS OMNIPRATICIENS,2,MEDECINS SPECIALISTES,2,MEDECINS SPECIALISTES,MEDECIN
IR_SPE_D,1,MEDECIN,,44,1,CHIRURGIE MAXILLO-FACIALE,1,MEDECINS OMNIPRATICIENS,2,MEDECINS SPECIALISTES,2,MEDECINS SPECIALISTES,MEDECIN
IR_SPE_D,1,MEDECIN,,45,1,CHIRURGIE MAXILLO-FACIALE ET STOMATOLOGIE,1,MEDECINS OMNIPRATICIENS,2,MEDECINS SPECIALISTES,2,MEDECINS SPECIALISTES,MEDECIN
IR_SPE_D,1,MEDECIN,,46,1,CHIRURGIE PLASTIQUE RECONSTRUCTRICE  ET ESTHETIQUE,1,MEDECINS OMNIPRATICIENS,2,MEDECINS SPECIALISTES,2,MEDECINS SPECIALISTES,MEDECIN
IR_SPE_D,1,MEDECIN,,47,1,CHIRURGIE THORACIQUE ET CARDIO-VASCULAIRE,1,MEDECINS OMNIPRATICIENS,2,MEDECINS SPECIALISTES,2,MEDECINS SPECIALISTES,MEDECIN
IR_SPE_D,1,MEDECIN,,48,1,CHIRURGIE VASCULAIRE,1,MEDECINS OMNIPRATICIENS,2,MEDECINS SPECIALISTES,2,MEDECINS SPECIALISTES,MEDECIN
IR_SPE_D,1,MEDECIN,,49,1,CHIRURGIE VISCERALE ET DIGESTIVE,1,MEDECINS OMNIPRATICIENS,2,MEDECINS SPECIALISTES,2,MEDECINS SPECIALISTES,MEDECIN
IR_SPE_D,1,MEDECIN,,69,1,CHIRURGIE ORALE,1,MEDECINS OMNIPRATICIENS,2,MEDECINS SPECIALISTES,2,MEDECINS SPECIALISTES,MEDECIN
IR_SPE_D,1,MEDECIN,,70,1,GYNECOLOGIE MEDICALE,1,MEDECINS OMNIPRATICIENS,2,MEDECINS SPECIALISTES,2,MEDECINS SPECIALISTES,MEDECIN
IR_SPE_D,1,MEDECIN,,71,1,HEMATOLOGIE,1,MEDECINS OMNIPRATICIENS,2,MEDECINS SPECIALISTES,2,MEDECINS SPECIALISTES,MEDECIN
IR_SPE_D,1,MEDECIN,,72,1,MEDECINE NUCLEAIRE,1,MEDECINS OMNIPRATICIENS,2,MEDECINS SPECIALISTES,2,MEDECINS SPECIALISTES,MEDECIN
IR_SPE_D,1,MEDECIN,,73,1,ONCOLOGIE MEDICALE,1,MEDECINS OMNIPRATICIENS,2,MEDECINS SPECIALISTES,2,MEDECINS SPECIALISTES,MEDECIN
IR_SPE_D,1,MEDECIN,,74,1,ONCOLOGIE RADIOTHERAPIQUE,1,MEDECINS OMNIPRATICIENS,2,MEDECINS SPECIALISTES,2,MEDECINS SPECIALISTES,MEDECIN
IR_SPE_D,1,MEDECIN,,75,1,PSYCHIATRIE DE L ENFANT ET DE L ADOLESCENT,1,MEDECINS OMNIPRATICIENS,3,"PSYCHIATRES, NEUROPSYCHIATRES",2,MEDECINS SPECIALISTES,MEDECIN
IR_SPE_D,1,MEDECIN,,76,1,RADIOTHERAPIE,1,MEDECINS OMNIPRATICIENS,2,MEDECINS SPECIALISTES,2,MEDECINS SPECIALISTES,MEDECIN
IR_SPE_D,1,MEDECIN,,77,1,OBSTETRIQUE,1,MEDECINS OMNIPRATICIENS,2,MEDECINS SPECIALISTES,2,MEDECINS SPECIALISTES,MEDECIN
IR_SPE_D,1,MEDECIN,,78,1,GENETIQUE MEDICALE,1,MEDECINS OMNIPRATICIENS,2,MEDECINS SPECIALISTES,2,MEDECINS SPECIALISTES,MEDECIN
IR_SPE_D,1,MEDECIN,,79,1,GYNECOLOGIE OBSTETRIQUE ET GYNECOLOGIE MEDICALE,1,MEDECINS OMNIPRATICIENS,2,MEDECINS SPECIALISTES,2,MEDECINS SPECIALISTES,MEDECIN
IR_SPE_D,1,MEDECIN,,80,1,SANTE PUBLIQUE ET MEDECINE SOCIALE,1,MEDECINS OMNIPRATICIENS,2,MEDECINS SPECIALISTES,2,MEDECINS SPECIALISTES,MEDECIN
IR_SPE_D,1,MEDECIN,,81,1,MEDECINE DES MALADIES INFECTIEUESES ET TROPICALES,1,MEDECINS OMNIPRATICIENS,1,MEDECINS OMNIPRATICIENS,1,MEDECINS OMNIPRATICIENS,MEDECIN
IR_SPE_D,1,MEDECIN,,82,1,MEDECINE LEGALE ET EXPERTISES MEDICALES,1,MEDECINS OMNIPRATICIENS,1,MEDECINS OMNIPRATICIENS,1,MEDECINS OMNIPRATICIENS,MEDECIN
IR_SPE_D,1,MEDECIN,,83,1,MEDECINE D'URGENCE,1,MEDECINS OMNIPRATICIENS,1,MEDECINS OMNIPRATICIENS,1,MEDECINS OMNIPRATICIENS,MEDECIN
IR_SPE_D,1,MEDECIN,,84,1,MEDECINE VASCULAIRE,1,MEDECINS OMNIPRATICIENS,1,MEDECINS OMNIPRATICIENS,1,MEDECINS OMNIPRATICIENS,MEDECIN
IR_SPE_D,1,MEDECIN,,85,1,ALLERGOLOGIE,1,MEDECINS OMNIPRATICIENS,1,MEDECINS OMNIPRATICIENS,1,MEDECINS OMNIPRATICIENS,MEDECIN
IR_SPE_D,9,ORTHOPTISTE - ORTHOPHONISTE,,99,99,NON RENSEIGNE,9,VALEUR INCONNUE,0,NON RENSEIGNE,0,NON RENSEIGNE,VALEUR INCONNUE
