nom_table,TEC_COL,CPT_COP_NUM,SAN_CEN_COD,SAN_CEN_LIB
IR_SAN_V,0,,124,CENTRE DE SANTE
IR_SAN_V,0,,125,CENTRES DENTAIRES
IR_SAN_V,0,,130,CENTRES DE SOINS MEDICAUX
IR_SAN_V,0,,132,C.T.S.
IR_SAN_V,0,,142,DISPENSAIRES ANTI TUBERCULEUX
IR_SAN_V,0,,223,PMI
IR_SAN_V,0,,224,CONSULTATIONS PRE ET POSTNATALES
IR_SAN_V,0,,228,CENTRES DE PLANNING FAMILIAL
IR_SAN_V,0,,230,CONSULTATIONS DE PROTECTION INFANTILE
IR_SAN_V,0,,268,CENTRES MEDICO SCOLAIRE
IR_SAN_V,0,,269,CENTRES DE MEDECINE UNIVERSITAIRE
IR_SAN_V,0,,289,CENTRES DE SOINS INFIRMIERS
IR_SAN_V,0,,297,DISPENSAIRES POLYVALENTS
IR_SAN_V,0,,328,CENTRE DE CONSULTATION ET SOINS DENTAIRES (H. PUBLIC)
IR_SAN_V,0,,347,CENTRES D EXAMEN DE SANTE
IR_SAN_V,0,,439,CENTRES DE SANTE POLYVALENT
