nom_table,TEC_COL,CPT_COP_NUM,PRS_NAT_STA,PRS_NAT_PNE,NAT_STA_LIB
IR_STA_V,2,,0,0,SANS OBJET
IR_STA_V,0,,1,1,HONORAIRES
IR_STA_V,0,,2,1,PRESCRIPTIONS
IR_STA_V,0,,3,1,AUTRES PRESTATIONS (dont CMU)
IR_STA_V,0,,4,2,PRESTATIONS EN ESPECES
IR_STA_V,0,,5,1,VERSEMENTS AUX ETABLISSEMENTS
IR_STA_V,0,,6,1,BUDGET GLOBAL
IR_STA_V,0,,7,2,DECES
IR_STA_V,0,,8,2,INVALIDITE
IR_STA_V,0,,9,1,CHARGES TECHNIQUES
IR_STA_V,0,,10,2,RENTES
IR_STA_V,0,,11,1,IVG
IR_STA_V,0,,12,3,ACTION SANITAIRE ET SOCIALE
IR_STA_V,0,,13,3,PREVENTION
IR_STA_V,1,,99,9,VALEUR INCONNUE
