nom_table,TEC_COL,CPT_COP_NUM,DDP_SPE_COD,DDP_SPE_LIB
IR_SPD_V,2,,0,SANS OBJET
IR_SPD_V,0,,11,MEDECINE GENERALE - PEDIATRIE - URGENCE MEDICALE
IR_SPD_V,0,,12,SPECIALITES MEDICALES
IR_SPD_V,0,,13,REANIMATION ET SURVEILLANCE CONTINUE
IR_SPD_V,0,,14,DIALYSE
IR_SPD_V,0,,15,INSUFFISANCE RESPIRATOIRE
IR_SPD_V,0,,16,SCANNER ET IRMN
IR_SPD_V,0,,21,CHIRURGIE GENERALE INFANTILE ET URGENCE CHIRURGICALE
IR_SPD_V,0,,22,SPECIALITES CHIRURGICALES
IR_SPD_V,0,,23,REANIMATION ET SURVEILLANCE CONTINUE CHIRURGICALE
IR_SPD_V,0,,30,GYNECOLOGIE OBSTETRIQUE IVG STERILITE
IR_SPD_V,0,,41,MALADIE A EVOLUTION PROLONGEE
IR_SPD_V,0,,42,CONVALESCENCE-REPOS-REGIME CURE MEDICALE (POUR PERSONNES AGEES NOTAMMENT)
IR_SPD_V,0,,43,REEDUCATION FONCTIONNELLE READAPTATION
IR_SPD_V,0,,44,CURES THERMALES
IR_SPD_V,0,,45,POST-CURES (POUR ALCOOLIQUES)
IR_SPD_V,0,,46,LUTTE CONTRE LA TUBERCULOSE ET LES MALADIES RESPIRATOIRES
IR_SPD_V,0,,47,CURES MEDICALES POUR ENFANTS
IR_SPD_V,0,,48,CURES MEDICALES SPECIALISEES
IR_SPD_V,0,,50,LONG SEJOUR
IR_SPD_V,0,,60,LUTTE CONTRE LES MALADIES MENTALES - TOXICOMANIES
IR_SPD_V,0,,71,DISCIPLINE POUR AUTORISATION DE SUPPLEMENT
IR_SPD_V,0,,72,DISCIPLINE POUR AUTORISATION DE SUPPLEMENT
IR_SPD_V,0,,81,"EDUCATION SPECIALE ET PROFESSIONNELLE POUR DEFICIENTS MENTAUX, CARACTERIELS, POLYHANDICAPES ET AUTRES"
IR_SPD_V,0,,82,EDUCATION SPECIALE POUR DEFICIENTS MOTEURS
IR_SPD_V,0,,83,EDUCATION SPECIALE POUR DEFICIENTS SENSORIELS
IR_SPD_V,0,,84,ACTION MEDICO-SOCIALE PRECOCE
IR_SPD_V,0,,85,PRESTATIONS MEDICO-PEDAGOGIQUES
IR_SPD_V,0,,86,AUTRES PRESTATIONS MEDICO-SOCIALES POUR L ENFANCE HANDICAPEE
IR_SPD_V,0,,91,"REINSERTION, REEDUCATION PROFESSIONNELLE ET PREORIENTATION"
IR_SPD_V,0,,92,ACCUEIL SPECIALISE
IR_SPD_V,0,,93,AUTRES PRESTATIONS MEDICO-SOCIALES POUR ADULTES HANDICAPES
IR_SPD_V,0,,101,PRESTATIONS SANITAIRES AUX PERSONNES AGEES EN ETABLISSEMENT D HEBERGEMENT
IR_SPD_V,0,,102,AUTRES PRESTATIONS PERSONNES AGEES
IR_SPD_V,0,,110,PRESTATIONS MEDICO-SOCIALES
IR_SPD_V,1,,121,INDIFFERENCIEES
