nom_table,TEC_COL,SPE_LIB_SNI,CPT_COP_NUM,PFS_SPE_COD,PFS_SPE_LIB,PFS_SPE_STA,PFS_SPE_POS,SPE_POS_LIB,PFS_SPE_OMS,SPE_OMS_LIB
IR_SPE_V,2,NON RENSEIGNE,,0,NON RENSEIGNE,9,0,NON RENSEIGNE,0,NON RENSEIGNE
IR_SPE_V,0,MEDECINE GENERALE,,1,MEDECINE GENERALE,1,1,MEDECINS OMNIPRATICIENS,1,MEDECINS OMNIPRATICIENS
IR_SPE_V,0,ANESTHESIE REANIMAT. CHIR.,,2,ANESTHESIOLOGIE - REANIMATION CHIRURGICALE,1,2,MEDECINS SPECIALISTES,2,MEDECINS SPECIALISTES
IR_SPE_V,0,PATHOL. CARDIO-VASCULAIRE,,3,PATHOLOGIE CARDIO-VASCULAIRE,1,2,MEDECINS SPECIALISTES,2,MEDECINS SPECIALISTES
IR_SPE_V,0,CHIRURGIE GENERALE,,4,CHIRURGIE GENERALE,1,2,MEDECINS SPECIALISTES,2,MEDECINS SPECIALISTES
IR_SPE_V,0,DERMATOLOGIE VENEREOLOGIE,,5,DERMATOLOGIE ET VENEROLOGIE,1,2,MEDECINS SPECIALISTES,2,MEDECINS SPECIALISTES
IR_SPE_V,0,RADIODIAGNOSTIC IMAGERIE,,6,RADIODIAGNOSTIC ET IMAGERIE MEDICALE,1,2,MEDECINS SPECIALISTES,2,MEDECINS SPECIALISTES
IR_SPE_V,0,GYNECOLOGIE OBSTETRIQUE,,7,GYNECOLOGIE OBSTETRIQUE,1,2,MEDECINS SPECIALISTES,2,MEDECINS SPECIALISTES
IR_SPE_V,0,GASTRO-ENTEROLOGIE HEPAT.,,8,GASTRO-ENTEROLOGIE ET HEPATOLOGIE,1,2,MEDECINS SPECIALISTES,2,MEDECINS SPECIALISTES
IR_SPE_V,0,MEDECINE INTERNE,,9,MEDECINE INTERNE,1,2,MEDECINS SPECIALISTES,2,MEDECINS SPECIALISTES
IR_SPE_V,0,NEURO-CHIRURGIE,,10,NEUROCHIRURGIE,1,2,MEDECINS SPECIALISTES,2,MEDECINS SPECIALISTES
IR_SPE_V,0,OTO-RHINO-LARYNGOLOGIE,,11,OTO RHINO-LARYNGOLOGIE,1,2,MEDECINS SPECIALISTES,2,MEDECINS SPECIALISTES
IR_SPE_V,0,PEDIATRIE,,12,PEDIATRIE,1,2,MEDECINS SPECIALISTES,2,MEDECINS SPECIALISTES
IR_SPE_V,0,PNEUMOLOGIE,,13,PNEUMOLOGIE,1,2,MEDECINS SPECIALISTES,2,MEDECINS SPECIALISTES
IR_SPE_V,0,RHUMATOLOGIE,,14,RHUMATOLOGIE,1,2,MEDECINS SPECIALISTES,2,MEDECINS SPECIALISTES
IR_SPE_V,0,OPHTALMOLOGIE,,15,OPHTALMOLOGIE,1,2,MEDECINS SPECIALISTES,2,MEDECINS SPECIALISTES
IR_SPE_V,0,CHIRURGIE UROLOGIQUE,,16,CHIRURGIE UROLOGIQUE,1,2,MEDECINS SPECIALISTES,2,MEDECINS SPECIALISTES
IR_SPE_V,0,NEUROPSYCHIATRIE,,17,NEUROPSYCHIATRIE,1,3,"PSYCHIATRES, NEUROPSYCHIATRES",2,MEDECINS SPECIALISTES
IR_SPE_V,0,STOMATOLOGIE,,18,STOMATOLOGIE,1,2,MEDECINS SPECIALISTES,2,MEDECINS SPECIALISTES
IR_SPE_V,0,REANIMATION INTENSIVE MEDICALE,,20,REANIMATION INTENSIVE MEDICALE,1,2,MEDECINS SPECIALISTES,2,MEDECINS SPECIALISTES
IR_SPE_V,0,SPEC.MEDECINE GENERALE DIP,,22,SPECIALISTE EN MEDECINE GENERALE AVEC DIPL�ME,1,1,MEDECINS OMNIPRATICIENS,1,MEDECINS OMNIPRATICIENS
IR_SPE_V,0,SPEC.MEDECINE GENERALE REC,,23,SPECIALITE EN MED. GENERALE RECONNUE PAR L'ORDRE,1,1,MEDECINS OMNIPRATICIENS,1,MEDECINS OMNIPRATICIENS
IR_SPE_V,0,MED. PHYSIQUE READAPTATION,,31,MEDECINE PHYSIQUE ET DE READAPTATION,1,2,MEDECINS SPECIALISTES,2,MEDECINS SPECIALISTES
IR_SPE_V,0,NEUROLOGIE,,32,NEUROLOGIE,1,3,"PSYCHIATRES, NEUROPSYCHIATRES",2,MEDECINS SPECIALISTES
IR_SPE_V,0,PSYCHIATRIE GENERALE,,33,PSYCHIATRIE GENERALE,1,3,"PSYCHIATRES, NEUROPSYCHIATRES",2,MEDECINS SPECIALISTES
IR_SPE_V,0,GERIATRIE,,34,GERIATRIE,1,2,MEDECINS SPECIALISTES,2,MEDECINS SPECIALISTES
IR_SPE_V,0,NEPHROLOGIE,,35,NEPHROLOGIE,1,2,MEDECINS SPECIALISTES,2,MEDECINS SPECIALISTES
IR_SPE_V,0,CHIR. DENTAIRE SPEC.O.D.F.,,36,CHIRURGIE DENTAIRE (SPECIALISTE O.D.F.),4,5,DENTISTES,5,DENTISTES
IR_SPE_V,0,ANATOM.CYTOL.PATHOLOGIQUES,,37,ANATOMIE-CYTOLOGIE-PATHOLOGIQUE,1,2,MEDECINS SPECIALISTES,2,MEDECINS SPECIALISTES
IR_SPE_V,0,DIRECT.LABORATOIRE MEDECIN,,38,DIRECTEUR LABORATOIRE MEDECIN,1,2,MEDECINS SPECIALISTES,2,MEDECINS SPECIALISTES
IR_SPE_V,0,CHIRURGIE ORTHOPEDIQUE,,41,CHIRURGIE ORTHOPEDIQUE ET TRAUMATOLOGIE,1,2,MEDECINS SPECIALISTES,2,MEDECINS SPECIALISTES
IR_SPE_V,0,ENDOCRINOLOGIE METABOLISME,,42,ENDOCRINOLOGIE ET METABOLISMES,1,2,MEDECINS SPECIALISTES,2,MEDECINS SPECIALISTES
IR_SPE_V,0,CHIRURGIE INFANTILE,,43,CHIRURGIE INFANTILE,1,2,MEDECINS SPECIALISTES,2,MEDECINS SPECIALISTES
IR_SPE_V,0,CHIRURGIE MAXILLO-FACIALE,,44,CHIRURGIE MAXILLO-FACIALE,1,2,MEDECINS SPECIALISTES,2,MEDECINS SPECIALISTES
IR_SPE_V,0,CHIR.MAXILLOFACIALE STOMAT,,45,CHIRURGIE MAXILLO-FACIALE ET STOMATOLOGIE,1,2,MEDECINS SPECIALISTES,2,MEDECINS SPECIALISTES
IR_SPE_V,0,CHIR.PLASTIQUE ESTHETIQUE,,46,CHIRURGIE PLASTIQUE RECONSTRUCTRICE  ET ESTHETIQUE,1,2,MEDECINS SPECIALISTES,2,MEDECINS SPECIALISTES
IR_SPE_V,0,CHIR.THORAC. CARDIOVASCUL.,,47,CHIRURGIE THORACIQUE ET CARDIO-VASCULAIRE,1,2,MEDECINS SPECIALISTES,2,MEDECINS SPECIALISTES
IR_SPE_V,0,CHIRURGIE VASCULAIRE,,48,CHIRURGIE VASCULAIRE,1,2,MEDECINS SPECIALISTES,2,MEDECINS SPECIALISTES
IR_SPE_V,0,CHIR. VISCERALE DIGESTIVE,,49,CHIRURGIE VISCERALE ET DIGESTIVE,1,2,MEDECINS SPECIALISTES,2,MEDECINS SPECIALISTES
IR_SPE_V,0,CHIRURGIE ORALE,,69,CHIRURGIE ORALE,1,2,MEDECINS SPECIALISTES,2,MEDECINS SPECIALISTES
IR_SPE_V,0,GYNECOLOGIE MEDICALE,,70,GYNECOLOGIE MEDICALE,1,2,MEDECINS SPECIALISTES,2,MEDECINS SPECIALISTES
IR_SPE_V,0,HEMATOLOGIE,,71,HEMATOLOGIE,1,2,MEDECINS SPECIALISTES,2,MEDECINS SPECIALISTES
IR_SPE_V,0,MEDECINE NUCLEAIRE,,72,MEDECINE NUCLEAIRE,1,2,MEDECINS SPECIALISTES,2,MEDECINS SPECIALISTES
IR_SPE_V,0,ONCOLOGIE MEDICALE,,73,ONCOLOGIE MEDICALE,1,2,MEDECINS SPECIALISTES,2,MEDECINS SPECIALISTES
IR_SPE_V,0,ONCOLOGIE RADIOTHERAPIQUE,,74,ONCOLOGIE RADIOTHERAPIQUE,1,2,MEDECINS SPECIALISTES,2,MEDECINS SPECIALISTES
IR_SPE_V,0,PSYCHIATRIE ENFANT ADOLESC,,75,PSYCHIATRIE DE L ENFANT ET DE L ADOLESCENT,1,3,"PSYCHIATRES, NEUROPSYCHIATRES",2,MEDECINS SPECIALISTES
IR_SPE_V,0,RADIOTHERAPIE,,76,RADIOTHERAPIE,1,2,MEDECINS SPECIALISTES,2,MEDECINS SPECIALISTES
IR_SPE_V,0,OBSTETRIQUE,,77,OBSTETRIQUE,1,2,MEDECINS SPECIALISTES,2,MEDECINS SPECIALISTES
IR_SPE_V,0,GENETIQUE MEDICALE,,78,GENETIQUE MEDICALE,1,2,MEDECINS SPECIALISTES,2,MEDECINS SPECIALISTES
IR_SPE_V,0,GYNEC.OBSTETRIQUE MEDICALE,,79,GYNECOLOGIE OBSTETRIQUE ET GYNECOLOGIE MEDICALE,1,2,MEDECINS SPECIALISTES,2,MEDECINS SPECIALISTES
IR_SPE_V,0,SANTE PUBLIQUE MED.SOCIALE,,80,SANTE PUBLIQUE ET MEDECINE SOCIALE,1,2,MEDECINS SPECIALISTES,2,MEDECINS SPECIALISTES
IR_SPE_V,0,MAL. INFECTIEUSE TROPICALE,,81,MEDECINE DES MALADIES INFECTIEUESES ET TROPICALES,1,1,MEDECINS OMNIPRATICIENS,1,MEDECINS OMNIPRATICIENS
IR_SPE_V,0,MED. LEGALE ET EXPERTISES,,82,MEDECINE LEGALE ET EXPERTISES MEDICALES,1,1,MEDECINS OMNIPRATICIENS,1,MEDECINS OMNIPRATICIENS
IR_SPE_V,0,MEDECINE D'URGENCE,,83,MEDECINE D'URGENCE,1,1,MEDECINS OMNIPRATICIENS,1,MEDECINS OMNIPRATICIENS
IR_SPE_V,0,MEDECINE VASCULAIRE,,84,MEDECINE VASCULAIRE,1,1,MEDECINS OMNIPRATICIENS,1,MEDECINS OMNIPRATICIENS
IR_SPE_V,0,ALLERGOLOGIE,,85,ALLERGOLOGIE,1,1,MEDECINS OMNIPRATICIENS,1,MEDECINS OMNIPRATICIENS
IR_SPE_V,1,NON RENSEIGNE,,99,NON RENSEIGNE,9,0,NON RENSEIGNE,0,NON RENSEIGNE
