nom_table,CPT_COP_NUM,MFT_COD,ETB_STJ_COD,ETB_TYP_COD
IR_STJ_MFT_C,,15,99,4
IR_STJ_MFT_C,,16,40,6
IR_STJ_MFT_C,,16,41,6
IR_STJ_MFT_C,,16,42,6
IR_STJ_MFT_C,,16,43,6
IR_STJ_MFT_C,,16,44,6
IR_STJ_MFT_C,,16,45,6
IR_STJ_MFT_C,,16,46,6
IR_STJ_MFT_C,,16,47,6
IR_STJ_MFT_C,,16,48,6
IR_STJ_MFT_C,,16,49,6
IR_STJ_MFT_C,,16,50,6
IR_STJ_MFT_C,,16,51,6
IR_STJ_MFT_C,,16,52,6
IR_STJ_MFT_C,,16,60,6
IR_STJ_MFT_C,,16,61,6
IR_STJ_MFT_C,,16,62,6
IR_STJ_MFT_C,,16,63,6
IR_STJ_MFT_C,,16,64,6
IR_STJ_MFT_C,,16,65,6
IR_STJ_MFT_C,,16,70,4
IR_STJ_MFT_C,,16,71,4
IR_STJ_MFT_C,,16,72,4
IR_STJ_MFT_C,,16,73,4
IR_STJ_MFT_C,,16,74,4
IR_STJ_MFT_C,,16,75,4
IR_STJ_MFT_C,,16,76,4
IR_STJ_MFT_C,,16,77,4
IR_STJ_MFT_C,,16,78,4
IR_STJ_MFT_C,,16,79,4
IR_STJ_MFT_C,,16,85,4
IR_STJ_MFT_C,,16,86,4
IR_STJ_MFT_C,,16,87,4
IR_STJ_MFT_C,,16,88,4
IR_STJ_MFT_C,,16,89,4
IR_STJ_MFT_C,,16,90,4
IR_STJ_MFT_C,,16,95,4
IR_STJ_MFT_C,,16,99,4
IR_STJ_MFT_C,,17,1,1
IR_STJ_MFT_C,,17,2,1
IR_STJ_MFT_C,,17,3,1
IR_STJ_MFT_C,,17,4,1
IR_STJ_MFT_C,,17,5,1
IR_STJ_MFT_C,,17,6,1
IR_STJ_MFT_C,,17,10,1
IR_STJ_MFT_C,,17,11,1
IR_STJ_MFT_C,,17,12,1
IR_STJ_MFT_C,,17,13,1
IR_STJ_MFT_C,,17,14,1
IR_STJ_MFT_C,,17,15,1
IR_STJ_MFT_C,,17,16,1
IR_STJ_MFT_C,,17,17,1
IR_STJ_MFT_C,,17,18,1
IR_STJ_MFT_C,,17,19,1
IR_STJ_MFT_C,,17,20,1
IR_STJ_MFT_C,,17,21,1
IR_STJ_MFT_C,,17,22,1
IR_STJ_MFT_C,,17,23,1
IR_STJ_MFT_C,,17,26,1
IR_STJ_MFT_C,,17,27,1
IR_STJ_MFT_C,,17,28,1
IR_STJ_MFT_C,,17,29,1
IR_STJ_MFT_C,,17,40,6
IR_STJ_MFT_C,,17,41,6
IR_STJ_MFT_C,,17,42,6
IR_STJ_MFT_C,,17,43,6
IR_STJ_MFT_C,,17,44,6
IR_STJ_MFT_C,,17,45,6
IR_STJ_MFT_C,,17,46,6
IR_STJ_MFT_C,,17,47,6
IR_STJ_MFT_C,,17,48,6
IR_STJ_MFT_C,,17,49,6
IR_STJ_MFT_C,,17,50,6
IR_STJ_MFT_C,,17,51,6
IR_STJ_MFT_C,,17,52,6
IR_STJ_MFT_C,,17,60,6
IR_STJ_MFT_C,,17,61,6
IR_STJ_MFT_C,,17,62,6
IR_STJ_MFT_C,,17,63,6
IR_STJ_MFT_C,,17,64,6
IR_STJ_MFT_C,,17,65,6
IR_STJ_MFT_C,,17,99,4
IR_STJ_MFT_C,,18,1,1
IR_STJ_MFT_C,,18,2,1
IR_STJ_MFT_C,,18,3,1
IR_STJ_MFT_C,,18,4,1
IR_STJ_MFT_C,,18,5,1
IR_STJ_MFT_C,,18,6,1
IR_STJ_MFT_C,,18,10,1
IR_STJ_MFT_C,,18,11,1
IR_STJ_MFT_C,,18,12,1
IR_STJ_MFT_C,,18,13,1
IR_STJ_MFT_C,,18,14,1
IR_STJ_MFT_C,,18,15,1
IR_STJ_MFT_C,,18,16,1
IR_STJ_MFT_C,,18,17,1
IR_STJ_MFT_C,,18,18,1
IR_STJ_MFT_C,,18,19,1
IR_STJ_MFT_C,,18,20,1
IR_STJ_MFT_C,,18,21,1
IR_STJ_MFT_C,,18,22,1
IR_STJ_MFT_C,,18,23,1
IR_STJ_MFT_C,,18,26,1
IR_STJ_MFT_C,,18,27,1
IR_STJ_MFT_C,,18,28,1
IR_STJ_MFT_C,,18,29,1
IR_STJ_MFT_C,,18,40,6
IR_STJ_MFT_C,,18,41,6
IR_STJ_MFT_C,,18,42,6
IR_STJ_MFT_C,,18,43,6
IR_STJ_MFT_C,,18,44,6
IR_STJ_MFT_C,,18,45,6
IR_STJ_MFT_C,,18,46,6
IR_STJ_MFT_C,,18,47,6
IR_STJ_MFT_C,,18,48,6
IR_STJ_MFT_C,,18,49,6
IR_STJ_MFT_C,,18,50,6
IR_STJ_MFT_C,,18,51,6
IR_STJ_MFT_C,,18,52,6
IR_STJ_MFT_C,,18,60,6
IR_STJ_MFT_C,,18,61,6
IR_STJ_MFT_C,,18,62,6
IR_STJ_MFT_C,,18,63,6
IR_STJ_MFT_C,,18,64,6
IR_STJ_MFT_C,,18,65,6
IR_STJ_MFT_C,,18,70,4
IR_STJ_MFT_C,,18,71,4
IR_STJ_MFT_C,,18,72,4
IR_STJ_MFT_C,,18,73,4
IR_STJ_MFT_C,,18,74,4
IR_STJ_MFT_C,,18,75,4
IR_STJ_MFT_C,,18,76,4
IR_STJ_MFT_C,,18,77,4
IR_STJ_MFT_C,,18,78,4
IR_STJ_MFT_C,,18,79,4
IR_STJ_MFT_C,,18,85,4
IR_STJ_MFT_C,,18,86,4
IR_STJ_MFT_C,,18,87,4
IR_STJ_MFT_C,,18,88,4
IR_STJ_MFT_C,,18,89,4
IR_STJ_MFT_C,,18,90,4
IR_STJ_MFT_C,,18,95,4
IR_STJ_MFT_C,,18,99,1
IR_STJ_MFT_C,,19,1,1
IR_STJ_MFT_C,,19,2,1
IR_STJ_MFT_C,,19,3,1
IR_STJ_MFT_C,,19,4,1
IR_STJ_MFT_C,,19,5,1
IR_STJ_MFT_C,,19,6,1
IR_STJ_MFT_C,,19,10,1
IR_STJ_MFT_C,,19,11,1
IR_STJ_MFT_C,,19,12,1
IR_STJ_MFT_C,,19,13,1
IR_STJ_MFT_C,,19,14,1
IR_STJ_MFT_C,,19,15,1
IR_STJ_MFT_C,,19,16,1
IR_STJ_MFT_C,,19,17,1
IR_STJ_MFT_C,,19,18,1
IR_STJ_MFT_C,,19,19,1
IR_STJ_MFT_C,,19,20,1
IR_STJ_MFT_C,,19,21,1
IR_STJ_MFT_C,,19,22,1
IR_STJ_MFT_C,,19,23,1
IR_STJ_MFT_C,,19,26,1
IR_STJ_MFT_C,,19,27,1
IR_STJ_MFT_C,,19,28,1
IR_STJ_MFT_C,,19,29,1
IR_STJ_MFT_C,,19,40,6
IR_STJ_MFT_C,,19,41,6
IR_STJ_MFT_C,,19,42,6
IR_STJ_MFT_C,,19,43,6
IR_STJ_MFT_C,,19,44,6
IR_STJ_MFT_C,,19,45,6
IR_STJ_MFT_C,,19,46,6
IR_STJ_MFT_C,,19,47,6
IR_STJ_MFT_C,,19,48,6
IR_STJ_MFT_C,,19,49,6
IR_STJ_MFT_C,,19,50,6
IR_STJ_MFT_C,,19,51,6
IR_STJ_MFT_C,,19,52,6
IR_STJ_MFT_C,,19,60,6
IR_STJ_MFT_C,,19,61,6
IR_STJ_MFT_C,,19,62,6
IR_STJ_MFT_C,,19,63,6
IR_STJ_MFT_C,,19,64,6
IR_STJ_MFT_C,,19,65,6
IR_STJ_MFT_C,,19,70,4
IR_STJ_MFT_C,,19,71,4
IR_STJ_MFT_C,,19,72,4
IR_STJ_MFT_C,,19,73,4
IR_STJ_MFT_C,,19,74,4
IR_STJ_MFT_C,,19,75,4
IR_STJ_MFT_C,,19,76,4
IR_STJ_MFT_C,,19,77,4
IR_STJ_MFT_C,,19,78,4
IR_STJ_MFT_C,,19,79,4
IR_STJ_MFT_C,,19,85,4
IR_STJ_MFT_C,,19,86,4
IR_STJ_MFT_C,,19,87,4
IR_STJ_MFT_C,,19,88,4
IR_STJ_MFT_C,,19,89,4
IR_STJ_MFT_C,,19,90,4
IR_STJ_MFT_C,,19,95,4
IR_STJ_MFT_C,,19,99,1
IR_STJ_MFT_C,,20,1,1
IR_STJ_MFT_C,,20,2,1
IR_STJ_MFT_C,,20,3,1
IR_STJ_MFT_C,,20,4,1
IR_STJ_MFT_C,,20,5,1
IR_STJ_MFT_C,,20,6,1
IR_STJ_MFT_C,,20,10,1
IR_STJ_MFT_C,,20,11,1
IR_STJ_MFT_C,,20,12,1
IR_STJ_MFT_C,,20,13,1
IR_STJ_MFT_C,,20,14,1
IR_STJ_MFT_C,,41,21,1
IR_STJ_MFT_C,,41,22,1
IR_STJ_MFT_C,,41,23,1
IR_STJ_MFT_C,,41,26,1
IR_STJ_MFT_C,,41,27,1
IR_STJ_MFT_C,,41,28,1
IR_STJ_MFT_C,,41,29,1
IR_STJ_MFT_C,,41,40,6
IR_STJ_MFT_C,,41,41,6
IR_STJ_MFT_C,,41,42,6
IR_STJ_MFT_C,,41,43,6
IR_STJ_MFT_C,,41,44,6
IR_STJ_MFT_C,,41,45,6
IR_STJ_MFT_C,,41,46,6
IR_STJ_MFT_C,,41,47,6
IR_STJ_MFT_C,,41,48,6
IR_STJ_MFT_C,,41,49,6
IR_STJ_MFT_C,,41,50,6
IR_STJ_MFT_C,,41,51,6
IR_STJ_MFT_C,,41,52,6
IR_STJ_MFT_C,,41,60,6
IR_STJ_MFT_C,,41,61,6
IR_STJ_MFT_C,,41,62,6
IR_STJ_MFT_C,,41,63,6
IR_STJ_MFT_C,,41,64,6
IR_STJ_MFT_C,,41,65,6
IR_STJ_MFT_C,,41,70,4
IR_STJ_MFT_C,,41,71,4
IR_STJ_MFT_C,,41,72,4
IR_STJ_MFT_C,,41,73,4
IR_STJ_MFT_C,,41,74,4
IR_STJ_MFT_C,,41,75,4
IR_STJ_MFT_C,,41,76,4
IR_STJ_MFT_C,,41,77,4
IR_STJ_MFT_C,,41,78,4
IR_STJ_MFT_C,,41,79,4
IR_STJ_MFT_C,,41,85,4
IR_STJ_MFT_C,,41,86,4
IR_STJ_MFT_C,,41,87,4
IR_STJ_MFT_C,,41,88,4
IR_STJ_MFT_C,,41,89,4
IR_STJ_MFT_C,,41,90,4
IR_STJ_MFT_C,,41,95,4
IR_STJ_MFT_C,,41,99,4
IR_STJ_MFT_C,,42,1,1
IR_STJ_MFT_C,,42,2,1
IR_STJ_MFT_C,,42,3,1
IR_STJ_MFT_C,,42,4,1
IR_STJ_MFT_C,,42,5,1
IR_STJ_MFT_C,,42,6,1
IR_STJ_MFT_C,,42,10,1
IR_STJ_MFT_C,,42,11,1
IR_STJ_MFT_C,,42,12,1
IR_STJ_MFT_C,,42,13,1
IR_STJ_MFT_C,,42,14,1
IR_STJ_MFT_C,,42,15,1
IR_STJ_MFT_C,,42,16,1
IR_STJ_MFT_C,,42,17,1
IR_STJ_MFT_C,,42,18,1
IR_STJ_MFT_C,,42,19,1
IR_STJ_MFT_C,,42,20,1
IR_STJ_MFT_C,,42,21,1
IR_STJ_MFT_C,,42,22,1
IR_STJ_MFT_C,,42,23,1
IR_STJ_MFT_C,,42,26,1
IR_STJ_MFT_C,,42,27,1
IR_STJ_MFT_C,,42,28,1
IR_STJ_MFT_C,,42,29,1
IR_STJ_MFT_C,,42,40,6
IR_STJ_MFT_C,,42,41,6
IR_STJ_MFT_C,,42,42,6
IR_STJ_MFT_C,,42,43,6
IR_STJ_MFT_C,,42,44,6
IR_STJ_MFT_C,,42,45,6
IR_STJ_MFT_C,,42,46,6
IR_STJ_MFT_C,,42,47,6
IR_STJ_MFT_C,,42,48,6
IR_STJ_MFT_C,,42,49,6
IR_STJ_MFT_C,,42,50,6
IR_STJ_MFT_C,,42,51,6
IR_STJ_MFT_C,,42,52,6
IR_STJ_MFT_C,,42,60,6
IR_STJ_MFT_C,,42,61,6
IR_STJ_MFT_C,,42,62,6
IR_STJ_MFT_C,,42,63,6
IR_STJ_MFT_C,,42,64,6
IR_STJ_MFT_C,,42,65,6
IR_STJ_MFT_C,,42,70,4
IR_STJ_MFT_C,,42,71,4
IR_STJ_MFT_C,,42,72,4
IR_STJ_MFT_C,,42,73,4
IR_STJ_MFT_C,,42,74,4
IR_STJ_MFT_C,,42,75,4
IR_STJ_MFT_C,,42,76,4
IR_STJ_MFT_C,,42,77,4
IR_STJ_MFT_C,,42,78,4
IR_STJ_MFT_C,,42,79,4
IR_STJ_MFT_C,,42,85,4
IR_STJ_MFT_C,,42,86,4
IR_STJ_MFT_C,,42,87,4
IR_STJ_MFT_C,,42,88,4
IR_STJ_MFT_C,,42,89,4
IR_STJ_MFT_C,,42,90,4
IR_STJ_MFT_C,,42,95,4
IR_STJ_MFT_C,,42,99,4
IR_STJ_MFT_C,,43,1,1
IR_STJ_MFT_C,,43,2,1
IR_STJ_MFT_C,,43,3,1
IR_STJ_MFT_C,,43,4,1
IR_STJ_MFT_C,,43,5,1
IR_STJ_MFT_C,,43,6,1
IR_STJ_MFT_C,,43,10,1
IR_STJ_MFT_C,,43,11,1
IR_STJ_MFT_C,,43,12,1
IR_STJ_MFT_C,,43,13,1
IR_STJ_MFT_C,,43,14,1
IR_STJ_MFT_C,,43,15,1
IR_STJ_MFT_C,,43,16,1
IR_STJ_MFT_C,,43,17,1
IR_STJ_MFT_C,,43,18,1
IR_STJ_MFT_C,,43,19,1
IR_STJ_MFT_C,,43,20,1
IR_STJ_MFT_C,,43,21,1
IR_STJ_MFT_C,,43,22,1
IR_STJ_MFT_C,,43,23,1
IR_STJ_MFT_C,,43,26,1
IR_STJ_MFT_C,,43,27,1
IR_STJ_MFT_C,,43,28,1
IR_STJ_MFT_C,,43,29,1
IR_STJ_MFT_C,,43,40,6
IR_STJ_MFT_C,,43,41,6
IR_STJ_MFT_C,,43,42,6
IR_STJ_MFT_C,,43,43,6
IR_STJ_MFT_C,,43,44,6
IR_STJ_MFT_C,,43,45,6
IR_STJ_MFT_C,,43,46,6
IR_STJ_MFT_C,,43,47,6
IR_STJ_MFT_C,,43,48,6
IR_STJ_MFT_C,,43,49,6
IR_STJ_MFT_C,,43,50,6
IR_STJ_MFT_C,,43,51,6
IR_STJ_MFT_C,,43,52,6
IR_STJ_MFT_C,,43,60,6
IR_STJ_MFT_C,,43,61,6
IR_STJ_MFT_C,,43,62,6
IR_STJ_MFT_C,,43,63,6
IR_STJ_MFT_C,,43,64,6
IR_STJ_MFT_C,,43,65,6
IR_STJ_MFT_C,,43,70,4
IR_STJ_MFT_C,,43,71,4
IR_STJ_MFT_C,,43,72,4
IR_STJ_MFT_C,,43,73,4
IR_STJ_MFT_C,,43,74,4
IR_STJ_MFT_C,,43,75,4
IR_STJ_MFT_C,,43,76,4
IR_STJ_MFT_C,,43,77,4
IR_STJ_MFT_C,,43,78,4
IR_STJ_MFT_C,,43,79,4
IR_STJ_MFT_C,,43,85,4
IR_STJ_MFT_C,,43,86,4
IR_STJ_MFT_C,,43,87,4
IR_STJ_MFT_C,,43,88,4
IR_STJ_MFT_C,,43,89,4
IR_STJ_MFT_C,,43,90,4
IR_STJ_MFT_C,,43,95,4
IR_STJ_MFT_C,,43,99,4
IR_STJ_MFT_C,,44,1,1
IR_STJ_MFT_C,,44,2,1
IR_STJ_MFT_C,,44,3,1
IR_STJ_MFT_C,,44,4,1
IR_STJ_MFT_C,,44,5,1
IR_STJ_MFT_C,,44,6,1
IR_STJ_MFT_C,,44,10,1
IR_STJ_MFT_C,,44,11,1
IR_STJ_MFT_C,,44,12,1
IR_STJ_MFT_C,,44,13,1
IR_STJ_MFT_C,,44,14,1
IR_STJ_MFT_C,,44,15,1
IR_STJ_MFT_C,,44,16,1
IR_STJ_MFT_C,,44,17,1
IR_STJ_MFT_C,,44,18,1
IR_STJ_MFT_C,,44,19,1
IR_STJ_MFT_C,,44,20,1
IR_STJ_MFT_C,,44,21,1
IR_STJ_MFT_C,,44,22,1
IR_STJ_MFT_C,,44,23,1
IR_STJ_MFT_C,,44,26,1
IR_STJ_MFT_C,,44,27,1
IR_STJ_MFT_C,,44,28,1
IR_STJ_MFT_C,,44,29,1
IR_STJ_MFT_C,,44,40,6
IR_STJ_MFT_C,,44,41,6
IR_STJ_MFT_C,,44,42,6
IR_STJ_MFT_C,,44,43,6
IR_STJ_MFT_C,,44,44,6
IR_STJ_MFT_C,,44,45,6
IR_STJ_MFT_C,,44,46,6
IR_STJ_MFT_C,,44,47,6
IR_STJ_MFT_C,,44,48,6
IR_STJ_MFT_C,,44,49,6
IR_STJ_MFT_C,,44,50,6
IR_STJ_MFT_C,,44,51,6
IR_STJ_MFT_C,,44,52,6
IR_STJ_MFT_C,,44,60,6
IR_STJ_MFT_C,,44,61,6
IR_STJ_MFT_C,,44,62,6
IR_STJ_MFT_C,,44,63,6
IR_STJ_MFT_C,,44,64,6
IR_STJ_MFT_C,,44,65,6
IR_STJ_MFT_C,,44,70,4
IR_STJ_MFT_C,,44,71,4
IR_STJ_MFT_C,,44,72,4
IR_STJ_MFT_C,,44,73,4
IR_STJ_MFT_C,,44,74,4
IR_STJ_MFT_C,,44,75,4
IR_STJ_MFT_C,,44,76,4
IR_STJ_MFT_C,,44,77,4
IR_STJ_MFT_C,,44,78,4
IR_STJ_MFT_C,,44,79,4
IR_STJ_MFT_C,,44,85,4
IR_STJ_MFT_C,,44,86,4
IR_STJ_MFT_C,,44,87,4
IR_STJ_MFT_C,,44,88,4
IR_STJ_MFT_C,,44,89,4
IR_STJ_MFT_C,,44,90,4
IR_STJ_MFT_C,,44,95,4
IR_STJ_MFT_C,,44,99,4
IR_STJ_MFT_C,,45,1,1
IR_STJ_MFT_C,,45,2,1
IR_STJ_MFT_C,,45,3,1
IR_STJ_MFT_C,,45,4,1
IR_STJ_MFT_C,,45,5,1
IR_STJ_MFT_C,,45,6,1
IR_STJ_MFT_C,,45,10,1
IR_STJ_MFT_C,,45,11,1
IR_STJ_MFT_C,,45,12,1
IR_STJ_MFT_C,,45,13,1
IR_STJ_MFT_C,,45,14,1
IR_STJ_MFT_C,,45,15,1
IR_STJ_MFT_C,,45,16,1
IR_STJ_MFT_C,,45,17,1
IR_STJ_MFT_C,,45,18,1
IR_STJ_MFT_C,,45,19,1
IR_STJ_MFT_C,,45,20,1
IR_STJ_MFT_C,,45,21,1
IR_STJ_MFT_C,,45,22,1
IR_STJ_MFT_C,,45,23,1
IR_STJ_MFT_C,,45,26,1
IR_STJ_MFT_C,,45,27,1
IR_STJ_MFT_C,,45,28,1
IR_STJ_MFT_C,,45,29,1
IR_STJ_MFT_C,,45,40,6
IR_STJ_MFT_C,,45,41,6
IR_STJ_MFT_C,,45,42,6
IR_STJ_MFT_C,,45,43,6
IR_STJ_MFT_C,,45,44,6
IR_STJ_MFT_C,,45,45,6
IR_STJ_MFT_C,,45,46,6
IR_STJ_MFT_C,,45,47,6
IR_STJ_MFT_C,,45,48,6
IR_STJ_MFT_C,,45,49,6
IR_STJ_MFT_C,,45,50,6
IR_STJ_MFT_C,,45,51,6
IR_STJ_MFT_C,,45,52,6
IR_STJ_MFT_C,,45,60,6
IR_STJ_MFT_C,,45,61,6
IR_STJ_MFT_C,,45,62,6
IR_STJ_MFT_C,,45,63,6
IR_STJ_MFT_C,,45,64,6
IR_STJ_MFT_C,,45,65,6
IR_STJ_MFT_C,,45,70,4
IR_STJ_MFT_C,,45,71,4
IR_STJ_MFT_C,,45,72,4
IR_STJ_MFT_C,,45,73,4
IR_STJ_MFT_C,,45,74,4
IR_STJ_MFT_C,,45,75,4
IR_STJ_MFT_C,,45,76,4
IR_STJ_MFT_C,,45,77,4
IR_STJ_MFT_C,,45,78,4
IR_STJ_MFT_C,,45,79,4
IR_STJ_MFT_C,,45,85,4
IR_STJ_MFT_C,,45,86,4
IR_STJ_MFT_C,,45,87,4
IR_STJ_MFT_C,,45,88,4
IR_STJ_MFT_C,,45,89,4
IR_STJ_MFT_C,,45,90,4
IR_STJ_MFT_C,,45,95,4
IR_STJ_MFT_C,,45,99,4
IR_STJ_MFT_C,,46,1,1
IR_STJ_MFT_C,,46,2,1
IR_STJ_MFT_C,,46,3,1
IR_STJ_MFT_C,,46,4,1
IR_STJ_MFT_C,,46,5,1
IR_STJ_MFT_C,,46,6,1
IR_STJ_MFT_C,,46,10,1
IR_STJ_MFT_C,,46,11,1
IR_STJ_MFT_C,,46,12,1
IR_STJ_MFT_C,,46,13,1
IR_STJ_MFT_C,,46,14,1
IR_STJ_MFT_C,,46,15,1
IR_STJ_MFT_C,,46,16,1
IR_STJ_MFT_C,,46,17,1
IR_STJ_MFT_C,,46,18,1
IR_STJ_MFT_C,,46,19,1
IR_STJ_MFT_C,,46,20,1
IR_STJ_MFT_C,,46,21,1
IR_STJ_MFT_C,,46,22,1
IR_STJ_MFT_C,,46,23,1
IR_STJ_MFT_C,,46,26,1
IR_STJ_MFT_C,,46,27,1
IR_STJ_MFT_C,,46,28,1
IR_STJ_MFT_C,,46,29,1
IR_STJ_MFT_C,,46,40,6
IR_STJ_MFT_C,,46,41,6
IR_STJ_MFT_C,,46,42,6
IR_STJ_MFT_C,,46,43,6
IR_STJ_MFT_C,,46,44,6
IR_STJ_MFT_C,,46,45,6
IR_STJ_MFT_C,,46,46,6
IR_STJ_MFT_C,,46,47,6
IR_STJ_MFT_C,,46,48,6
IR_STJ_MFT_C,,46,49,6
IR_STJ_MFT_C,,46,50,6
IR_STJ_MFT_C,,46,51,6
IR_STJ_MFT_C,,46,52,6
IR_STJ_MFT_C,,46,60,6
IR_STJ_MFT_C,,46,61,6
IR_STJ_MFT_C,,46,62,6
IR_STJ_MFT_C,,46,63,6
IR_STJ_MFT_C,,46,64,6
IR_STJ_MFT_C,,46,65,6
IR_STJ_MFT_C,,46,70,4
IR_STJ_MFT_C,,46,71,4
IR_STJ_MFT_C,,46,72,4
IR_STJ_MFT_C,,46,73,4
IR_STJ_MFT_C,,46,74,4
IR_STJ_MFT_C,,46,75,4
IR_STJ_MFT_C,,46,76,4
IR_STJ_MFT_C,,46,77,4
IR_STJ_MFT_C,,46,78,4
IR_STJ_MFT_C,,46,79,4
IR_STJ_MFT_C,,46,85,4
IR_STJ_MFT_C,,46,86,4
IR_STJ_MFT_C,,46,87,4
IR_STJ_MFT_C,,46,88,4
IR_STJ_MFT_C,,46,89,4
IR_STJ_MFT_C,,46,90,4
IR_STJ_MFT_C,,46,95,4
IR_STJ_MFT_C,,46,99,4
IR_STJ_MFT_C,,47,1,1
IR_STJ_MFT_C,,47,2,1
IR_STJ_MFT_C,,47,3,1
IR_STJ_MFT_C,,47,4,1
IR_STJ_MFT_C,,47,5,1
IR_STJ_MFT_C,,47,6,1
IR_STJ_MFT_C,,47,10,1
IR_STJ_MFT_C,,47,11,1
IR_STJ_MFT_C,,47,12,1
IR_STJ_MFT_C,,47,13,1
IR_STJ_MFT_C,,47,14,1
IR_STJ_MFT_C,,47,15,1
IR_STJ_MFT_C,,47,16,1
IR_STJ_MFT_C,,47,17,1
IR_STJ_MFT_C,,47,18,1
IR_STJ_MFT_C,,47,19,1
IR_STJ_MFT_C,,47,20,1
IR_STJ_MFT_C,,47,21,1
IR_STJ_MFT_C,,47,22,1
IR_STJ_MFT_C,,47,23,1
IR_STJ_MFT_C,,47,26,1
IR_STJ_MFT_C,,47,27,1
IR_STJ_MFT_C,,47,28,1
IR_STJ_MFT_C,,47,29,1
IR_STJ_MFT_C,,47,40,6
IR_STJ_MFT_C,,47,41,6
IR_STJ_MFT_C,,47,42,6
IR_STJ_MFT_C,,47,43,6
IR_STJ_MFT_C,,47,44,6
IR_STJ_MFT_C,,47,45,6
IR_STJ_MFT_C,,47,46,6
IR_STJ_MFT_C,,47,47,6
IR_STJ_MFT_C,,47,48,6
IR_STJ_MFT_C,,47,49,6
IR_STJ_MFT_C,,47,50,6
IR_STJ_MFT_C,,47,51,6
IR_STJ_MFT_C,,47,52,6
IR_STJ_MFT_C,,47,60,6
IR_STJ_MFT_C,,47,61,6
IR_STJ_MFT_C,,47,62,6
IR_STJ_MFT_C,,47,63,6
IR_STJ_MFT_C,,47,64,6
IR_STJ_MFT_C,,47,65,6
IR_STJ_MFT_C,,47,70,4
IR_STJ_MFT_C,,47,71,4
IR_STJ_MFT_C,,47,72,4
IR_STJ_MFT_C,,47,73,4
IR_STJ_MFT_C,,47,74,4
IR_STJ_MFT_C,,47,75,4
IR_STJ_MFT_C,,47,76,4
IR_STJ_MFT_C,,47,77,4
IR_STJ_MFT_C,,47,78,4
IR_STJ_MFT_C,,47,79,4
IR_STJ_MFT_C,,47,85,4
IR_STJ_MFT_C,,47,86,4
IR_STJ_MFT_C,,47,87,4
IR_STJ_MFT_C,,47,88,4
IR_STJ_MFT_C,,47,89,4
IR_STJ_MFT_C,,47,90,4
IR_STJ_MFT_C,,47,95,4
IR_STJ_MFT_C,,47,99,4
IR_STJ_MFT_C,,48,1,1
IR_STJ_MFT_C,,48,2,1
IR_STJ_MFT_C,,48,3,1
IR_STJ_MFT_C,,48,4,1
IR_STJ_MFT_C,,48,5,1
IR_STJ_MFT_C,,48,6,1
IR_STJ_MFT_C,,48,10,1
IR_STJ_MFT_C,,48,11,1
IR_STJ_MFT_C,,48,12,1
IR_STJ_MFT_C,,48,13,1
IR_STJ_MFT_C,,48,14,1
IR_STJ_MFT_C,,48,15,1
IR_STJ_MFT_C,,48,16,1
IR_STJ_MFT_C,,48,17,1
IR_STJ_MFT_C,,48,18,1
IR_STJ_MFT_C,,48,19,1
IR_STJ_MFT_C,,48,20,1
IR_STJ_MFT_C,,48,21,1
IR_STJ_MFT_C,,48,22,1
IR_STJ_MFT_C,,48,23,1
IR_STJ_MFT_C,,48,26,1
IR_STJ_MFT_C,,48,27,1
IR_STJ_MFT_C,,48,28,1
IR_STJ_MFT_C,,48,29,1
IR_STJ_MFT_C,,48,40,6
IR_STJ_MFT_C,,48,41,6
IR_STJ_MFT_C,,48,42,6
IR_STJ_MFT_C,,48,43,6
IR_STJ_MFT_C,,48,44,6
IR_STJ_MFT_C,,48,45,6
IR_STJ_MFT_C,,48,46,6
IR_STJ_MFT_C,,48,47,6
IR_STJ_MFT_C,,48,48,6
IR_STJ_MFT_C,,48,49,6
IR_STJ_MFT_C,,48,50,6
IR_STJ_MFT_C,,48,51,6
IR_STJ_MFT_C,,48,52,6
IR_STJ_MFT_C,,48,60,6
IR_STJ_MFT_C,,48,61,6
IR_STJ_MFT_C,,48,62,6
IR_STJ_MFT_C,,48,63,6
IR_STJ_MFT_C,,48,64,6
IR_STJ_MFT_C,,48,65,6
IR_STJ_MFT_C,,48,70,4
IR_STJ_MFT_C,,48,71,4
IR_STJ_MFT_C,,48,72,4
IR_STJ_MFT_C,,48,73,4
IR_STJ_MFT_C,,48,74,4
IR_STJ_MFT_C,,48,75,4
IR_STJ_MFT_C,,48,76,4
IR_STJ_MFT_C,,48,77,4
IR_STJ_MFT_C,,48,78,4
IR_STJ_MFT_C,,48,79,4
IR_STJ_MFT_C,,48,85,4
IR_STJ_MFT_C,,48,86,4
IR_STJ_MFT_C,,48,87,4
IR_STJ_MFT_C,,48,88,4
IR_STJ_MFT_C,,48,89,4
IR_STJ_MFT_C,,48,90,4
IR_STJ_MFT_C,,48,95,4
IR_STJ_MFT_C,,48,99,4
IR_STJ_MFT_C,,49,1,1
IR_STJ_MFT_C,,49,2,1
IR_STJ_MFT_C,,49,3,1
IR_STJ_MFT_C,,49,4,1
IR_STJ_MFT_C,,49,5,1
IR_STJ_MFT_C,,49,6,1
IR_STJ_MFT_C,,49,10,1
IR_STJ_MFT_C,,49,11,1
IR_STJ_MFT_C,,49,12,1
IR_STJ_MFT_C,,49,13,1
IR_STJ_MFT_C,,49,14,1
IR_STJ_MFT_C,,49,15,1
IR_STJ_MFT_C,,49,16,1
IR_STJ_MFT_C,,49,17,1
IR_STJ_MFT_C,,49,18,1
IR_STJ_MFT_C,,49,19,1
IR_STJ_MFT_C,,49,20,1
IR_STJ_MFT_C,,49,21,1
IR_STJ_MFT_C,,49,22,1
IR_STJ_MFT_C,,49,23,1
IR_STJ_MFT_C,,49,26,1
IR_STJ_MFT_C,,49,27,1
IR_STJ_MFT_C,,49,28,1
IR_STJ_MFT_C,,49,29,1
IR_STJ_MFT_C,,49,40,6
IR_STJ_MFT_C,,49,41,6
IR_STJ_MFT_C,,49,42,6
IR_STJ_MFT_C,,49,43,6
IR_STJ_MFT_C,,49,44,6
IR_STJ_MFT_C,,49,45,6
IR_STJ_MFT_C,,49,46,6
IR_STJ_MFT_C,,49,47,6
IR_STJ_MFT_C,,49,48,6
IR_STJ_MFT_C,,49,49,6
IR_STJ_MFT_C,,49,50,6
IR_STJ_MFT_C,,49,51,6
IR_STJ_MFT_C,,49,52,6
IR_STJ_MFT_C,,49,60,6
IR_STJ_MFT_C,,49,61,6
IR_STJ_MFT_C,,49,62,6
IR_STJ_MFT_C,,49,63,6
IR_STJ_MFT_C,,49,64,6
IR_STJ_MFT_C,,49,65,6
IR_STJ_MFT_C,,49,70,4
IR_STJ_MFT_C,,49,71,4
IR_STJ_MFT_C,,49,72,4
IR_STJ_MFT_C,,49,73,4
IR_STJ_MFT_C,,49,74,4
IR_STJ_MFT_C,,49,75,4
IR_STJ_MFT_C,,49,76,4
IR_STJ_MFT_C,,49,77,4
IR_STJ_MFT_C,,49,78,4
IR_STJ_MFT_C,,49,79,4
IR_STJ_MFT_C,,49,85,4
IR_STJ_MFT_C,,49,86,4
IR_STJ_MFT_C,,49,87,4
IR_STJ_MFT_C,,49,88,4
IR_STJ_MFT_C,,49,89,4
IR_STJ_MFT_C,,49,90,4
IR_STJ_MFT_C,,49,95,4
IR_STJ_MFT_C,,49,99,4
IR_STJ_MFT_C,,50,1,1
IR_STJ_MFT_C,,50,2,1
IR_STJ_MFT_C,,50,3,1
IR_STJ_MFT_C,,50,4,1
IR_STJ_MFT_C,,50,5,1
IR_STJ_MFT_C,,50,6,1
IR_STJ_MFT_C,,50,10,1
IR_STJ_MFT_C,,50,11,1
IR_STJ_MFT_C,,50,12,1
IR_STJ_MFT_C,,50,13,1
IR_STJ_MFT_C,,50,14,1
IR_STJ_MFT_C,,50,15,1
IR_STJ_MFT_C,,50,16,1
IR_STJ_MFT_C,,50,17,1
IR_STJ_MFT_C,,50,18,1
IR_STJ_MFT_C,,50,19,1
IR_STJ_MFT_C,,50,20,1
IR_STJ_MFT_C,,50,21,1
IR_STJ_MFT_C,,50,22,1
IR_STJ_MFT_C,,50,23,1
IR_STJ_MFT_C,,50,26,1
IR_STJ_MFT_C,,50,27,1
IR_STJ_MFT_C,,50,28,1
IR_STJ_MFT_C,,50,29,1
IR_STJ_MFT_C,,50,40,6
IR_STJ_MFT_C,,50,41,6
IR_STJ_MFT_C,,50,42,6
IR_STJ_MFT_C,,50,43,6
IR_STJ_MFT_C,,50,44,6
IR_STJ_MFT_C,,50,45,6
IR_STJ_MFT_C,,50,46,6
IR_STJ_MFT_C,,50,47,6
IR_STJ_MFT_C,,50,48,6
IR_STJ_MFT_C,,50,49,6
IR_STJ_MFT_C,,50,50,6
IR_STJ_MFT_C,,50,51,6
IR_STJ_MFT_C,,50,52,6
IR_STJ_MFT_C,,50,60,6
IR_STJ_MFT_C,,50,61,6
IR_STJ_MFT_C,,50,62,6
IR_STJ_MFT_C,,50,63,6
IR_STJ_MFT_C,,50,64,6
IR_STJ_MFT_C,,50,65,6
IR_STJ_MFT_C,,50,70,4
IR_STJ_MFT_C,,50,71,4
IR_STJ_MFT_C,,50,72,4
IR_STJ_MFT_C,,50,73,4
IR_STJ_MFT_C,,50,74,4
IR_STJ_MFT_C,,50,75,4
IR_STJ_MFT_C,,50,76,4
IR_STJ_MFT_C,,50,77,4
IR_STJ_MFT_C,,50,78,4
IR_STJ_MFT_C,,50,79,4
IR_STJ_MFT_C,,50,85,4
IR_STJ_MFT_C,,50,86,4
IR_STJ_MFT_C,,50,87,4
IR_STJ_MFT_C,,50,88,4
IR_STJ_MFT_C,,50,89,4
IR_STJ_MFT_C,,50,90,4
IR_STJ_MFT_C,,50,95,4
IR_STJ_MFT_C,,50,99,4
IR_STJ_MFT_C,,51,1,1
IR_STJ_MFT_C,,51,2,1
IR_STJ_MFT_C,,51,3,1
IR_STJ_MFT_C,,51,4,1
IR_STJ_MFT_C,,51,5,1
IR_STJ_MFT_C,,51,6,1
IR_STJ_MFT_C,,51,10,1
IR_STJ_MFT_C,,51,11,1
IR_STJ_MFT_C,,51,12,1
IR_STJ_MFT_C,,51,13,1
IR_STJ_MFT_C,,51,14,1
IR_STJ_MFT_C,,51,15,1
IR_STJ_MFT_C,,51,16,1
IR_STJ_MFT_C,,51,17,1
IR_STJ_MFT_C,,51,18,1
IR_STJ_MFT_C,,51,19,1
IR_STJ_MFT_C,,51,20,1
IR_STJ_MFT_C,,51,21,1
IR_STJ_MFT_C,,51,22,1
IR_STJ_MFT_C,,51,23,1
IR_STJ_MFT_C,,51,26,1
IR_STJ_MFT_C,,51,27,1
IR_STJ_MFT_C,,51,28,1
IR_STJ_MFT_C,,51,29,1
IR_STJ_MFT_C,,51,40,6
IR_STJ_MFT_C,,51,41,6
IR_STJ_MFT_C,,51,42,6
IR_STJ_MFT_C,,51,43,6
IR_STJ_MFT_C,,51,44,6
IR_STJ_MFT_C,,51,45,6
IR_STJ_MFT_C,,51,46,6
IR_STJ_MFT_C,,51,47,6
IR_STJ_MFT_C,,51,48,6
IR_STJ_MFT_C,,51,49,6
IR_STJ_MFT_C,,51,50,6
IR_STJ_MFT_C,,51,51,6
IR_STJ_MFT_C,,51,52,6
IR_STJ_MFT_C,,51,60,6
IR_STJ_MFT_C,,51,61,6
IR_STJ_MFT_C,,51,62,6
IR_STJ_MFT_C,,51,63,6
IR_STJ_MFT_C,,51,64,6
IR_STJ_MFT_C,,51,65,6
IR_STJ_MFT_C,,51,70,4
IR_STJ_MFT_C,,51,71,4
IR_STJ_MFT_C,,51,72,4
IR_STJ_MFT_C,,51,73,4
IR_STJ_MFT_C,,51,74,4
IR_STJ_MFT_C,,51,75,4
IR_STJ_MFT_C,,51,76,4
IR_STJ_MFT_C,,51,77,4
IR_STJ_MFT_C,,51,78,4
IR_STJ_MFT_C,,51,79,4
IR_STJ_MFT_C,,51,85,4
IR_STJ_MFT_C,,51,86,4
IR_STJ_MFT_C,,51,87,4
IR_STJ_MFT_C,,51,88,4
IR_STJ_MFT_C,,51,89,4
IR_STJ_MFT_C,,51,90,4
IR_STJ_MFT_C,,51,95,4
IR_STJ_MFT_C,,51,99,4
IR_STJ_MFT_C,,1,1,1
IR_STJ_MFT_C,,1,2,1
IR_STJ_MFT_C,,1,3,1
IR_STJ_MFT_C,,1,4,1
IR_STJ_MFT_C,,1,5,1
IR_STJ_MFT_C,,1,6,1
IR_STJ_MFT_C,,1,10,1
IR_STJ_MFT_C,,1,11,1
IR_STJ_MFT_C,,1,12,1
IR_STJ_MFT_C,,1,13,1
IR_STJ_MFT_C,,1,14,1
IR_STJ_MFT_C,,1,15,1
IR_STJ_MFT_C,,1,16,1
IR_STJ_MFT_C,,1,17,1
IR_STJ_MFT_C,,1,18,1
IR_STJ_MFT_C,,1,19,1
IR_STJ_MFT_C,,1,20,1
IR_STJ_MFT_C,,1,21,1
IR_STJ_MFT_C,,1,22,1
IR_STJ_MFT_C,,1,23,1
IR_STJ_MFT_C,,1,26,1
IR_STJ_MFT_C,,1,27,1
IR_STJ_MFT_C,,1,28,1
IR_STJ_MFT_C,,1,29,1
IR_STJ_MFT_C,,1,40,6
IR_STJ_MFT_C,,1,41,6
IR_STJ_MFT_C,,1,42,6
IR_STJ_MFT_C,,1,43,6
IR_STJ_MFT_C,,1,44,6
IR_STJ_MFT_C,,1,45,6
IR_STJ_MFT_C,,1,46,6
IR_STJ_MFT_C,,1,47,6
IR_STJ_MFT_C,,1,48,6
IR_STJ_MFT_C,,1,49,6
IR_STJ_MFT_C,,1,50,6
IR_STJ_MFT_C,,1,51,6
IR_STJ_MFT_C,,1,52,6
IR_STJ_MFT_C,,1,60,6
IR_STJ_MFT_C,,1,61,6
IR_STJ_MFT_C,,1,62,6
IR_STJ_MFT_C,,1,63,6
IR_STJ_MFT_C,,1,64,6
IR_STJ_MFT_C,,1,65,6
IR_STJ_MFT_C,,1,70,4
IR_STJ_MFT_C,,1,71,4
IR_STJ_MFT_C,,1,72,4
IR_STJ_MFT_C,,1,73,4
IR_STJ_MFT_C,,1,74,4
IR_STJ_MFT_C,,1,75,4
IR_STJ_MFT_C,,1,76,4
IR_STJ_MFT_C,,1,77,4
IR_STJ_MFT_C,,1,78,4
IR_STJ_MFT_C,,1,79,4
IR_STJ_MFT_C,,1,80,4
IR_STJ_MFT_C,,1,85,4
IR_STJ_MFT_C,,1,86,4
IR_STJ_MFT_C,,1,87,4
IR_STJ_MFT_C,,1,88,4
IR_STJ_MFT_C,,1,89,4
IR_STJ_MFT_C,,1,90,4
IR_STJ_MFT_C,,1,99,1
IR_STJ_MFT_C,,2,1,1
IR_STJ_MFT_C,,2,2,1
IR_STJ_MFT_C,,2,3,1
IR_STJ_MFT_C,,2,4,1
IR_STJ_MFT_C,,2,5,1
IR_STJ_MFT_C,,2,6,1
IR_STJ_MFT_C,,2,10,1
IR_STJ_MFT_C,,2,11,1
IR_STJ_MFT_C,,2,12,1
IR_STJ_MFT_C,,2,13,1
IR_STJ_MFT_C,,2,14,1
IR_STJ_MFT_C,,2,15,1
IR_STJ_MFT_C,,2,16,1
IR_STJ_MFT_C,,2,17,1
IR_STJ_MFT_C,,2,18,1
IR_STJ_MFT_C,,2,19,1
IR_STJ_MFT_C,,2,20,1
IR_STJ_MFT_C,,2,21,1
IR_STJ_MFT_C,,2,22,1
IR_STJ_MFT_C,,2,23,1
IR_STJ_MFT_C,,2,26,1
IR_STJ_MFT_C,,2,27,1
IR_STJ_MFT_C,,2,28,1
IR_STJ_MFT_C,,2,29,1
IR_STJ_MFT_C,,2,40,6
IR_STJ_MFT_C,,2,41,6
IR_STJ_MFT_C,,2,42,6
IR_STJ_MFT_C,,2,43,6
IR_STJ_MFT_C,,2,44,6
IR_STJ_MFT_C,,2,45,6
IR_STJ_MFT_C,,2,46,6
IR_STJ_MFT_C,,2,47,6
IR_STJ_MFT_C,,2,48,6
IR_STJ_MFT_C,,2,49,6
IR_STJ_MFT_C,,2,50,6
IR_STJ_MFT_C,,2,51,6
IR_STJ_MFT_C,,2,52,6
IR_STJ_MFT_C,,2,60,6
IR_STJ_MFT_C,,2,61,6
IR_STJ_MFT_C,,2,62,6
IR_STJ_MFT_C,,2,63,6
IR_STJ_MFT_C,,2,64,6
IR_STJ_MFT_C,,2,65,6
IR_STJ_MFT_C,,2,70,4
IR_STJ_MFT_C,,2,71,4
IR_STJ_MFT_C,,2,72,4
IR_STJ_MFT_C,,2,73,4
IR_STJ_MFT_C,,2,74,4
IR_STJ_MFT_C,,2,75,4
IR_STJ_MFT_C,,2,76,4
IR_STJ_MFT_C,,2,77,4
IR_STJ_MFT_C,,2,78,4
IR_STJ_MFT_C,,2,79,4
IR_STJ_MFT_C,,2,85,4
IR_STJ_MFT_C,,2,86,4
IR_STJ_MFT_C,,2,87,4
IR_STJ_MFT_C,,2,88,4
IR_STJ_MFT_C,,2,89,4
IR_STJ_MFT_C,,2,90,4
IR_STJ_MFT_C,,2,95,4
IR_STJ_MFT_C,,2,99,1
IR_STJ_MFT_C,,3,1,1
IR_STJ_MFT_C,,3,2,1
IR_STJ_MFT_C,,3,3,1
IR_STJ_MFT_C,,3,4,1
IR_STJ_MFT_C,,3,5,1
IR_STJ_MFT_C,,3,6,1
IR_STJ_MFT_C,,3,10,1
IR_STJ_MFT_C,,3,11,1
IR_STJ_MFT_C,,3,12,1
IR_STJ_MFT_C,,3,13,1
IR_STJ_MFT_C,,3,14,1
IR_STJ_MFT_C,,3,15,1
IR_STJ_MFT_C,,3,16,1
IR_STJ_MFT_C,,3,17,1
IR_STJ_MFT_C,,3,18,1
IR_STJ_MFT_C,,3,19,1
IR_STJ_MFT_C,,3,20,1
IR_STJ_MFT_C,,3,21,1
IR_STJ_MFT_C,,3,22,1
IR_STJ_MFT_C,,3,23,1
IR_STJ_MFT_C,,3,26,1
IR_STJ_MFT_C,,3,27,1
IR_STJ_MFT_C,,3,28,1
IR_STJ_MFT_C,,3,29,1
IR_STJ_MFT_C,,3,99,1
IR_STJ_MFT_C,,4,40,2
IR_STJ_MFT_C,,4,41,2
IR_STJ_MFT_C,,4,42,2
IR_STJ_MFT_C,,4,43,2
IR_STJ_MFT_C,,4,44,2
IR_STJ_MFT_C,,4,45,2
IR_STJ_MFT_C,,4,46,2
IR_STJ_MFT_C,,4,47,2
IR_STJ_MFT_C,,4,48,2
IR_STJ_MFT_C,,4,49,2
IR_STJ_MFT_C,,4,50,2
IR_STJ_MFT_C,,4,51,2
IR_STJ_MFT_C,,4,52,2
IR_STJ_MFT_C,,4,60,2
IR_STJ_MFT_C,,4,61,2
IR_STJ_MFT_C,,4,62,2
IR_STJ_MFT_C,,4,63,2
IR_STJ_MFT_C,,4,64,2
IR_STJ_MFT_C,,4,65,2
IR_STJ_MFT_C,,4,99,2
IR_STJ_MFT_C,,5,1,1
IR_STJ_MFT_C,,5,2,1
IR_STJ_MFT_C,,5,3,1
IR_STJ_MFT_C,,5,4,1
IR_STJ_MFT_C,,5,5,1
IR_STJ_MFT_C,,5,6,1
IR_STJ_MFT_C,,5,10,1
IR_STJ_MFT_C,,5,11,1
IR_STJ_MFT_C,,5,12,1
IR_STJ_MFT_C,,5,13,1
IR_STJ_MFT_C,,5,14,1
IR_STJ_MFT_C,,5,15,1
IR_STJ_MFT_C,,5,16,1
IR_STJ_MFT_C,,5,17,1
IR_STJ_MFT_C,,5,18,1
IR_STJ_MFT_C,,5,19,1
IR_STJ_MFT_C,,5,20,1
IR_STJ_MFT_C,,5,21,1
IR_STJ_MFT_C,,5,22,1
IR_STJ_MFT_C,,5,23,1
IR_STJ_MFT_C,,5,26,1
IR_STJ_MFT_C,,5,27,1
IR_STJ_MFT_C,,5,28,1
IR_STJ_MFT_C,,5,29,1
IR_STJ_MFT_C,,5,40,6
IR_STJ_MFT_C,,5,41,6
IR_STJ_MFT_C,,5,42,6
IR_STJ_MFT_C,,5,43,6
IR_STJ_MFT_C,,5,44,6
IR_STJ_MFT_C,,5,45,6
IR_STJ_MFT_C,,5,46,6
IR_STJ_MFT_C,,5,47,6
IR_STJ_MFT_C,,5,48,6
IR_STJ_MFT_C,,5,49,6
IR_STJ_MFT_C,,5,50,6
IR_STJ_MFT_C,,5,51,6
IR_STJ_MFT_C,,5,52,6
IR_STJ_MFT_C,,5,60,6
IR_STJ_MFT_C,,5,61,6
IR_STJ_MFT_C,,5,62,6
IR_STJ_MFT_C,,5,63,6
IR_STJ_MFT_C,,5,64,6
IR_STJ_MFT_C,,5,65,6
IR_STJ_MFT_C,,5,70,4
IR_STJ_MFT_C,,5,71,4
IR_STJ_MFT_C,,5,72,4
IR_STJ_MFT_C,,5,73,4
IR_STJ_MFT_C,,5,74,4
IR_STJ_MFT_C,,24,87,4
IR_STJ_MFT_C,,24,88,4
IR_STJ_MFT_C,,24,89,4
IR_STJ_MFT_C,,24,90,4
IR_STJ_MFT_C,,24,95,4
IR_STJ_MFT_C,,24,99,4
IR_STJ_MFT_C,,25,1,1
IR_STJ_MFT_C,,25,2,1
IR_STJ_MFT_C,,25,3,1
IR_STJ_MFT_C,,25,4,1
IR_STJ_MFT_C,,25,5,1
IR_STJ_MFT_C,,25,6,1
IR_STJ_MFT_C,,25,10,1
IR_STJ_MFT_C,,25,11,1
IR_STJ_MFT_C,,25,12,1
IR_STJ_MFT_C,,25,13,1
IR_STJ_MFT_C,,25,14,1
IR_STJ_MFT_C,,25,15,1
IR_STJ_MFT_C,,25,16,1
IR_STJ_MFT_C,,25,17,1
IR_STJ_MFT_C,,25,18,1
IR_STJ_MFT_C,,25,19,1
IR_STJ_MFT_C,,25,20,1
IR_STJ_MFT_C,,25,21,1
IR_STJ_MFT_C,,25,22,1
IR_STJ_MFT_C,,25,23,1
IR_STJ_MFT_C,,25,26,1
IR_STJ_MFT_C,,25,27,1
IR_STJ_MFT_C,,25,28,1
IR_STJ_MFT_C,,25,29,1
IR_STJ_MFT_C,,25,40,6
IR_STJ_MFT_C,,25,41,6
IR_STJ_MFT_C,,25,42,6
IR_STJ_MFT_C,,25,43,6
IR_STJ_MFT_C,,25,44,6
IR_STJ_MFT_C,,25,45,6
IR_STJ_MFT_C,,25,46,6
IR_STJ_MFT_C,,25,47,6
IR_STJ_MFT_C,,25,48,6
IR_STJ_MFT_C,,25,49,6
IR_STJ_MFT_C,,25,50,6
IR_STJ_MFT_C,,25,51,6
IR_STJ_MFT_C,,25,52,6
IR_STJ_MFT_C,,25,60,6
IR_STJ_MFT_C,,25,61,6
IR_STJ_MFT_C,,25,62,6
IR_STJ_MFT_C,,25,63,6
IR_STJ_MFT_C,,25,64,6
IR_STJ_MFT_C,,25,65,6
IR_STJ_MFT_C,,25,70,4
IR_STJ_MFT_C,,25,71,4
IR_STJ_MFT_C,,25,72,4
IR_STJ_MFT_C,,25,73,4
IR_STJ_MFT_C,,25,74,4
IR_STJ_MFT_C,,25,75,4
IR_STJ_MFT_C,,25,76,4
IR_STJ_MFT_C,,25,77,4
IR_STJ_MFT_C,,25,78,4
IR_STJ_MFT_C,,25,79,4
IR_STJ_MFT_C,,25,85,4
IR_STJ_MFT_C,,25,86,4
IR_STJ_MFT_C,,25,87,4
IR_STJ_MFT_C,,25,88,4
IR_STJ_MFT_C,,25,89,4
IR_STJ_MFT_C,,25,90,4
IR_STJ_MFT_C,,25,95,4
IR_STJ_MFT_C,,25,99,4
IR_STJ_MFT_C,,36,1,1
IR_STJ_MFT_C,,36,2,1
IR_STJ_MFT_C,,36,3,1
IR_STJ_MFT_C,,36,4,1
IR_STJ_MFT_C,,36,5,1
IR_STJ_MFT_C,,36,6,1
IR_STJ_MFT_C,,36,10,1
IR_STJ_MFT_C,,36,11,1
IR_STJ_MFT_C,,36,12,1
IR_STJ_MFT_C,,36,13,1
IR_STJ_MFT_C,,36,14,1
IR_STJ_MFT_C,,36,15,1
IR_STJ_MFT_C,,36,16,1
IR_STJ_MFT_C,,36,17,1
IR_STJ_MFT_C,,36,18,1
IR_STJ_MFT_C,,36,19,1
IR_STJ_MFT_C,,36,20,1
IR_STJ_MFT_C,,36,21,1
IR_STJ_MFT_C,,36,22,1
IR_STJ_MFT_C,,36,23,1
IR_STJ_MFT_C,,36,26,1
IR_STJ_MFT_C,,36,27,1
IR_STJ_MFT_C,,36,28,1
IR_STJ_MFT_C,,36,29,1
IR_STJ_MFT_C,,36,40,6
IR_STJ_MFT_C,,36,41,6
IR_STJ_MFT_C,,36,42,8
IR_STJ_MFT_C,,36,43,8
IR_STJ_MFT_C,,36,44,8
IR_STJ_MFT_C,,36,45,8
IR_STJ_MFT_C,,36,46,8
IR_STJ_MFT_C,,36,47,8
IR_STJ_MFT_C,,36,48,8
IR_STJ_MFT_C,,36,49,8
IR_STJ_MFT_C,,36,50,8
IR_STJ_MFT_C,,36,51,8
IR_STJ_MFT_C,,36,52,8
IR_STJ_MFT_C,,36,60,8
IR_STJ_MFT_C,,36,61,8
IR_STJ_MFT_C,,36,62,8
IR_STJ_MFT_C,,36,63,8
IR_STJ_MFT_C,,36,64,8
IR_STJ_MFT_C,,36,65,8
IR_STJ_MFT_C,,36,70,9
IR_STJ_MFT_C,,36,71,9
IR_STJ_MFT_C,,36,72,9
IR_STJ_MFT_C,,36,73,9
IR_STJ_MFT_C,,36,74,9
IR_STJ_MFT_C,,36,75,9
IR_STJ_MFT_C,,36,76,9
IR_STJ_MFT_C,,36,77,9
IR_STJ_MFT_C,,36,78,9
IR_STJ_MFT_C,,36,79,9
IR_STJ_MFT_C,,36,85,9
IR_STJ_MFT_C,,36,86,9
IR_STJ_MFT_C,,36,87,9
IR_STJ_MFT_C,,36,88,9
IR_STJ_MFT_C,,36,89,9
IR_STJ_MFT_C,,36,90,9
IR_STJ_MFT_C,,36,95,9
IR_STJ_MFT_C,,36,99,9
IR_STJ_MFT_C,,40,1,1
IR_STJ_MFT_C,,40,2,1
IR_STJ_MFT_C,,40,3,1
IR_STJ_MFT_C,,40,4,1
IR_STJ_MFT_C,,40,5,1
IR_STJ_MFT_C,,40,6,1
IR_STJ_MFT_C,,40,10,1
IR_STJ_MFT_C,,40,11,1
IR_STJ_MFT_C,,40,12,1
IR_STJ_MFT_C,,40,13,1
IR_STJ_MFT_C,,40,14,1
IR_STJ_MFT_C,,40,15,1
IR_STJ_MFT_C,,40,16,1
IR_STJ_MFT_C,,40,17,1
IR_STJ_MFT_C,,40,18,1
IR_STJ_MFT_C,,40,19,1
IR_STJ_MFT_C,,40,20,1
IR_STJ_MFT_C,,40,21,1
IR_STJ_MFT_C,,40,22,1
IR_STJ_MFT_C,,40,23,1
IR_STJ_MFT_C,,40,26,1
IR_STJ_MFT_C,,40,27,1
IR_STJ_MFT_C,,40,28,1
IR_STJ_MFT_C,,40,29,1
IR_STJ_MFT_C,,40,40,6
IR_STJ_MFT_C,,40,41,6
IR_STJ_MFT_C,,40,42,6
IR_STJ_MFT_C,,40,43,6
IR_STJ_MFT_C,,40,44,6
IR_STJ_MFT_C,,40,45,6
IR_STJ_MFT_C,,40,46,6
IR_STJ_MFT_C,,40,47,6
IR_STJ_MFT_C,,40,48,6
IR_STJ_MFT_C,,40,49,6
IR_STJ_MFT_C,,40,50,6
IR_STJ_MFT_C,,40,51,6
IR_STJ_MFT_C,,40,52,6
IR_STJ_MFT_C,,40,60,6
IR_STJ_MFT_C,,40,61,6
IR_STJ_MFT_C,,40,62,6
IR_STJ_MFT_C,,40,63,6
IR_STJ_MFT_C,,40,64,6
IR_STJ_MFT_C,,40,65,6
IR_STJ_MFT_C,,40,70,4
IR_STJ_MFT_C,,40,71,4
IR_STJ_MFT_C,,40,72,4
IR_STJ_MFT_C,,40,73,4
IR_STJ_MFT_C,,40,74,4
IR_STJ_MFT_C,,40,75,4
IR_STJ_MFT_C,,40,76,4
IR_STJ_MFT_C,,40,77,4
IR_STJ_MFT_C,,40,78,4
IR_STJ_MFT_C,,40,79,4
IR_STJ_MFT_C,,40,85,4
IR_STJ_MFT_C,,40,86,4
IR_STJ_MFT_C,,40,87,4
IR_STJ_MFT_C,,40,88,4
IR_STJ_MFT_C,,40,89,4
IR_STJ_MFT_C,,40,90,4
IR_STJ_MFT_C,,40,95,4
IR_STJ_MFT_C,,40,99,4
IR_STJ_MFT_C,,41,1,1
IR_STJ_MFT_C,,41,2,1
IR_STJ_MFT_C,,41,3,1
IR_STJ_MFT_C,,41,4,1
IR_STJ_MFT_C,,41,5,1
IR_STJ_MFT_C,,41,6,1
IR_STJ_MFT_C,,41,10,1
IR_STJ_MFT_C,,41,11,1
IR_STJ_MFT_C,,41,12,1
IR_STJ_MFT_C,,41,13,1
IR_STJ_MFT_C,,41,14,1
IR_STJ_MFT_C,,41,15,1
IR_STJ_MFT_C,,41,16,1
IR_STJ_MFT_C,,41,17,1
IR_STJ_MFT_C,,41,18,1
IR_STJ_MFT_C,,41,19,1
IR_STJ_MFT_C,,41,20,1
IR_STJ_MFT_C,,20,15,1
IR_STJ_MFT_C,,20,16,1
IR_STJ_MFT_C,,20,17,1
IR_STJ_MFT_C,,20,18,1
IR_STJ_MFT_C,,20,19,1
IR_STJ_MFT_C,,20,20,1
IR_STJ_MFT_C,,20,21,1
IR_STJ_MFT_C,,20,22,1
IR_STJ_MFT_C,,20,23,1
IR_STJ_MFT_C,,20,26,1
IR_STJ_MFT_C,,20,27,1
IR_STJ_MFT_C,,20,28,1
IR_STJ_MFT_C,,20,29,1
IR_STJ_MFT_C,,20,40,6
IR_STJ_MFT_C,,20,41,6
IR_STJ_MFT_C,,20,42,6
IR_STJ_MFT_C,,20,43,6
IR_STJ_MFT_C,,20,44,6
IR_STJ_MFT_C,,20,45,6
IR_STJ_MFT_C,,20,46,6
IR_STJ_MFT_C,,20,47,6
IR_STJ_MFT_C,,20,48,6
IR_STJ_MFT_C,,20,49,6
IR_STJ_MFT_C,,20,50,6
IR_STJ_MFT_C,,20,51,6
IR_STJ_MFT_C,,20,52,6
IR_STJ_MFT_C,,20,60,6
IR_STJ_MFT_C,,20,61,6
IR_STJ_MFT_C,,20,62,6
IR_STJ_MFT_C,,20,63,6
IR_STJ_MFT_C,,20,64,6
IR_STJ_MFT_C,,20,65,6
IR_STJ_MFT_C,,20,70,4
IR_STJ_MFT_C,,20,71,4
IR_STJ_MFT_C,,20,72,4
IR_STJ_MFT_C,,20,73,4
IR_STJ_MFT_C,,20,74,4
IR_STJ_MFT_C,,20,75,4
IR_STJ_MFT_C,,20,76,4
IR_STJ_MFT_C,,20,77,4
IR_STJ_MFT_C,,20,78,4
IR_STJ_MFT_C,,20,79,4
IR_STJ_MFT_C,,20,85,4
IR_STJ_MFT_C,,20,86,4
IR_STJ_MFT_C,,20,87,4
IR_STJ_MFT_C,,20,88,4
IR_STJ_MFT_C,,20,89,4
IR_STJ_MFT_C,,20,90,4
IR_STJ_MFT_C,,20,95,4
IR_STJ_MFT_C,,20,99,4
IR_STJ_MFT_C,,21,1,1
IR_STJ_MFT_C,,21,2,1
IR_STJ_MFT_C,,21,3,1
IR_STJ_MFT_C,,21,4,1
IR_STJ_MFT_C,,21,5,1
IR_STJ_MFT_C,,21,6,1
IR_STJ_MFT_C,,21,10,1
IR_STJ_MFT_C,,21,11,1
IR_STJ_MFT_C,,21,12,1
IR_STJ_MFT_C,,21,13,1
IR_STJ_MFT_C,,21,14,1
IR_STJ_MFT_C,,21,15,1
IR_STJ_MFT_C,,21,16,1
IR_STJ_MFT_C,,21,17,1
IR_STJ_MFT_C,,21,18,1
IR_STJ_MFT_C,,21,19,1
IR_STJ_MFT_C,,21,20,1
IR_STJ_MFT_C,,21,21,1
IR_STJ_MFT_C,,21,22,1
IR_STJ_MFT_C,,21,23,1
IR_STJ_MFT_C,,21,26,1
IR_STJ_MFT_C,,21,27,1
IR_STJ_MFT_C,,21,28,1
IR_STJ_MFT_C,,21,29,1
IR_STJ_MFT_C,,21,40,6
IR_STJ_MFT_C,,21,41,6
IR_STJ_MFT_C,,21,42,6
IR_STJ_MFT_C,,21,43,6
IR_STJ_MFT_C,,21,44,6
IR_STJ_MFT_C,,21,45,6
IR_STJ_MFT_C,,21,46,6
IR_STJ_MFT_C,,21,47,6
IR_STJ_MFT_C,,21,48,6
IR_STJ_MFT_C,,21,49,6
IR_STJ_MFT_C,,21,50,6
IR_STJ_MFT_C,,21,51,6
IR_STJ_MFT_C,,21,52,6
IR_STJ_MFT_C,,21,60,6
IR_STJ_MFT_C,,21,61,6
IR_STJ_MFT_C,,21,62,6
IR_STJ_MFT_C,,21,63,6
IR_STJ_MFT_C,,21,64,6
IR_STJ_MFT_C,,21,65,6
IR_STJ_MFT_C,,21,70,4
IR_STJ_MFT_C,,21,71,4
IR_STJ_MFT_C,,21,72,4
IR_STJ_MFT_C,,21,73,4
IR_STJ_MFT_C,,21,74,4
IR_STJ_MFT_C,,21,75,4
IR_STJ_MFT_C,,21,76,4
IR_STJ_MFT_C,,21,77,4
IR_STJ_MFT_C,,21,78,4
IR_STJ_MFT_C,,21,79,4
IR_STJ_MFT_C,,21,85,4
IR_STJ_MFT_C,,21,86,4
IR_STJ_MFT_C,,21,87,4
IR_STJ_MFT_C,,21,88,4
IR_STJ_MFT_C,,21,89,4
IR_STJ_MFT_C,,21,90,4
IR_STJ_MFT_C,,21,95,4
IR_STJ_MFT_C,,21,99,4
IR_STJ_MFT_C,,22,1,1
IR_STJ_MFT_C,,22,2,1
IR_STJ_MFT_C,,22,3,1
IR_STJ_MFT_C,,22,4,1
IR_STJ_MFT_C,,22,5,1
IR_STJ_MFT_C,,22,6,1
IR_STJ_MFT_C,,22,10,1
IR_STJ_MFT_C,,22,11,1
IR_STJ_MFT_C,,22,12,1
IR_STJ_MFT_C,,22,13,1
IR_STJ_MFT_C,,22,14,1
IR_STJ_MFT_C,,22,15,1
IR_STJ_MFT_C,,22,16,1
IR_STJ_MFT_C,,22,17,1
IR_STJ_MFT_C,,22,18,1
IR_STJ_MFT_C,,22,19,1
IR_STJ_MFT_C,,22,20,1
IR_STJ_MFT_C,,22,21,1
IR_STJ_MFT_C,,22,22,1
IR_STJ_MFT_C,,22,23,1
IR_STJ_MFT_C,,22,26,1
IR_STJ_MFT_C,,22,27,1
IR_STJ_MFT_C,,22,28,1
IR_STJ_MFT_C,,22,29,1
IR_STJ_MFT_C,,22,40,6
IR_STJ_MFT_C,,22,41,6
IR_STJ_MFT_C,,22,42,6
IR_STJ_MFT_C,,22,43,6
IR_STJ_MFT_C,,22,44,6
IR_STJ_MFT_C,,22,45,6
IR_STJ_MFT_C,,22,46,6
IR_STJ_MFT_C,,22,47,6
IR_STJ_MFT_C,,22,48,6
IR_STJ_MFT_C,,22,49,6
IR_STJ_MFT_C,,22,50,6
IR_STJ_MFT_C,,22,51,6
IR_STJ_MFT_C,,22,52,6
IR_STJ_MFT_C,,22,60,6
IR_STJ_MFT_C,,22,61,6
IR_STJ_MFT_C,,22,62,6
IR_STJ_MFT_C,,22,63,6
IR_STJ_MFT_C,,22,64,6
IR_STJ_MFT_C,,22,65,6
IR_STJ_MFT_C,,22,70,4
IR_STJ_MFT_C,,22,71,4
IR_STJ_MFT_C,,22,72,4
IR_STJ_MFT_C,,22,73,4
IR_STJ_MFT_C,,22,74,4
IR_STJ_MFT_C,,22,75,4
IR_STJ_MFT_C,,22,76,4
IR_STJ_MFT_C,,22,77,4
IR_STJ_MFT_C,,22,78,4
IR_STJ_MFT_C,,22,79,4
IR_STJ_MFT_C,,22,85,4
IR_STJ_MFT_C,,22,86,4
IR_STJ_MFT_C,,22,87,4
IR_STJ_MFT_C,,22,88,4
IR_STJ_MFT_C,,22,89,4
IR_STJ_MFT_C,,22,90,4
IR_STJ_MFT_C,,22,95,4
IR_STJ_MFT_C,,22,99,4
IR_STJ_MFT_C,,23,1,1
IR_STJ_MFT_C,,23,2,1
IR_STJ_MFT_C,,23,3,1
IR_STJ_MFT_C,,23,4,1
IR_STJ_MFT_C,,23,5,1
IR_STJ_MFT_C,,23,6,1
IR_STJ_MFT_C,,23,10,1
IR_STJ_MFT_C,,23,11,1
IR_STJ_MFT_C,,23,12,1
IR_STJ_MFT_C,,23,13,1
IR_STJ_MFT_C,,23,14,1
IR_STJ_MFT_C,,23,15,1
IR_STJ_MFT_C,,23,16,1
IR_STJ_MFT_C,,23,17,1
IR_STJ_MFT_C,,23,18,1
IR_STJ_MFT_C,,23,19,1
IR_STJ_MFT_C,,23,20,1
IR_STJ_MFT_C,,23,21,1
IR_STJ_MFT_C,,23,22,1
IR_STJ_MFT_C,,23,23,1
IR_STJ_MFT_C,,23,26,1
IR_STJ_MFT_C,,23,27,1
IR_STJ_MFT_C,,23,28,1
IR_STJ_MFT_C,,23,29,1
IR_STJ_MFT_C,,23,40,6
IR_STJ_MFT_C,,23,41,6
IR_STJ_MFT_C,,23,42,6
IR_STJ_MFT_C,,23,43,6
IR_STJ_MFT_C,,23,44,6
IR_STJ_MFT_C,,23,45,6
IR_STJ_MFT_C,,23,46,6
IR_STJ_MFT_C,,23,47,6
IR_STJ_MFT_C,,23,48,6
IR_STJ_MFT_C,,23,49,6
IR_STJ_MFT_C,,23,50,6
IR_STJ_MFT_C,,23,51,6
IR_STJ_MFT_C,,23,52,6
IR_STJ_MFT_C,,23,60,6
IR_STJ_MFT_C,,23,61,6
IR_STJ_MFT_C,,23,62,6
IR_STJ_MFT_C,,23,63,6
IR_STJ_MFT_C,,23,64,6
IR_STJ_MFT_C,,23,65,6
IR_STJ_MFT_C,,23,70,4
IR_STJ_MFT_C,,23,71,4
IR_STJ_MFT_C,,23,72,4
IR_STJ_MFT_C,,23,73,4
IR_STJ_MFT_C,,23,74,4
IR_STJ_MFT_C,,23,75,4
IR_STJ_MFT_C,,23,76,4
IR_STJ_MFT_C,,23,77,4
IR_STJ_MFT_C,,23,78,4
IR_STJ_MFT_C,,23,79,4
IR_STJ_MFT_C,,23,85,4
IR_STJ_MFT_C,,23,86,4
IR_STJ_MFT_C,,23,87,4
IR_STJ_MFT_C,,23,88,4
IR_STJ_MFT_C,,23,89,4
IR_STJ_MFT_C,,23,90,4
IR_STJ_MFT_C,,23,95,4
IR_STJ_MFT_C,,23,99,4
IR_STJ_MFT_C,,24,1,1
IR_STJ_MFT_C,,24,2,1
IR_STJ_MFT_C,,24,3,1
IR_STJ_MFT_C,,24,4,1
IR_STJ_MFT_C,,24,5,1
IR_STJ_MFT_C,,24,6,1
IR_STJ_MFT_C,,24,10,1
IR_STJ_MFT_C,,24,11,1
IR_STJ_MFT_C,,24,12,1
IR_STJ_MFT_C,,24,13,1
IR_STJ_MFT_C,,24,14,1
IR_STJ_MFT_C,,24,15,1
IR_STJ_MFT_C,,24,16,1
IR_STJ_MFT_C,,24,17,1
IR_STJ_MFT_C,,24,18,1
IR_STJ_MFT_C,,24,19,1
IR_STJ_MFT_C,,24,20,1
IR_STJ_MFT_C,,24,21,1
IR_STJ_MFT_C,,24,22,1
IR_STJ_MFT_C,,24,23,1
IR_STJ_MFT_C,,24,26,1
IR_STJ_MFT_C,,24,27,1
IR_STJ_MFT_C,,24,28,1
IR_STJ_MFT_C,,24,29,1
IR_STJ_MFT_C,,24,40,6
IR_STJ_MFT_C,,24,41,6
IR_STJ_MFT_C,,24,42,6
IR_STJ_MFT_C,,24,43,6
IR_STJ_MFT_C,,24,44,6
IR_STJ_MFT_C,,24,45,6
IR_STJ_MFT_C,,24,46,6
IR_STJ_MFT_C,,24,47,6
IR_STJ_MFT_C,,24,48,6
IR_STJ_MFT_C,,24,49,6
IR_STJ_MFT_C,,24,50,6
IR_STJ_MFT_C,,24,51,6
IR_STJ_MFT_C,,24,52,6
IR_STJ_MFT_C,,24,60,6
IR_STJ_MFT_C,,24,61,6
IR_STJ_MFT_C,,24,62,6
IR_STJ_MFT_C,,24,63,6
IR_STJ_MFT_C,,24,64,6
IR_STJ_MFT_C,,24,65,6
IR_STJ_MFT_C,,24,70,4
IR_STJ_MFT_C,,24,71,4
IR_STJ_MFT_C,,24,72,4
IR_STJ_MFT_C,,24,73,4
IR_STJ_MFT_C,,24,74,4
IR_STJ_MFT_C,,24,75,4
IR_STJ_MFT_C,,24,76,4
IR_STJ_MFT_C,,24,77,4
IR_STJ_MFT_C,,24,78,4
IR_STJ_MFT_C,,24,79,4
IR_STJ_MFT_C,,24,85,4
IR_STJ_MFT_C,,24,86,4
IR_STJ_MFT_C,,5,75,4
IR_STJ_MFT_C,,5,76,4
IR_STJ_MFT_C,,5,77,4
IR_STJ_MFT_C,,5,78,4
IR_STJ_MFT_C,,5,79,4
IR_STJ_MFT_C,,5,85,4
IR_STJ_MFT_C,,5,86,4
IR_STJ_MFT_C,,5,87,4
IR_STJ_MFT_C,,5,88,4
IR_STJ_MFT_C,,5,89,4
IR_STJ_MFT_C,,5,90,4
IR_STJ_MFT_C,,5,95,4
IR_STJ_MFT_C,,5,99,3
IR_STJ_MFT_C,,6,40,7
IR_STJ_MFT_C,,6,41,7
IR_STJ_MFT_C,,6,42,7
IR_STJ_MFT_C,,6,43,7
IR_STJ_MFT_C,,6,44,7
IR_STJ_MFT_C,,6,45,7
IR_STJ_MFT_C,,6,46,7
IR_STJ_MFT_C,,6,47,7
IR_STJ_MFT_C,,6,48,7
IR_STJ_MFT_C,,6,49,7
IR_STJ_MFT_C,,6,50,7
IR_STJ_MFT_C,,6,51,7
IR_STJ_MFT_C,,6,52,7
IR_STJ_MFT_C,,6,60,7
IR_STJ_MFT_C,,6,61,7
IR_STJ_MFT_C,,6,62,7
IR_STJ_MFT_C,,6,63,7
IR_STJ_MFT_C,,6,64,7
IR_STJ_MFT_C,,6,65,7
IR_STJ_MFT_C,,6,70,5
IR_STJ_MFT_C,,6,71,5
IR_STJ_MFT_C,,6,72,5
IR_STJ_MFT_C,,6,73,5
IR_STJ_MFT_C,,6,74,5
IR_STJ_MFT_C,,6,75,5
IR_STJ_MFT_C,,6,76,5
IR_STJ_MFT_C,,6,77,5
IR_STJ_MFT_C,,6,78,5
IR_STJ_MFT_C,,6,79,5
IR_STJ_MFT_C,,6,85,5
IR_STJ_MFT_C,,6,86,5
IR_STJ_MFT_C,,6,87,5
IR_STJ_MFT_C,,6,88,5
IR_STJ_MFT_C,,6,89,5
IR_STJ_MFT_C,,6,90,5
IR_STJ_MFT_C,,6,95,5
IR_STJ_MFT_C,,6,99,5
IR_STJ_MFT_C,,7,40,6
IR_STJ_MFT_C,,7,41,6
IR_STJ_MFT_C,,7,42,8
IR_STJ_MFT_C,,7,43,8
IR_STJ_MFT_C,,7,44,8
IR_STJ_MFT_C,,7,45,8
IR_STJ_MFT_C,,7,46,8
IR_STJ_MFT_C,,7,47,8
IR_STJ_MFT_C,,7,48,8
IR_STJ_MFT_C,,7,49,8
IR_STJ_MFT_C,,7,50,8
IR_STJ_MFT_C,,7,51,8
IR_STJ_MFT_C,,7,52,8
IR_STJ_MFT_C,,7,60,8
IR_STJ_MFT_C,,7,61,8
IR_STJ_MFT_C,,7,62,8
IR_STJ_MFT_C,,7,63,8
IR_STJ_MFT_C,,7,64,8
IR_STJ_MFT_C,,7,65,8
IR_STJ_MFT_C,,7,70,9
IR_STJ_MFT_C,,7,71,9
IR_STJ_MFT_C,,7,72,9
IR_STJ_MFT_C,,7,73,9
IR_STJ_MFT_C,,7,74,9
IR_STJ_MFT_C,,7,75,9
IR_STJ_MFT_C,,7,76,9
IR_STJ_MFT_C,,7,77,9
IR_STJ_MFT_C,,7,78,9
IR_STJ_MFT_C,,7,79,9
IR_STJ_MFT_C,,7,85,9
IR_STJ_MFT_C,,7,86,9
IR_STJ_MFT_C,,7,87,9
IR_STJ_MFT_C,,7,88,9
IR_STJ_MFT_C,,7,89,9
IR_STJ_MFT_C,,7,90,9
IR_STJ_MFT_C,,7,95,9
IR_STJ_MFT_C,,7,99,9
IR_STJ_MFT_C,,8,1,1
IR_STJ_MFT_C,,8,2,1
IR_STJ_MFT_C,,8,3,1
IR_STJ_MFT_C,,8,4,1
IR_STJ_MFT_C,,8,5,1
IR_STJ_MFT_C,,8,6,1
IR_STJ_MFT_C,,8,10,1
IR_STJ_MFT_C,,8,11,1
IR_STJ_MFT_C,,8,12,1
IR_STJ_MFT_C,,8,13,1
IR_STJ_MFT_C,,8,14,1
IR_STJ_MFT_C,,8,15,1
IR_STJ_MFT_C,,8,16,1
IR_STJ_MFT_C,,8,17,1
IR_STJ_MFT_C,,8,18,1
IR_STJ_MFT_C,,8,19,1
IR_STJ_MFT_C,,8,20,1
IR_STJ_MFT_C,,8,21,1
IR_STJ_MFT_C,,8,22,1
IR_STJ_MFT_C,,8,23,1
IR_STJ_MFT_C,,8,26,1
IR_STJ_MFT_C,,8,27,1
IR_STJ_MFT_C,,8,28,1
IR_STJ_MFT_C,,8,29,1
IR_STJ_MFT_C,,8,40,6
IR_STJ_MFT_C,,8,41,6
IR_STJ_MFT_C,,8,42,6
IR_STJ_MFT_C,,8,43,6
IR_STJ_MFT_C,,8,44,6
IR_STJ_MFT_C,,8,45,6
IR_STJ_MFT_C,,8,46,6
IR_STJ_MFT_C,,8,47,6
IR_STJ_MFT_C,,8,48,6
IR_STJ_MFT_C,,8,49,6
IR_STJ_MFT_C,,8,50,6
IR_STJ_MFT_C,,8,51,6
IR_STJ_MFT_C,,8,52,6
IR_STJ_MFT_C,,8,60,6
IR_STJ_MFT_C,,8,61,6
IR_STJ_MFT_C,,8,62,6
IR_STJ_MFT_C,,8,63,6
IR_STJ_MFT_C,,8,64,6
IR_STJ_MFT_C,,8,65,6
IR_STJ_MFT_C,,8,70,4
IR_STJ_MFT_C,,8,71,4
IR_STJ_MFT_C,,8,72,4
IR_STJ_MFT_C,,8,73,4
IR_STJ_MFT_C,,8,74,4
IR_STJ_MFT_C,,8,75,4
IR_STJ_MFT_C,,8,76,4
IR_STJ_MFT_C,,8,77,4
IR_STJ_MFT_C,,8,78,4
IR_STJ_MFT_C,,8,79,4
IR_STJ_MFT_C,,8,85,4
IR_STJ_MFT_C,,8,86,4
IR_STJ_MFT_C,,8,87,4
IR_STJ_MFT_C,,8,88,4
IR_STJ_MFT_C,,8,89,4
IR_STJ_MFT_C,,8,90,4
IR_STJ_MFT_C,,8,95,4
IR_STJ_MFT_C,,8,99,4
IR_STJ_MFT_C,,9,1,1
IR_STJ_MFT_C,,9,2,1
IR_STJ_MFT_C,,9,3,1
IR_STJ_MFT_C,,9,4,1
IR_STJ_MFT_C,,9,5,1
IR_STJ_MFT_C,,9,6,1
IR_STJ_MFT_C,,9,10,1
IR_STJ_MFT_C,,9,11,1
IR_STJ_MFT_C,,9,12,1
IR_STJ_MFT_C,,9,13,1
IR_STJ_MFT_C,,9,14,1
IR_STJ_MFT_C,,9,15,1
IR_STJ_MFT_C,,9,16,1
IR_STJ_MFT_C,,9,17,1
IR_STJ_MFT_C,,9,18,1
IR_STJ_MFT_C,,9,19,1
IR_STJ_MFT_C,,9,20,1
IR_STJ_MFT_C,,9,21,1
IR_STJ_MFT_C,,9,22,1
IR_STJ_MFT_C,,9,23,1
IR_STJ_MFT_C,,9,26,1
IR_STJ_MFT_C,,9,27,1
IR_STJ_MFT_C,,9,28,1
IR_STJ_MFT_C,,9,29,1
IR_STJ_MFT_C,,9,40,6
IR_STJ_MFT_C,,9,41,6
IR_STJ_MFT_C,,9,42,6
IR_STJ_MFT_C,,9,43,6
IR_STJ_MFT_C,,9,44,6
IR_STJ_MFT_C,,9,45,6
IR_STJ_MFT_C,,9,46,6
IR_STJ_MFT_C,,9,47,6
IR_STJ_MFT_C,,9,48,6
IR_STJ_MFT_C,,9,49,6
IR_STJ_MFT_C,,9,50,6
IR_STJ_MFT_C,,9,51,6
IR_STJ_MFT_C,,9,52,6
IR_STJ_MFT_C,,9,60,6
IR_STJ_MFT_C,,9,61,6
IR_STJ_MFT_C,,9,62,6
IR_STJ_MFT_C,,9,63,6
IR_STJ_MFT_C,,9,64,6
IR_STJ_MFT_C,,9,65,6
IR_STJ_MFT_C,,9,70,4
IR_STJ_MFT_C,,9,71,4
IR_STJ_MFT_C,,9,72,4
IR_STJ_MFT_C,,9,73,4
IR_STJ_MFT_C,,9,74,4
IR_STJ_MFT_C,,9,75,4
IR_STJ_MFT_C,,9,76,4
IR_STJ_MFT_C,,9,77,4
IR_STJ_MFT_C,,9,78,4
IR_STJ_MFT_C,,9,79,4
IR_STJ_MFT_C,,9,85,4
IR_STJ_MFT_C,,9,86,4
IR_STJ_MFT_C,,9,87,4
IR_STJ_MFT_C,,9,88,4
IR_STJ_MFT_C,,9,89,4
IR_STJ_MFT_C,,9,90,4
IR_STJ_MFT_C,,9,95,4
IR_STJ_MFT_C,,9,99,4
IR_STJ_MFT_C,,10,1,1
IR_STJ_MFT_C,,10,2,1
IR_STJ_MFT_C,,10,3,1
IR_STJ_MFT_C,,10,4,1
IR_STJ_MFT_C,,10,5,1
IR_STJ_MFT_C,,10,6,1
IR_STJ_MFT_C,,10,10,1
IR_STJ_MFT_C,,10,11,1
IR_STJ_MFT_C,,10,12,1
IR_STJ_MFT_C,,10,13,1
IR_STJ_MFT_C,,10,14,1
IR_STJ_MFT_C,,10,15,1
IR_STJ_MFT_C,,10,16,1
IR_STJ_MFT_C,,10,17,1
IR_STJ_MFT_C,,10,18,1
IR_STJ_MFT_C,,10,19,1
IR_STJ_MFT_C,,10,20,1
IR_STJ_MFT_C,,10,21,1
IR_STJ_MFT_C,,10,22,1
IR_STJ_MFT_C,,10,23,1
IR_STJ_MFT_C,,10,26,1
IR_STJ_MFT_C,,10,27,1
IR_STJ_MFT_C,,10,28,1
IR_STJ_MFT_C,,10,29,1
IR_STJ_MFT_C,,10,40,6
IR_STJ_MFT_C,,10,41,6
IR_STJ_MFT_C,,10,42,6
IR_STJ_MFT_C,,10,43,6
IR_STJ_MFT_C,,10,44,6
IR_STJ_MFT_C,,10,45,6
IR_STJ_MFT_C,,10,46,6
IR_STJ_MFT_C,,10,47,6
IR_STJ_MFT_C,,10,48,6
IR_STJ_MFT_C,,10,49,6
IR_STJ_MFT_C,,10,50,6
IR_STJ_MFT_C,,10,51,6
IR_STJ_MFT_C,,10,52,6
IR_STJ_MFT_C,,10,60,6
IR_STJ_MFT_C,,10,61,6
IR_STJ_MFT_C,,10,62,6
IR_STJ_MFT_C,,10,63,6
IR_STJ_MFT_C,,10,64,6
IR_STJ_MFT_C,,10,65,6
IR_STJ_MFT_C,,10,70,4
IR_STJ_MFT_C,,10,71,4
IR_STJ_MFT_C,,10,72,4
IR_STJ_MFT_C,,10,73,4
IR_STJ_MFT_C,,10,74,4
IR_STJ_MFT_C,,10,75,4
IR_STJ_MFT_C,,10,76,4
IR_STJ_MFT_C,,10,77,4
IR_STJ_MFT_C,,10,78,4
IR_STJ_MFT_C,,10,79,4
IR_STJ_MFT_C,,10,85,4
IR_STJ_MFT_C,,10,86,4
IR_STJ_MFT_C,,10,87,4
IR_STJ_MFT_C,,10,88,4
IR_STJ_MFT_C,,10,89,4
IR_STJ_MFT_C,,10,90,4
IR_STJ_MFT_C,,10,95,4
IR_STJ_MFT_C,,10,99,4
IR_STJ_MFT_C,,11,1,1
IR_STJ_MFT_C,,11,2,1
IR_STJ_MFT_C,,11,3,1
IR_STJ_MFT_C,,11,4,1
IR_STJ_MFT_C,,11,5,1
IR_STJ_MFT_C,,11,6,1
IR_STJ_MFT_C,,11,10,1
IR_STJ_MFT_C,,11,11,1
IR_STJ_MFT_C,,11,12,1
IR_STJ_MFT_C,,11,13,1
IR_STJ_MFT_C,,11,14,1
IR_STJ_MFT_C,,11,15,1
IR_STJ_MFT_C,,11,16,1
IR_STJ_MFT_C,,11,17,1
IR_STJ_MFT_C,,11,18,1
IR_STJ_MFT_C,,11,19,1
IR_STJ_MFT_C,,11,20,1
IR_STJ_MFT_C,,11,21,1
IR_STJ_MFT_C,,11,22,1
IR_STJ_MFT_C,,11,23,1
IR_STJ_MFT_C,,11,26,1
IR_STJ_MFT_C,,11,27,1
IR_STJ_MFT_C,,11,28,1
IR_STJ_MFT_C,,11,29,1
IR_STJ_MFT_C,,11,40,6
IR_STJ_MFT_C,,11,41,6
IR_STJ_MFT_C,,11,42,6
IR_STJ_MFT_C,,11,43,6
IR_STJ_MFT_C,,11,44,6
IR_STJ_MFT_C,,11,45,6
IR_STJ_MFT_C,,11,46,6
IR_STJ_MFT_C,,11,47,6
IR_STJ_MFT_C,,11,48,6
IR_STJ_MFT_C,,11,49,6
IR_STJ_MFT_C,,11,50,6
IR_STJ_MFT_C,,11,51,6
IR_STJ_MFT_C,,11,52,6
IR_STJ_MFT_C,,11,60,6
IR_STJ_MFT_C,,11,61,6
IR_STJ_MFT_C,,11,62,6
IR_STJ_MFT_C,,11,63,6
IR_STJ_MFT_C,,11,64,6
IR_STJ_MFT_C,,11,65,6
IR_STJ_MFT_C,,11,70,4
IR_STJ_MFT_C,,11,71,4
IR_STJ_MFT_C,,11,72,4
IR_STJ_MFT_C,,11,73,4
IR_STJ_MFT_C,,11,74,4
IR_STJ_MFT_C,,11,75,4
IR_STJ_MFT_C,,11,76,4
IR_STJ_MFT_C,,11,77,4
IR_STJ_MFT_C,,11,78,4
IR_STJ_MFT_C,,11,79,4
IR_STJ_MFT_C,,11,85,4
IR_STJ_MFT_C,,11,86,4
IR_STJ_MFT_C,,11,87,4
IR_STJ_MFT_C,,11,88,4
IR_STJ_MFT_C,,11,89,4
IR_STJ_MFT_C,,11,90,4
IR_STJ_MFT_C,,11,95,4
IR_STJ_MFT_C,,11,99,4
IR_STJ_MFT_C,,14,1,1
IR_STJ_MFT_C,,14,2,1
IR_STJ_MFT_C,,14,3,1
IR_STJ_MFT_C,,14,4,1
IR_STJ_MFT_C,,14,5,1
IR_STJ_MFT_C,,14,6,1
IR_STJ_MFT_C,,14,10,1
IR_STJ_MFT_C,,14,11,1
IR_STJ_MFT_C,,14,12,1
IR_STJ_MFT_C,,14,13,1
IR_STJ_MFT_C,,14,14,1
IR_STJ_MFT_C,,14,15,1
IR_STJ_MFT_C,,14,16,1
IR_STJ_MFT_C,,14,17,1
IR_STJ_MFT_C,,14,18,1
IR_STJ_MFT_C,,14,19,1
IR_STJ_MFT_C,,14,20,1
IR_STJ_MFT_C,,14,21,1
IR_STJ_MFT_C,,14,22,1
IR_STJ_MFT_C,,14,23,1
IR_STJ_MFT_C,,14,26,1
IR_STJ_MFT_C,,14,27,1
IR_STJ_MFT_C,,14,28,1
IR_STJ_MFT_C,,14,29,1
IR_STJ_MFT_C,,14,40,6
IR_STJ_MFT_C,,14,41,6
IR_STJ_MFT_C,,14,42,6
IR_STJ_MFT_C,,14,43,6
IR_STJ_MFT_C,,14,44,6
IR_STJ_MFT_C,,14,45,6
IR_STJ_MFT_C,,14,46,6
IR_STJ_MFT_C,,14,47,6
IR_STJ_MFT_C,,14,48,6
IR_STJ_MFT_C,,14,49,6
IR_STJ_MFT_C,,14,50,6
IR_STJ_MFT_C,,14,51,6
IR_STJ_MFT_C,,14,52,6
IR_STJ_MFT_C,,14,60,6
IR_STJ_MFT_C,,14,61,6
IR_STJ_MFT_C,,14,62,6
IR_STJ_MFT_C,,14,63,6
IR_STJ_MFT_C,,14,64,6
IR_STJ_MFT_C,,14,65,6
IR_STJ_MFT_C,,14,70,4
IR_STJ_MFT_C,,14,71,4
IR_STJ_MFT_C,,14,72,4
IR_STJ_MFT_C,,14,73,4
IR_STJ_MFT_C,,14,74,4
IR_STJ_MFT_C,,14,75,4
IR_STJ_MFT_C,,14,76,4
IR_STJ_MFT_C,,14,77,4
IR_STJ_MFT_C,,14,78,4
IR_STJ_MFT_C,,14,79,4
IR_STJ_MFT_C,,14,85,4
IR_STJ_MFT_C,,14,86,4
IR_STJ_MFT_C,,14,87,4
IR_STJ_MFT_C,,14,88,4
IR_STJ_MFT_C,,14,89,4
IR_STJ_MFT_C,,14,90,4
IR_STJ_MFT_C,,14,95,4
IR_STJ_MFT_C,,14,99,4
IR_STJ_MFT_C,,15,40,3
IR_STJ_MFT_C,,15,41,3
IR_STJ_MFT_C,,15,42,3
IR_STJ_MFT_C,,15,43,3
IR_STJ_MFT_C,,15,44,3
IR_STJ_MFT_C,,15,45,3
IR_STJ_MFT_C,,15,46,3
IR_STJ_MFT_C,,15,47,3
IR_STJ_MFT_C,,15,48,3
IR_STJ_MFT_C,,15,49,3
IR_STJ_MFT_C,,15,50,3
IR_STJ_MFT_C,,15,51,3
IR_STJ_MFT_C,,15,52,3
IR_STJ_MFT_C,,15,60,3
IR_STJ_MFT_C,,15,61,3
IR_STJ_MFT_C,,15,62,3
IR_STJ_MFT_C,,15,63,3
IR_STJ_MFT_C,,15,64,3
IR_STJ_MFT_C,,15,65,3
