nom_table,CPT_COP_NUM,PFS_SPA_COD,PFS_SPA_LIB
IR_SPA_D,,0,NON RENSEIGNE
IR_SPA_D,,1,MEDECINE GENERALE
IR_SPA_D,,2,ANESTHESIOLOGIE - REANIMATION CHIRURGICALE
IR_SPA_D,,3,PATHOLOGIE CARDIO-VASCULAIRE
IR_SPA_D,,4,CHIRURGIE GENERALE
IR_SPA_D,,5,DERMATOLOGIE ET VENEROLOGIE
IR_SPA_D,,6,RADIODIAGNOSTIC ET IMAGERIE MEDICALE
IR_SPA_D,,7,GYNECOLOGIE OBSTETRIQUE
IR_SPA_D,,8,GASTRO-ENTEROLOGIE ET HEPATOLOGIE
IR_SPA_D,,9,MEDECINE INTERNE
IR_SPA_D,,10,NEUROCHIRURGIE
IR_SPA_D,,11,OTO RHINO-LARYNGOLOGIE
IR_SPA_D,,12,PEDIATRIE
IR_SPA_D,,13,PNEUMOLOGIE
IR_SPA_D,,14,RHUMATOLOGIE
IR_SPA_D,,15,OPHTALMOLOGIE
IR_SPA_D,,16,CHIRURGIE UROLOGIQUE
IR_SPA_D,,17,NEUROPSYCHIATRIE
IR_SPA_D,,18,STOMATOLOGIE
IR_SPA_D,,19,CHIRURGIE DENTAIRE
IR_SPA_D,,20,REANIMATION INTENSIVE MEDICALE
IR_SPA_D,,21,SAGE-FEMME
IR_SPA_D,,22,SPECIALISTE EN MEDECINE GENERALE AVEC DIPL�ME
IR_SPA_D,,23,SPECIALITE EN MED. GENERALE RECONNUE PAR L'ORDRE
IR_SPA_D,,24,INFIRMIER
IR_SPA_D,,25,PSYCHOLOGUE CLINICIEN / PSYCHOTHERAPEUTE
IR_SPA_D,,26,MASSEUR - KINESITHERAPEUTE
IR_SPA_D,,27,PEDICURE-PODOLOGUE
IR_SPA_D,,28,ORTHOPHONISTE
IR_SPA_D,,29,ORTHOPTISTE
IR_SPA_D,,30,LABORATOIRE
IR_SPA_D,,31,MEDECINE PHYSIQUE ET DE READAPTATION
IR_SPA_D,,32,NEUROLOGIE
IR_SPA_D,,33,PSYCHIATRIE GENERALE
IR_SPA_D,,34,GERIATRIE
IR_SPA_D,,35,NEPHROLOGIE
IR_SPA_D,,36,CHIRURGIE DENTAIRE (SPECIALISTE O.D.F.)
IR_SPA_D,,37,ANATOMIE-CYTOLOGIE-PATHOLOGIQUE
IR_SPA_D,,38,DIRECTEUR LABORATOIRE MEDECIN
IR_SPA_D,,39,LABORATOIRE POLYVALENT
IR_SPA_D,,40,LABORATOIRE ANATOMO-PATHOLOGISTE
IR_SPA_D,,41,CHIRURGIE ORTHOPEDIQUE ET TRAUMATOLOGIE
IR_SPA_D,,42,ENDOCRINOLOGIE ET METABOLISMES
IR_SPA_D,,43,CHIRURGIE INFANTILE
IR_SPA_D,,44,CHIRURGIE MAXILLO-FACIALE
IR_SPA_D,,45,CHIRURGIE MAXILLO-FACIALE ET STOMATOLOGIE
IR_SPA_D,,46,CHIRURGIE PLASTIQUE RECONSTRUCTRICE  ET ESTHETIQUE
IR_SPA_D,,47,CHIRURGIE THORACIQUE ET CARDIO-VASCULAIRE
IR_SPA_D,,48,CHIRURGIE VASCULAIRE
IR_SPA_D,,49,CHIRURGIE VISCERALE ET DIGESTIVE
IR_SPA_D,,50,PHARMACIE D OFFICINE
IR_SPA_D,,51,PHARMACIE MUTUALISTE
IR_SPA_D,,52,PHARMACIE HOSPITALIERE
IR_SPA_D,,53,CHIRURGIE DENTAIRE
IR_SPA_D,,54,CHIRURGIE DENTAIRE
IR_SPA_D,,55,AMBULANCIER
IR_SPA_D,,56,TAXI
IR_SPA_D,,57,AUTRE TRANSPORTEUR
IR_SPA_D,,60,FOURNISSEUR (SOCIETE)
IR_SPA_D,,61,FOURNISSEUR (ARTISAN)
IR_SPA_D,,62,FOURNISSEUR (ASSOCIATION)
IR_SPA_D,,63,FOURNISSEUR (ORTHESES)
IR_SPA_D,,64,FOURNISSEUR (OPTIQUE MEDICALE)
IR_SPA_D,,65,FOURNISSEUR (AUDIOPROTHESES)
IR_SPA_D,,66,FOURNISSEUR (PROTHESES OCULAIRES ET FACIALES)
IR_SPA_D,,67,FOURNISSEUR (PODO-ORTHESES)
IR_SPA_D,,68,FOURNISSEUR (ORTHO-PROTHESES)
IR_SPA_D,,69,CHIRURGIE ORALE
IR_SPA_D,,70,GYNECOLOGIE MEDICALE
IR_SPA_D,,71,HEMATOLOGIE
IR_SPA_D,,72,MEDECINE NUCLEAIRE
IR_SPA_D,,73,ONCOLOGIE MEDICALE
IR_SPA_D,,74,ONCOLOGIE RADIOTHERAPIQUE
IR_SPA_D,,75,PSYCHIATRIE DE L ENFANT ET DE L ADOLESCENT
IR_SPA_D,,76,RADIOTHERAPIE
IR_SPA_D,,77,OBSTETRIQUE
IR_SPA_D,,78,GENETIQUE MEDICALE
IR_SPA_D,,79,GYNECOLOGIE OBSTETRIQUE ET GYNECOLOGIE MEDICALE
IR_SPA_D,,80,SANTE PUBLIQUE ET MEDECINE SOCIALE
IR_SPA_D,,81,MEDECINE DES MALADIES INFECTIEUESES ET TROPICALES
IR_SPA_D,,82,MEDECINE LEGALE ET EXPERTISES MEDICALES
IR_SPA_D,,83,MEDECINE D'URGENCE
IR_SPA_D,,84,MEDECINE VASCULAIRE
IR_SPA_D,,85,ALLERGOLOGIE
IR_SPA_D,,91,MEDECINE HOSPITALIERE
IR_SPA_D,,92,CENTRE DE SANTE
IR_SPA_D,,93,AUTRES ETABLISSEMENT DE SANTE
IR_SPA_D,,99,VALEUR INCONNUE
