nom_table,TEC_COL,CPT_COP_NUM,TYT_COD,TYT_LIB
IR_TYT_V,0,,1,REGIME GENERAL
IR_TYT_V,0,,2,MSA
IR_TYT_V,0,,3,SECURITE SOCIALE - INDEPENDANTS
IR_TYT_V,0,,4,SNCF
IR_TYT_V,0,,5,RATP
IR_TYT_V,0,,6,ENIM
IR_TYT_V,0,,7,MINES
IR_TYT_V,0,,8,CNMSS
IR_TYT_V,0,,9,BDF
IR_TYT_V,0,,10,CRPCEN
IR_TYT_V,0,,12,CCIP
IR_TYT_V,0,,14,ASSEMBLEE NATIONALE
IR_TYT_V,0,,15,SENAT
IR_TYT_V,0,,16,PORT AUTONOME DE BORDEAUX
IR_TYT_V,0,,17,FRANCAIS DE L ETRANGER
IR_TYT_V,0,,90,CAVIMAC
IR_TYT_V,1,,99,TRANSMETTEUR INCONNU
IR_TYT_V,0,,21,APRIA-AMEXA
IR_TYT_V,0,,22,APRIA-ATEXA
IR_TYT_V,0,,91,M.G.E.N.
IR_TYT_V,0,,92,M.G. (MUTUELLE GENERALE)
IR_TYT_V,0,,93,M.G. POLICE
IR_TYT_V,0,,94,M.F.P.
IR_TYT_V,0,,95,M.N. HOSPITALIERS
IR_TYT_V,0,,96,MUTUELLE DE LA MARINE
