nom_table,TEC_COL,CPT_COP_NUM,PRS_NAT_TDM,NAT_TDM_LIB
IR_TDM_V,0,,1,HONORAIRES MEDICAUX
IR_TDM_V,0,,2,HONORAIRES DENTAIRES
IR_TDM_V,0,,3,AUXILIAIRES MEDICAUX
IR_TDM_V,0,,4,ANALYSES ET PRELEVEMENTS
IR_TDM_V,0,,5,PHARMACIE
IR_TDM_V,0,,6,LPP ( articles de prothese)
IR_TDM_V,0,,7,FRAIS DE DEPLACEMENT DES MALADES
IR_TDM_V,0,,8,CURES THERMALES
IR_TDM_V,0,,9,DEPENSES FORFAITAIRES
IR_TDM_V,0,,10,FRAIS HOSPITALIERS
IR_TDM_V,0,,11,PRESTATIONS NON INDIVIDUALISEES
IR_TDM_V,0,,12,AUTRES PRESTATIONS
IR_TDM_V,0,,13,PRESTATIONS EN ESPECES
IR_TDM_V,0,,14,DECES
IR_TDM_V,0,,15,INVALIDITE
IR_TDM_V,0,,16,CHARGES TECHNIQUES
IR_TDM_V,0,,17,RENTES
IR_TDM_V,0,,18,IVG
IR_TDM_V,0,,19,ACTION SANITAIRE ET SOCIALE
IR_TDM_V,0,,20,PREVENTION
IR_TDM_V,0,,21,BUDGET GLOBAL
IR_TDM_V,2,,22,SANS OBJET
IR_TDM_V,1,,99,VALEUR INCONNUE
