nom_table,TEC_COL,CPT_COP_NUM,ETB_ACT_TYP,ETB_ACT_LIB
IR_TAE_V,0,,3,HOSPITALISATION COMPLETE
IR_TAE_V,0,,4,HOSPITALISATION DE JOUR
IR_TAE_V,0,,5,HOSPITALISATION DE NUIT
IR_TAE_V,0,,6,HOSPITALISATION A DOMICILE
IR_TAE_V,0,,7,"CONSULTATIONS, SOINS EXTERNES"
IR_TAE_V,0,,15,PLACEMENT FAMILIAL
IR_TAE_V,0,,19,TRAITEMENTS ET SOINS AMBULATOIRES
IR_TAE_V,0,,20,HOSPITALISATION DE SEMAINE
IR_TAE_V,0,,21,ACCUEIL DE JOUR
IR_TAE_V,1,,99,VALEUR INCONNUE
IR_TAE_V,0,,23,ANESTHESIE OU CHIRURGIE AMBULATOIRE
IR_TAE_V,0,,24,ACCUEIL ET PEC EN SERVICE D'ACCUEIL  FAMILIALE ET
IR_TAE_V,0,,37,ACCUEIL ET PEC EN APPARTEMENT THERAPEUTIQUE PSYCHI
IR_TAE_V,0,,38,ACCUEIL ET PEC EN CENTRE DE POST CURE PSYCHIATRIQU
IR_TAE_V,0,,39,ACCUEIL ET PEC EN CENTRE DE CRISE PSYCHIATRIQUE
