nom_table,TEC_COL,CPT_COP_NUM,URC_ARH_COD,URC_LIB,ARH_LIB
IR_URC_V,0,,1,GUADELOUPE,GUADELOUPE
IR_URC_V,0,,2,MARTINIQUE,MARTINIQUE
IR_URC_V,0,,3,GUYANE,GUYANE
IR_URC_V,0,,4,REUNION,REUNION
IR_URC_V,0,,6,CSS MAYOTTE,CSS MAYOTTE
IR_URC_V,0,,11,ILE DE FRANCE,ILE DE FRANCE
IR_URC_V,0,,21,CHAMPAGNE-ARDENNE,CHAMPAGNE-ARDENNE
IR_URC_V,0,,22,PICARDIE,PICARDIE
IR_URC_V,0,,23,HAUTE-NORMANDIE,HAUTE-NORMANDIE
IR_URC_V,0,,24,CENTRE-VAL DE LOIRE,CENTRE-VAL DE LOIRE
IR_URC_V,0,,25,BASSE-NORMANDIE,BASSE-NORMANDIE
IR_URC_V,0,,26,BOURGOGNE,BOURGOGNE
IR_URC_V,0,,31,NORD-PAS-DE-CALAIS,NORD-PAS-DE-CALAIS
IR_URC_V,0,,41,LORRAINE,LORRAINE
IR_URC_V,0,,42,ALSACE,ALSACE
IR_URC_V,0,,43,FRANCHE-COMTE,FRANCHE-COMTE
IR_URC_V,0,,52,PAYS-DE-LA-LOIRE,PAYS-DE-LA-LOIRE
IR_URC_V,0,,53,BRETAGNE,BRETAGNE
IR_URC_V,0,,54,POITOU-CHARENTES,POITOU-CHARENTES
IR_URC_V,0,,72,AQUITAINE,AQUITAINE
IR_URC_V,0,,73,MIDI-PYRENEES,MIDI-PYRENEES
IR_URC_V,0,,74,LIMOUSIN,LIMOUSIN
IR_URC_V,0,,82,RHONE-ALPES,RHONE-ALPES
IR_URC_V,0,,83,AUVERGNE,AUVERGNE
IR_URC_V,0,,91,LANGUEDOC-ROUSSILLON,LANGUEDOC-ROUSSILLON
IR_URC_V,0,,93,PROVENCE-ALPES-COTE D  AZUR,PROVENCE-ALPES-COTE D AZUR
IR_URC_V,0,,94,CORSE,CORSE
IR_URC_V,1,,99,INCONNU,INCONNU
IR_URC_V,0,,27,BOURGOGNE-FRANCHE-COMTE,BOURGOGNE-FRANCHE-COMTE
IR_URC_V,0,,28,NORMANDIE,NORMANDIE
IR_URC_V,0,,32,HAUTS-DE-FRANCE,HAUTS-DE-FRANCE
IR_URC_V,0,,44,GRAND-EST,GRAND-EST
IR_URC_V,0,,75,NOUVELLE AQUITAINE,NOUVELLE-AQUITAINE
IR_URC_V,0,,76,OCCITANIE,OCCITANIE
IR_URC_V,0,,84,AUVERGNE-RHONE-ALPES,AUVERGNE-RHONE-ALPES
