nom_table,TEC_COL,CPT_COP_NUM,PSP_ZTP_COD,PFS_ZTP_LIB
IR_ZTP_V,2,,0,SANS OBJET
IR_ZTP_V,0,,10,ZONE A-PARIS ET RP _ID /IK (C
IR_ZTP_V,0,,11,ZONE A-PARIS ET RP _ID  (C)
IR_ZTP_V,0,,20,ZONE B .AUTRES DEPARTEMENTS ET LOCALITES (C)
IR_ZTP_V,0,,22,ZONE B  LYON-MARSEILLE (C)
IR_ZTP_V,0,,23,ZONE B .AGGLOMERATION +300.000 HAB. (C)
IR_ZTP_V,0,,24,ZONE B .AGGLOMERATION+100.000 HAB. (C)
IR_ZTP_V,0,,25,ZONE B .AGGLOMERATION 50.000  HAB. (C)
IR_ZTP_V,0,,30,ZONE B .AUTRES DEPARTEMENTS ET LOCALITES (CHL)
IR_ZTP_V,0,,31,ZONE A  PARIS (CHL)
IR_ZTP_V,0,,32,ZONE B LYON-MARSEILLE (CHL)
IR_ZTP_V,0,,33,ZONE B .AGGLOMERATION +300.000 HAB (CHL)
IR_ZTP_V,0,,34,ZONE B .AGGLOMERATION+100.000 HAB) (CHL)
IR_ZTP_V,0,,35,ZONE B .AGGLOMERATION+50.000  HAB) (CHL)
IR_ZTP_V,0,,40,ZONE A-PARIS ET RP (NC)
IR_ZTP_V,0,,50,ZONE B  LYON-MARSEILLE (NC)
IR_ZTP_V,0,,60,ZONE C .AGGLOMERATION+100.000 HAB. (NC)
IR_ZTP_V,0,,70,ZONE D .AUTRES DEPARTEMENTS ET LOCALITES (NC)
IR_ZTP_V,0,,80,ZONE B.AUTRES DEPARTEMENTS ET LOCALITES (CDP)
IR_ZTP_V,0,,81,ZONE A PARIS (CDP)
IR_ZTP_V,0,,82,ZONE B  LYON-MARSEILLE (CDP)
IR_ZTP_V,0,,83,ZONE B .AGGLOMERATION +300.000 HAB. (CDP)
IR_ZTP_V,0,,84,ZONE B  AGGLOMERATION+100.000 HAB. (CDP)
IR_ZTP_V,0,,85,ZONE B .AGGLOMERATION+50.000  HAB. (CDP)
IR_ZTP_V,1,,99,VALEUR INCONNUE
